Train_No,Total_Distance,Number_of_Stops,Start_Departure_Minute,End_Arrival_Minute,Journey_Duration_Minutes
107,78,4,625.0,730.0,105.0
108,83,4,1230.0,1345.0,115.0
128,978,22,1180.0,1065.0,1325.0
290,2694,14,1110.0,150.0,9120.0
401,1618,12,1290.0,600.0,2190.0
421,1276,5,1380.0,480.0,1980.0
422,1277,5,705.0,870.0,1605.0
477,2616,14,730.0,920.0,3070.0
502,1206,9,630.0,570.0,1380.0
504,1313,3,540.0,600.0,1500.0
506,1161,3,855.0,945.0,1530.0
557,1301,2,1410.0,660.0,690.0
604,1429,3,750.0,960.0,1650.0
1011,841,18,20.0,860.0,840.0
1037,513,10,70.0,630.0,560.0
1038,503,10,845.0,20.0,615.0
1045,563,11,70.0,660.0,590.0
1119,1329,24,1190.0,1230.0,1480.0
1120,1319,24,1290.0,1320.0,1470.0
1122,569,14,1350.0,630.0,720.0
1196,1332,26,1190.0,1290.0,1540.0
1301,976,17,1130.0,750.0,1060.0
1302,973,17,945.0,790.0,1285.0
1442,1581,13,675.0,135.0,2340.0
1655,1050,13,645.0,375.0,1170.0
1656,1050,13,1170.0,845.0,1115.0
1705,1261,14,15.0,1300.0,1285.0
1706,1262,14,860.0,675.0,1255.0
1707,1360,17,555.0,705.0,1590.0
1708,1362,17,885.0,1040.0,1595.0
2025,579,7,300.0,800.0,500.0
2026,569,7,870.0,1380.0,510.0
2191,1123,16,1210.0,960.0,1190.0
2192,1123,16,1240.0,950.0,1150.0
2195,551,10,800.0,1380.0,580.0
2196,549,10,1425.0,585.0,600.0
2515,3939,58,5.0,300.0,4615.0
2651,62,3,465.0,550.0,85.0
2652,62,3,1005.0,1090.0,85.0
2731,1854,29,985.0,385.0,2280.0
2732,1853,29,875.0,120.0,2125.0
2821,2066,14,630.0,1095.0,1905.0
2822,2073,14,1110.0,165.0,1935.0
2833,2332,29,1340.0,995.0,2535.0
2834,2351,29,1265.0,825.0,2440.0
2841,1656,12,760.0,920.0,1600.0
2842,1656,12,1100.0,1410.0,1750.0
2845,1770,17,645.0,1100.0,1895.0
2846,1791,17,1260.0,165.0,1785.0
3101,523,9,1435.0,710.0,715.0
3102,522,9,1365.0,625.0,700.0
3301,58,13,610.0,695.0,85.0
3302,58,13,705.0,790.0,85.0
3305,3,2,690.0,710.0,20.0
3306,3,2,725.0,745.0,20.0
3307,4,4,880.0,915.0,35.0
3308,4,4,795.0,825.0,30.0
3501,1193,5,1110.0,850.0,1180.0
3502,1193,5,1190.0,1050.0,1300.0
4401,710,13,1340.0,780.0,880.0
4402,710,13,1430.0,845.0,855.0
4409,653,7,1270.0,690.0,860.0
4410,653,7,810.0,195.0,825.0
4419,1916,13,640.0,1015.0,1815.0
4420,1924,13,935.0,1180.0,1685.0
4735,691,17,1185.0,625.0,880.0
4736,691,17,1190.0,565.0,815.0
4767,67,10,865.0,965.0,100.0
4768,67,10,670.0,780.0,110.0
4769,67,10,1065.0,1170.0,105.0
4770,67,10,930.0,1025.0,95.0
4771,232,24,155.0,525.0,370.0
4772,232,24,1125.0,60.0,375.0
4773,125,16,1175.0,1360.0,185.0
4774,125,10,80.0,235.0,155.0
4801,21,3,390.0,450.0,60.0
4802,21,3,1160.0,1220.0,60.0
4831,882,22,810.0,645.0,1275.0
4832,881,22,1005.0,705.0,1140.0
4851,197,21,410.0,690.0,280.0
4852,197,21,1015.0,1320.0,305.0
4853,42,6,715.0,790.0,75.0
4854,42,6,945.0,1005.0,60.0
4921,81,13,285.0,390.0,105.0
4922,81,13,1245.0,1360.0,115.0
4991,99,14,880.0,1030.0,150.0
4992,99,14,590.0,730.0,140.0
5061,112,5,405.0,590.0,185.0
5062,112,5,1040.0,1205.0,165.0
5065,503,15,1170.0,495.0,765.0
5066,505,15,1225.0,505.0,720.0
5105,64,4,705.0,815.0,110.0
5106,64,4,850.0,940.0,90.0
5305,136,11,895.0,1105.0,210.0
5306,136,11,695.0,870.0,175.0
5309,81,6,1255.0,1365.0,110.0
5310,81,6,1050.0,1165.0,115.0
5521,81,12,1240.0,25.0,225.0
5522,81,12,310.0,480.0,170.0
5613,85,11,360.0,485.0,125.0
5614,85,9,1150.0,1285.0,135.0
5619,153,20,800.0,1050.0,250.0
5620,153,20,525.0,770.0,245.0
5631,380,10,1050.0,355.0,745.0
5632,379,10,1160.0,465.0,745.0
5715,87,2,180.0,310.0,130.0
5716,87,2,240.0,390.0,150.0
5719,204,11,1395.0,195.0,240.0
5720,205,11,1080.0,1380.0,300.0
5863,89,15,1100.0,1285.0,185.0
5864,88,15,300.0,465.0,165.0
5865,426,53,495.0,1220.0,725.0
5866,425,53,360.0,1065.0,705.0
6001,649,14,1310.0,630.0,760.0
6002,649,15,900.0,210.0,750.0
6006,699,14,1165.0,630.0,905.0
6009,1844,27,850.0,1215.0,1805.0
6010,1843,27,1155.0,270.0,1995.0
6041,849,19,1100.0,660.0,1000.0
6042,851,20,975.0,510.0,975.0
6043,849,18,1350.0,870.0,960.0
6044,852,19,915.0,440.0,965.0
6046,852,19,885.0,525.0,1080.0
6047,849,19,1100.0,630.0,970.0
6048,852,20,810.0,390.0,1020.0
6049,855,19,885.0,350.0,905.0
6050,857,20,780.0,330.0,990.0
6053,626,14,1115.0,310.0,635.0
6054,627,14,940.0,300.0,800.0
6057,1656,19,1430.0,330.0,1780.0
6058,1655,19,915.0,1140.0,1665.0
6065,500,13,1040.0,405.0,805.0
6066,501,13,955.0,150.0,635.0
6067,522,9,1185.0,340.0,595.0
6068,522,9,1050.0,325.0,715.0
6081,45,4,815.0,885.0,70.0
6082,45,4,905.0,975.0,70.0
6412,2462,21,670.0,980.0,3190.0
6512,77,14,480.0,620.0,140.0
6513,17,6,430.0,465.0,35.0
6541,881,14,1080.0,695.0,1055.0
6542,878,14,815.0,380.0,1005.0
6547,632,14,1365.0,630.0,705.0
6548,634,13,885.0,270.0,825.0
6579,1089,21,1115.0,875.0,1200.0
6580,1086,21,825.0,545.0,1160.0
6581,607,85,1215.0,571.0,796.0
6582,604,85,1150.0,506.0,796.0
6591,62,9,390.0,480.0,90.0
6592,61,9,495.0,590.0,95.0
6593,10,4,1095.0,1120.0,25.0
6594,10,4,505.0,530.0,25.0
6595,33,7,635.0,685.0,50.0
6596,33,7,795.0,865.0,70.0
6647,89,8,330.0,460.0,130.0
6648,89,8,960.0,1110.0,150.0
6769,116,11,290.0,450.0,160.0
6770,116,11,1165.0,1350.0,185.0
6851,10,3,360.0,380.0,20.0
6852,10,3,1265.0,1290.0,25.0
6853,10,3,885.0,908.0,23.0
6854,10,3,850.0,875.0,25.0
6919,247,38,385.0,801.0,416.0
6920,248,38,810.0,1221.0,411.0
7005,2276,34,1290.0,1050.0,2640.0
7006,2297,34,90.0,1395.0,2745.0
7007,2023,27,1320.0,825.0,2385.0
7008,2033,28,300.0,1330.0,2470.0
7016,670,18,1125.0,470.0,785.0
7044,735,11,1005.0,470.0,905.0
7061,217,8,540.0,810.0,270.0
7062,437,14,900.0,210.0,750.0
7075,554,17,1160.0,330.0,610.0
7076,553,17,1090.0,360.0,710.0
7109,1589,40,955.0,1390.0,1875.0
7110,1593,40,135.0,630.0,1935.0
7113,1543,37,960.0,1390.0,1870.0
7133,1508,39,930.0,1390.0,1900.0
7134,1511,39,135.0,630.0,1935.0
7141,1560,39,975.0,1390.0,1855.0
7142,1563,39,135.0,510.0,1815.0
7146,763,16,1020.0,390.0,810.0
7149,2563,37,450.0,525.0,2955.0
7211,1433,36,1430.0,390.0,1840.0
7212,1436,36,570.0,810.0,1680.0
7213,1221,29,240.0,390.0,1590.0
7214,1226,30,570.0,575.0,1445.0
7217,1360,37,1430.0,390.0,1840.0
7218,1363,37,570.0,825.0,1695.0
7410,1147,29,555.0,570.0,1455.0
7417,1330,33,450.0,715.0,1705.0
7418,1331,33,1320.0,240.0,1800.0
7425,537,15,1125.0,360.0,675.0
7426,537,15,1070.0,310.0,680.0
7429,742,11,1110.0,420.0,750.0
7430,744,11,855.0,240.0,825.0
7431,597,13,1210.0,430.0,660.0
7432,597,14,1020.0,240.0,660.0
7435,555,14,1080.0,360.0,720.0
7436,554,15,1155.0,440.0,725.0
7438,1533,28,780.0,1185.0,1845.0
7439,1533,28,1370.0,300.0,1810.0
7487,735,11,1350.0,645.0,735.0
7505,1973,49,660.0,225.0,2445.0
7509,1886,47,805.0,225.0,2300.0
7517,350,9,1350.0,465.0,555.0
7525,322,33,720.0,1275.0,555.0
7526,322,33,300.0,900.0,600.0
7603,624,14,1080.0,360.0,720.0
7604,624,14,925.0,415.0,930.0
7607,1014,19,1125.0,840.0,1155.0
7608,1016,19,945.0,690.0,1185.0
7613,1636,38,730.0,1390.0,2100.0
7614,1641,39,135.0,795.0,2100.0
7644,597,11,1210.0,465.0,695.0
7645,587,10,1380.0,495.0,555.0
7757,314,6,330.0,645.0,315.0
7758,314,6,1050.0,1370.0,320.0
7941,587,12,1140.0,360.0,660.0
7942,597,13,1140.0,330.0,630.0
8001,39,2,610.0,645.0,35.0
8002,39,2,1105.0,1150.0,45.0
8014,12,4,505.0,545.0,40.0
8017,39,6,310.0,360.0,50.0
8018,39,6,1300.0,1355.0,55.0
8035,120,19,735.0,910.0,175.0
8036,120,19,920.0,1100.0,180.0
8051,39,3,365.0,394.0,29.0
8052,39,5,1115.0,1160.0,45.0
8061,1847,24,1220.0,395.0,2055.0
8062,1838,24,765.0,1400.0,2075.0
8063,115,17,1140.0,1320.0,180.0
8064,2039,16,60.0,550.0,1930.0
8065,115,17,910.0,1070.0,160.0
8082,30,6,1340.0,1370.0,30.0
8087,30,6,415.0,443.0,28.0
8101,40,5,1275.0,1355.0,80.0
8102,40,5,1200.0,1255.0,55.0
8301,1567,15,570.0,1000.0,1870.0
8302,1567,15,30.0,395.0,1805.0
8403,495,9,1285.0,405.0,560.0
8404,497,9,1150.0,240.0,530.0
8501,700,13,1380.0,720.0,780.0
8502,698,13,990.0,290.0,740.0
8511,471,12,900.0,180.0,720.0
8512,471,12,1335.0,600.0,705.0
8567,1571,29,1380.0,225.0,1725.0
8568,1578,29,345.0,750.0,1845.0
8573,760,15,1375.0,805.0,870.0
8574,759,15,930.0,410.0,920.0
8581,11,2,1410.0,1430.0,20.0
8582,11,2,285.0,300.0,15.0
8617,1365,15,845.0,835.0,1430.0
8618,1356,15,1370.0,1350.0,1420.0
8627,484,13,770.0,1330.0,560.0
8628,481,14,345.0,915.0,570.0
8872,133,17,1290.0,15.0,165.0
9003,1355,5,965.0,360.0,835.0
9004,1358,5,975.0,370.0,835.0
9005,1373,4,960.0,475.0,955.0
9006,1376,4,890.0,415.0,965.0
9011,1209,20,675.0,565.0,1330.0
9012,1211,20,890.0,765.0,1315.0
9433,780,14,25.0,830.0,805.0
9434,780,14,995.0,375.0,820.0
9621,1281,12,390.0,285.0,1335.0
9622,1281,12,375.0,205.0,1270.0
9721,429,12,375.0,810.0,435.0
9722,429,12,905.0,1325.0,420.0
9761,125,13,260.0,425.0,165.0
9809,447,11,1270.0,260.0,430.0
9810,450,11,315.0,795.0,480.0
10103,590,20,430.0,1125.0,695.0
10104,594,20,555.0,1300.0,745.0
10111,590,20,1385.0,645.0,700.0
10112,594,20,1080.0,350.0,710.0
10215,726,13,1290.0,655.0,805.0
10216,727,13,830.0,195.0,805.0
11001,348,12,300.0,735.0,435.0
11002,348,12,780.0,1225.0,445.0
11003,502,21,5.0,640.0,635.0
11004,504,21,1130.0,405.0,715.0
11005,1636,39,1290.0,435.0,2025.0
11006,1639,38,1250.0,340.0,1970.0
11007,191,12,420.0,665.0,245.0
11008,191,11,915.0,1157.0,242.0
11009,191,12,870.0,1120.0,250.0
11010,191,11,365.0,595.0,230.0
11011,723,16,725.0,285.0,1000.0
11012,723,16,390.0,1425.0,1035.0
11013,1515,34,1355.0,435.0,1960.0
11014,1515,34,535.0,870.0,1775.0
11015,1678,47,1365.0,425.0,1940.0
11016,1677,46,1140.0,260.0,2000.0
11017,1631,30,725.0,1115.0,1830.0
11018,1634,30,840.0,1425.0,2025.0
11019,1941,39,910.0,255.0,2225.0
11020,1941,40,925.0,235.0,2190.0
11021,1843,40,1290.0,705.0,2295.0
11022,1845,39,900.0,340.0,2320.0
11023,517,28,1070.0,365.0,735.0
11024,517,31,1370.0,710.0,780.0
11025,545,19,25.0,725.0,700.0
11026,545,19,705.0,1310.0,605.0
11027,1281,52,1425.0,210.0,1665.0
11028,1283,52,1435.0,225.0,1670.0
11029,517,35,520.0,1225.0,705.0
11030,517,34,475.0,1205.0,730.0
11031,108,5,610.0,740.0,130.0
11032,108,5,890.0,1060.0,170.0
11033,1955,30,975.0,405.0,2310.0
11034,1953,30,1005.0,485.0,2360.0
11035,1210,27,1290.0,1300.0,1450.0
11036,1213,26,375.0,340.0,1405.0
11037,1777,17,975.0,65.0,1970.0
11038,1777,17,930.0,245.0,2195.0
11039,1352,62,930.0,1215.0,1725.0
11040,1353,60,500.0,765.0,1705.0
11041,1281,36,840.0,990.0,1590.0
11042,1283,34,740.0,815.0,1515.0
11043,1696,27,15.0,610.0,2035.0
11044,1700,26,1080.0,345.0,2145.0
11045,2894,39,1425.0,720.0,3615.0
11046,2892,39,830.0,215.0,3705.0
11047,278,12,10.0,385.0,375.0
11048,279,12,1410.0,315.0,345.0
11049,949,18,1165.0,925.0,1200.0
11050,949,18,770.0,465.0,1135.0
11051,314,9,1415.0,380.0,405.0
11052,314,9,1435.0,450.0,455.0
11053,1552,17,1000.0,130.0,2010.0
11054,1551,17,320.0,735.0,1855.0
11055,1732,23,655.0,1220.0,2005.0
11056,1732,23,380.0,975.0,2035.0
11057,2026,90,1410.0,990.0,2460.0
11058,2029,91,510.0,245.0,2615.0
11059,1772,24,655.0,1265.0,2050.0
11060,1770,24,315.0,975.0,2100.0
11061,1885,41,735.0,70.0,2215.0
11062,1883,39,785.0,220.0,2315.0
11063,352,14,1380.0,320.0,380.0
11064,352,14,1280.0,225.0,385.0
11067,1510,20,323.0,535.0,1652.0
11068,1509,20,935.0,1290.0,1795.0
11071,1645,43,760.0,1165.0,1845.0
11072,1647,41,950.0,1370.0,1860.0
11073,1265,18,800.0,775.0,1415.0
11074,1267,17,915.0,960.0,1485.0
11075,651,13,725.0,90.0,805.0
11076,651,13,500.0,1435.0,935.0
11077,2155,67,1040.0,605.0,2445.0
11078,2157,65,1305.0,910.0,2485.0
11079,1745,25,950.0,90.0,2020.0
11080,1745,24,330.0,960.0,2070.0
11081,1731,20,950.0,125.0,2055.0
11082,1731,19,785.0,1380.0,2035.0
11083,1153,29,690.0,900.0,1650.0
11084,1153,28,1065.0,1395.0,1770.0
11085,574,11,333.0,1050.0,717.0
11086,578,11,360.0,1030.0,670.0
11087,1053,26,505.0,280.0,1215.0
11088,1053,25,1190.0,1005.0,1255.0
11089,1074,26,330.0,280.0,1390.0
11090,1072,26,1190.0,1030.0,1280.0
11091,981,24,535.0,280.0,1185.0
11092,981,24,1190.0,920.0,1170.0
11093,1516,27,10.0,280.0,1710.0
11094,1515,26,680.0,855.0,1615.0
11095,623,17,975.0,280.0,745.0
11096,622,16,1190.0,465.0,715.0
11097,1278,33,1410.0,490.0,1960.0
11098,1279,32,1410.0,305.0,1775.0
11101,1373,23,25.0,190.0,1605.0
11102,1373,23,900.0,1205.0,1745.0
11103,1321,21,1010.0,1005.0,1435.0
11104,1321,21,310.0,400.0,1530.0
11107,629,31,1240.0,650.0,850.0
11108,629,37,1065.0,545.0,920.0
11109,291,11,370.0,725.0,355.0
11110,291,11,1000.0,1355.0,355.0
11111,939,12,785.0,540.0,1195.0
11112,941,12,715.0,370.0,1095.0
11123,1051,49,1125.0,1255.0,1570.0
11124,1054,49,710.0,780.0,1510.0
11125,561,11,1205.0,467.0,702.0
11126,561,11,1170.0,475.0,745.0
11201,1015,26,1000.0,855.0,1295.0
11202,1015,26,975.0,825.0,1290.0
11203,1340,28,715.0,845.0,1570.0
11204,1340,28,990.0,1155.0,1605.0
11205,699,20,1000.0,555.0,995.0
11206,699,20,1395.0,825.0,870.0
11265,432,14,840.0,1380.0,540.0
11266,434,14,375.0,895.0,520.0
11272,737,47,1095.0,730.0,1075.0
11301,1154,35,490.0,530.0,1480.0
11302,1154,34,1245.0,1215.0,1410.0
11303,989,38,1390.0,1360.0,1410.0
11304,987,38,455.0,405.0,1390.0
11307,221,7,615.0,890.0,275.0
11308,223,7,960.0,1260.0,300.0
11309,267,14,360.0,725.0,365.0
11310,267,14,925.0,1255.0,330.0
11401,1053,34,995.0,975.0,1420.0
11402,1052,34,360.0,335.0,1415.0
11403,1026,22,900.0,840.0,1380.0
11404,1026,22,770.0,755.0,1425.0
11405,811,18,1320.0,900.0,1020.0
11406,812,18,1110.0,795.0,1125.0
11407,1478,17,1320.0,150.0,1710.0
11408,1478,17,390.0,665.0,1715.0
11423,357,14,385.0,870.0,485.0
11424,356,14,900.0,1395.0,495.0
11447,1156,45,1430.0,255.0,1705.0
11448,1155,46,790.0,865.0,1515.0
11449,1561,34,390.0,920.0,1970.0
11450,1564,31,1315.0,445.0,2010.0
11463,1416,50,570.0,910.0,1780.0
11464,1417,50,720.0,1065.0,1785.0
11465,1572,49,570.0,1080.0,1950.0
11466,1575,50,600.0,1065.0,1905.0
11651,344,14,930.0,1345.0,415.0
11652,345,14,295.0,715.0,420.0
11701,751,16,340.0,1230.0,890.0
11702,751,16,250.0,1175.0,925.0
11703,823,20,1390.0,965.0,1015.0
11704,821,20,1210.0,735.0,965.0
11801,215,6,1045.0,1350.0,305.0
11802,215,6,310.0,605.0,295.0
11901,292,13,330.0,760.0,430.0
11902,294,13,895.0,1295.0,400.0
12001,688,10,900.0,1410.0,510.0
12002,690,10,360.0,865.0,505.0
12003,504,7,935.0,1335.0,400.0
12004,504,7,370.0,760.0,390.0
12005,268,5,1035.0,1280.0,245.0
12006,268,5,375.0,620.0,245.0
12007,498,4,360.0,780.0,420.0
12008,499,4,855.0,1285.0,430.0
12009,490,9,385.0,765.0,380.0
12010,490,9,880.0,1280.0,400.0
12011,268,6,460.0,705.0,245.0
12012,268,6,1065.0,1315.0,250.0
12013,447,8,990.0,1350.0,360.0
12014,447,8,300.0,660.0,360.0
12015,442,10,365.0,765.0,400.0
12016,442,10,945.0,1360.0,415.0
12017,314,8,405.0,760.0,355.0
12018,314,8,1020.0,1365.0,345.0
12019,436,10,365.0,795.0,430.0
12020,434,10,825.0,1290.0,465.0
12021,402,10,380.0,785.0,405.0
12022,401,11,825.0,1250.0,425.0
12023,530,14,845.0,1365.0,520.0
12024,531,14,335.0,805.0,470.0
12025,598,8,350.0,860.0,510.0
12026,598,8,885.0,1390.0,505.0
12027,360,4,1050.0,1350.0,300.0
12028,361,4,360.0,660.0,300.0
12029,447,8,440.0,825.0,385.0
12030,447,8,1010.0,1385.0,375.0
12031,447,8,440.0,825.0,385.0
12032,447,8,1010.0,1385.0,375.0
12033,430,5,360.0,680.0,320.0
12034,430,4,950.0,1245.0,295.0
12035,240,4,425.0,635.0,210.0
12036,240,4,1060.0,1280.0,220.0
12037,328,7,420.0,745.0,325.0
12038,328,7,1000.0,1330.0,330.0
12039,283,8,935.0,1265.0,330.0
12040,283,8,360.0,700.0,340.0
12041,560,7,855.0,1350.0,495.0
12042,560,7,330.0,815.0,485.0
12043,397,8,420.0,845.0,425.0
12044,397,8,900.0,1330.0,430.0
12045,243,4,1155.0,1365.0,210.0
12046,243,4,720.0,925.0,205.0
12047,385,10,980.0,1370.0,390.0
12048,385,10,240.0,680.0,440.0
12049,181,2,1070.0,1170.0,100.0
12050,183,2,490.0,590.0,100.0
12051,581,9,325.0,845.0,520.0
12052,585,9,870.0,1385.0,515.0
12053,406,11,885.0,1325.0,440.0
12054,406,11,410.0,850.0,440.0
12055,304,9,920.0,1270.0,350.0
12056,304,10,305.0,675.0,370.0
12057,386,14,875.0,1330.0,455.0
12058,386,14,300.0,720.0,420.0
12059,447,10,355.0,750.0,395.0
12060,450,10,795.0,1200.0,405.0
12061,330,10,1060.0,1375.0,315.0
12062,330,10,330.0,660.0,330.0
12065,389,10,345.0,755.0,410.0
12066,389,10,930.0,1345.0,415.0
12067,376,11,390.0,800.0,410.0
12068,375,11,870.0,1280.0,410.0
12069,419,15,385.0,805.0,420.0
12070,411,15,900.0,1320.0,420.0
12071,422,7,840.0,1290.0,450.0
12072,422,7,285.0,750.0,465.0
12073,442,9,805.0,1220.0,415.0
12074,441,9,360.0,760.0,400.0
12075,399,12,820.0,1265.0,445.0
12076,398,12,360.0,780.0,420.0
12077,453,10,455.0,885.0,430.0
12078,453,10,920.0,1355.0,435.0
12079,470,11,360.0,805.0,445.0
12080,468,11,840.0,1285.0,445.0
12081,500,15,290.0,840.0,550.0
12082,499,15,880.0,1430.0,550.0
12083,361,10,890.0,1275.0,385.0
12084,361,10,430.0,820.0,390.0
12085,506,10,730.0,1275.0,545.0
12086,505,10,300.0,835.0,535.0
12087,332,8,300.0,660.0,360.0
12088,332,8,920.0,1300.0,380.0
12101,1956,16,1235.0,215.0,1860.0
12102,1963,17,1370.0,350.0,1860.0
12103,1478,13,975.0,1030.0,1495.0
12104,1478,13,390.0,485.0,1535.0
12105,971,26,1145.0,675.0,970.0
12106,972,27,890.0,420.0,970.0
12107,1408,11,985.0,910.0,1365.0
12108,1408,11,1365.0,1380.0,1455.0
12109,260,10,1095.0,1370.0,275.0
12110,260,10,362.0,645.0,283.0
12111,676,14,1195.0,485.0,730.0
12112,676,14,1145.0,385.0,680.0
12113,895,9,1060.0,565.0,945.0
12114,895,9,1115.0,585.0,910.0
12115,456,14,1365.0,410.0,485.0
12116,457,15,1365.0,410.0,485.0
12117,244,10,900.0,1165.0,265.0
12118,244,10,515.0,780.0,265.0
12119,180,5,330.0,495.0,165.0
12120,180,5,1110.0,1300.0,190.0
12121,883,7,1150.0,545.0,835.0
12122,886,7,1045.0,465.0,860.0
12123,191,5,1030.0,1225.0,195.0
12124,191,4,435.0,625.0,190.0
12125,190,8,985.0,1190.0,205.0
12126,190,7,470.0,675.0,205.0
12127,191,6,400.0,597.0,197.0
12128,191,5,1075.0,1265.0,190.0
12129,2026,30,1105.0,250.0,2025.0
12130,2033,30,1310.0,410.0,1980.0
12131,330,8,1305.0,225.0,360.0
12132,330,8,1345.0,270.0,365.0
12133,903,14,1322.0,760.0,878.0
12134,909,14,835.0,265.0,870.0
12135,895,18,1060.0,565.0,945.0
12136,895,18,1115.0,585.0,910.0
12137,1910,56,1175.0,350.0,2055.0
12138,1913,54,1300.0,455.0,2035.0
12139,841,33,900.0,370.0,910.0
12140,841,33,1260.0,720.0,900.0
12141,1693,14,1415.0,240.0,1705.0
12142,1692,13,665.0,915.0,1690.0
12143,1540,14,1000.0,1200.0,1640.0
12144,1541,14,1435.0,250.0,1695.0
12145,1888,27,1235.0,450.0,2095.0
12146,1895,27,1285.0,450.0,2045.0
12147,1897,22,545.0,1030.0,1925.0
12148,1900,22,350.0,980.0,2070.0
12149,1757,19,1255.0,210.0,1835.0
12150,1756,19,1375.0,330.0,1835.0
12151,2089,24,1235.0,505.0,2150.0
12152,2095,23,1275.0,450.0,2055.0
12153,820,10,985.0,320.0,775.0
12154,820,10,1100.0,450.0,790.0
12155,681,10,1265.0,480.0,655.0
12156,683,10,1255.0,425.0,610.0
12157,265,4,1080.0,1320.0,240.0
12158,265,4,390.0,630.0,240.0
12159,725,20,1065.0,415.0,790.0
12160,725,20,1250.0,590.0,780.0
12161,1320,21,985.0,780.0,1235.0
12162,1320,21,1415.0,1380.0,1405.0
12163,1278,24,1230.0,1185.0,1395.0
12164,1281,22,410.0,360.0,1390.0
12165,1488,16,323.0,425.0,1542.0
12166,1487,16,1220.0,1290.0,1510.0
12167,1500,13,35.0,225.0,1630.0
12168,1500,13,625.0,745.0,1560.0
12169,265,5,570.0,810.0,240.0
12170,265,5,840.0,1085.0,245.0
12171,1756,12,475.0,795.0,1760.0
12172,1759,12,1125.0,1425.0,1740.0
12173,1581,13,985.0,1145.0,1600.0
12174,1581,13,110.0,360.0,1690.0
12175,1291,31,1065.0,1035.0,1410.0
12176,1292,31,435.0,405.0,1410.0
12177,1451,34,1065.0,1220.0,1595.0
12178,1453,34,265.0,405.0,1580.0
12179,323,14,955.0,1315.0,360.0
12180,323,14,350.0,705.0,355.0
12181,1024,22,1225.0,860.0,1075.0
12182,1024,22,930.0,525.0,1035.0
12183,754,11,1160.0,540.0,820.0
12184,754,11,1150.0,530.0,820.0
12185,555,15,1320.0,480.0,600.0
12186,557,15,1205.0,365.0,600.0
12187,996,15,1170.0,735.0,1005.0
12188,996,15,810.0,360.0,990.0
12189,937,29,1090.0,700.0,1050.0
12190,938,28,965.0,575.0,1050.0
12191,1021,24,845.0,435.0,1030.0
12192,1019,24,1050.0,710.0,1100.0
12193,1747,20,950.0,1335.0,1825.0
12194,1734,20,405.0,810.0,1845.0
12195,375,14,305.0,710.0,405.0
12196,375,14,900.0,1300.0,400.0
12197,484,11,930.0,15.0,525.0
12198,484,11,380.0,900.0,520.0
12201,1513,25,1015.0,1225.0,1650.0
12202,1517,25,525.0,705.0,1620.0
12203,1711,23,895.0,1265.0,1810.0
12204,1714,23,250.0,610.0,1800.0
12205,304,7,1430.0,340.0,350.0
12206,304,7,1415.0,320.0,345.0
12207,768,16,1110.0,585.0,915.0
12208,768,16,1395.0,880.0,925.0
12209,415,12,375.0,890.0,515.0
12210,415,12,1150.0,275.0,565.0
12211,1057,14,915.0,755.0,1280.0
12212,1059,14,1255.0,1085.0,1270.0
12213,2350,7,1420.0,420.0,1880.0
12214,2351,6,1380.0,475.0,1975.0
12215,1431,18,560.0,490.0,1370.0
12216,1429,18,765.0,735.0,1410.0
12217,3086,22,560.0,945.0,3265.0
12218,3084,22,570.0,885.0,3195.0
12219,774,4,1385.0,665.0,720.0
12220,774,4,1385.0,665.0,720.0
12221,2026,8,915.0,1180.0,1705.0
12222,2033,8,500.0,705.0,1645.0
12223,1301,6,1250.0,1070.0,1260.0
12224,1306,6,1290.0,1095.0,1245.0
12225,795,15,985.0,425.0,880.0
12226,796,15,1155.0,570.0,855.0
12227,831,5,1395.0,665.0,710.0
12228,831,5,1380.0,700.0,760.0
12229,492,9,1335.0,430.0,535.0
12230,492,9,1325.0,405.0,520.0
12231,644,16,1350.0,610.0,700.0
12232,644,16,1270.0,530.0,700.0
12235,2446,26,1095.0,835.0,2620.0
12236,2448,26,565.0,375.0,2690.0
12237,1253,13,770.0,685.0,1355.0
12238,1253,13,840.0,760.0,1360.0
12239,1157,5,1395.0,875.0,920.0
12240,1158,5,1150.0,700.0,990.0
12241,247,6,1030.0,1285.0,255.0
12242,247,6,315.0,555.0,240.0
12243,491,6,435.0,855.0,420.0
12244,493,6,925.0,1335.0,410.0
12245,1957,6,655.0,960.0,1745.0
12246,1959,6,660.0,975.0,1755.0
12247,1355,7,995.0,580.0,1025.0
12248,1358,7,935.0,560.0,1065.0
12249,1425,7,1120.0,680.0,1000.0
12250,1426,7,1190.0,760.0,1010.0
12251,1611,25,1420.0,270.0,1730.0
12252,1605,26,480.0,810.0,1770.0
12253,2478,29,810.0,510.0,2580.0
12254,2477,29,810.0,545.0,2615.0
12257,798,19,1260.0,780.0,960.0
12258,797,19,1020.0,570.0,990.0
12259,1448,5,1110.0,690.0,1020.0
12260,1449,5,1180.0,755.0,1015.0
12261,1972,7,1035.0,1180.0,1585.0
12262,1979,7,500.0,630.0,1570.0
12263,1498,7,670.0,415.0,1185.0
12264,1501,7,655.0,430.0,1215.0
12265,577,3,1335.0,445.0,550.0
12266,577,3,1160.0,260.0,540.0
12267,490,2,1405.0,355.0,390.0
12268,490,2,1420.0,360.0,380.0
12269,2156,7,400.0,635.0,1675.0
12270,2155,7,945.0,1210.0,1705.0
12273,1516,6,515.0,385.0,1310.0
12274,1517,6,775.0,640.0,1305.0
12275,629,2,1360.0,385.0,465.0
12276,629,2,1335.0,350.0,455.0
12277,504,8,865.0,1315.0,450.0
12278,503,8,345.0,820.0,475.0
12279,385,11,920.0,1325.0,405.0
12280,388,11,420.0,850.0,430.0
12281,1714,6,480.0,385.0,1345.0
12282,1717,6,775.0,645.0,1310.0
12283,2636,11,1410.0,1180.0,2650.0
12284,2634,11,1295.0,940.0,2525.0
12285,1651,6,790.0,635.0,1285.0
12286,1652,6,945.0,840.0,1335.0
12289,841,4,1215.0,440.0,665.0
12290,841,4,1240.0,485.0,685.0
12291,364,7,1365.0,315.0,390.0
12292,363,7,1410.0,360.0,390.0
12293,1353,5,1045.0,755.0,1150.0
12294,1352,5,1170.0,895.0,1165.0
12295,2703,36,540.0,545.0,2885.0
12296,2697,37,1210.0,1220.0,2890.0
12297,623,4,1350.0,430.0,520.0
12298,622,4,1295.0,380.0,525.0
12301,1438,8,1015.0,600.0,1025.0
12302,1439,8,1015.0,590.0,1015.0
12303,1516,25,485.0,365.0,1320.0
12304,1517,25,1055.0,1015.0,1400.0
12305,1516,9,845.0,600.0,1195.0
12306,1517,9,1015.0,735.0,1160.0
12307,1803,28,1420.0,410.0,1870.0
12308,1805,28,1230.0,240.0,1890.0
12309,987,6,1140.0,460.0,760.0
12310,987,6,1035.0,330.0,735.0
12311,1699,39,1180.0,270.0,1970.0
12312,1700,40,1435.0,475.0,1920.0
12313,1448,8,1010.0,625.0,1055.0
12314,1449,8,985.0,610.0,1065.0
12315,2119,23,790.0,165.0,2255.0
12316,2120,23,20.0,910.0,2330.0
12317,1884,23,460.0,1040.0,2020.0
12318,1885,23,355.0,915.0,2000.0
12319,1416,12,790.0,720.0,1370.0
12320,1417,11,1020.0,1040.0,1460.0
12321,2165,48,1320.0,685.0,2245.0
12322,2167,49,1290.0,705.0,2295.0
12323,1425,9,1130.0,1025.0,1335.0
12324,1426,9,425.0,360.0,1375.0
12325,1792,18,460.0,960.0,1940.0
12326,1793,18,415.0,915.0,1940.0
12327,1577,20,780.0,1090.0,1750.0
12328,1577,20,1330.0,195.0,1745.0
12329,1435,8,790.0,710.0,1360.0
12330,1436,8,1150.0,1045.0,1335.0
12331,2010,32,1435.0,755.0,2200.0
12332,2011,32,1365.0,690.0,2205.0
12333,878,31,1200.0,720.0,960.0
12334,879,31,940.0,450.0,950.0
12335,1917,39,540.0,1200.0,2100.0
12336,1918,38,485.0,1110.0,2065.0
12337,146,4,610.0,745.0,135.0
12338,146,4,790.0,940.0,150.0
12339,258,13,1040.0,1300.0,260.0
12340,259,13,355.0,625.0,270.0
12341,199,7,1100.0,1295.0,195.0
12342,200,7,330.0,525.0,195.0
12343,571,6,1325.0,480.0,595.0
12344,571,6,1200.0,360.0,600.0
12345,1023,13,950.0,590.0,1080.0
12346,1023,13,750.0,310.0,1000.0
12347,206,9,715.0,935.0,220.0
12348,206,9,995.0,1215.0,220.0
12349,1206,13,1050.0,780.0,1170.0
12350,1206,13,1425.0,1200.0,1215.0
12351,528,23,1235.0,375.0,580.0
12352,529,23,1270.0,395.0,565.0
12353,1299,18,495.0,440.0,1385.0
12354,1300,18,1160.0,1135.0,1415.0
12355,1506,19,420.0,630.0,1650.0
12356,1506,19,1210.0,1385.0,1615.0
12357,1807,15,730.0,1040.0,1750.0
12358,1807,15,355.0,695.0,1780.0
12359,534,13,1205.0,330.0,565.0
12360,534,13,1205.0,315.0,550.0
12361,2043,21,1185.0,375.0,2070.0
12362,2044,21,665.0,1395.0,2170.0
12363,621,11,545.0,1220.0,675.0
12364,620,11,510.0,1180.0,670.0
12365,410,12,360.0,835.0,475.0
12366,407,12,865.0,1335.0,470.0
12367,1193,21,675.0,480.0,1245.0
12368,1193,21,880.0,745.0,1305.0
12369,1525,20,780.0,1000.0,1660.0
12370,1526,20,1430.0,195.0,1645.0
12371,2245,29,495.0,1425.0,2370.0
12372,2246,29,70.0,990.0,2360.0
12373,217,7,545.0,765.0,220.0
12374,216,7,660.0,880.0,220.0
12375,1729,27,880.0,1315.0,1875.0
12376,1727,27,960.0,1365.0,1845.0
12377,718,10,1395.0,730.0,775.0
12378,718,10,1065.0,405.0,780.0
12379,1889,15,790.0,1185.0,1835.0
12380,1890,15,655.0,1045.0,1830.0
12381,1438,22,495.0,365.0,1310.0
12382,1439,22,1055.0,1015.0,1400.0
12383,221,9,1020.0,1255.0,235.0
12384,222,9,405.0,640.0,235.0
12389,2348,17,345.0,1245.0,2340.0
12390,2353,17,420.0,1300.0,2320.0
12391,1092,33,480.0,310.0,1270.0
12392,1092,33,790.0,610.0,1260.0
12393,987,5,1055.0,470.0,855.0
12394,987,5,1045.0,455.0,850.0
12395,1287,15,1125.0,910.0,1225.0
12396,1287,15,1435.0,1385.0,1390.0
12397,981,15,860.0,275.0,855.0
12398,981,15,730.0,195.0,905.0
12401,1049,28,970.0,710.0,1180.0
12402,1049,28,1200.0,885.0,1125.0
12405,1461,29,340.0,450.0,1550.0
12406,1464,29,920.0,950.0,1470.0
12407,1821,19,495.0,1055.0,2000.0
12408,1824,19,570.0,1115.0,1985.0
12409,1613,35,210.0,450.0,1680.0
12410,1608,35,920.0,1145.0,1665.0
12411,247,9,420.0,690.0,270.0
12412,247,9,1050.0,1315.0,265.0
12413,1016,21,845.0,500.0,1095.0
12414,1017,22,1090.0,740.0,1090.0
12415,815,23,995.0,410.0,855.0
12416,817,22,1270.0,700.0,870.0
12417,624,6,1290.0,420.0,570.0
12418,624,7,1280.0,410.0,570.0
12419,504,16,360.0,905.0,545.0
12420,504,16,745.0,1285.0,540.0
12421,1927,23,660.0,1325.0,2105.0
12422,1929,23,870.0,1425.0,1995.0
12423,2422,22,1160.0,620.0,2340.0
12424,2423,22,970.0,480.0,2390.0
12425,576,5,1240.0,345.0,545.0
12426,576,5,1180.0,300.0,560.0
12427,844,12,960.0,395.0,875.0
12428,844,13,1275.0,660.0,825.0
12431,2841,19,1155.0,760.0,2485.0
12432,2840,19,655.0,295.0,2520.0
12433,2156,10,370.0,625.0,1695.0
12434,2155,10,955.0,1215.0,1700.0
12435,2452,26,1090.0,835.0,2625.0
12436,2454,26,565.0,445.0,2760.0
12437,1651,7,765.0,625.0,1300.0
12438,1652,7,955.0,840.0,1325.0
12439,1297,8,1075.0,650.0,1015.0
12440,1300,8,960.0,540.0,1020.0
12441,1487,10,840.0,655.0,1255.0
12442,1483,10,945.0,720.0,1215.0
12443,1572,14,510.0,710.0,1640.0
12444,1572,14,1150.0,1230.0,1520.0
12445,654,11,1250.0,520.0,710.0
12446,654,11,1140.0,405.0,705.0
12447,676,12,1025.0,325.0,740.0
12448,679,12,1210.0,515.0,745.0
12449,2159,14,680.0,1425.0,2185.0
12450,2157,14,125.0,885.0,2200.0
12451,430,3,1425.0,395.0,410.0
12452,430,3,1435.0,390.0,395.0
12453,1333,7,1030.0,650.0,1060.0
12454,1336,7,960.0,630.0,1110.0
12455,790,21,1365.0,795.0,870.0
12456,790,21,1005.0,440.0,875.0
12457,455,14,1415.0,440.0,465.0
12458,455,14,1350.0,370.0,460.0
12459,447,15,820.0,1305.0,485.0
12460,447,17,375.0,855.0,480.0
12461,618,18,1275.0,480.0,645.0
12462,619,16,1185.0,400.0,655.0
12463,614,8,1345.0,515.0,610.0
12464,615,8,1140.0,340.0,640.0
12465,905,29,360.0,1335.0,975.0
12466,906,29,355.0,1350.0,995.0
12467,700,22,1435.0,755.0,760.0
12468,699,22,975.0,290.0,755.0
12469,1025,14,1040.0,710.0,1110.0
12470,1025,14,1210.0,890.0,1120.0
12471,2017,26,475.0,1030.0,1995.0
12472,2019,26,550.0,1085.0,1975.0
12473,1736,24,690.0,1030.0,1780.0
12474,1739,25,550.0,855.0,1745.0
12475,2055,31,330.0,1030.0,2140.0
12476,2058,31,550.0,1250.0,2140.0
12477,2064,31,315.0,1030.0,2155.0
12478,2066,31,550.0,1260.0,2150.0
12479,934,17,1125.0,695.0,1010.0
12480,932,17,810.0,390.0,1020.0
12481,409,15,790.0,1240.0,450.0
12482,409,15,355.0,815.0,460.0
12483,3290,27,560.0,1185.0,3505.0
12484,3288,27,355.0,915.0,3440.0
12485,1937,27,660.0,1350.0,2130.0
12486,1940,27,885.0,1425.0,1980.0
12487,1364,19,1200.0,1260.0,1500.0
12488,1364,19,450.0,505.0,1495.0
12489,1244,22,820.0,720.0,1340.0
12490,1244,22,875.0,790.0,1355.0
12491,1609,22,300.0,710.0,1850.0
12492,1612,22,1210.0,130.0,1800.0
12493,1498,10,315.0,335.0,1460.0
12494,1501,10,1295.0,1285.0,1430.0
12495,1878,20,320.0,795.0,1915.0
12496,1876,20,1365.0,345.0,1860.0
12497,447,14,400.0,860.0,460.0
12498,447,15,910.0,1370.0,460.0
12501,1914,10,375.0,780.0,1845.0
12502,1914,10,1425.0,525.0,1980.0
12503,3032,23,615.0,810.0,3075.0
12504,3032,23,1210.0,1275.0,2945.0
12505,1850,30,585.0,1160.0,2015.0
12506,1850,29,405.0,1010.0,2045.0
12507,3932,58,1015.0,1140.0,4445.0
12508,3930,56,1195.0,1360.0,4485.0
12509,2992,42,1420.0,360.0,3260.0
12510,2993,41,380.0,700.0,3200.0
12511,3239,61,395.0,1035.0,3520.0
12512,3245,60,375.0,920.0,3425.0
12513,2564,31,450.0,360.0,2790.0
12514,2567,30,380.0,240.0,2740.0
12515,3932,57,760.0,1035.0,4595.0
12516,3930,56,1195.0,1360.0,4485.0
12517,1027,14,1300.0,955.0,1095.0
12518,1027,14,1260.0,900.0,1080.0
12519,2568,28,470.0,265.0,2675.0
12520,2567,28,1260.0,1050.0,2670.0
12521,3427,63,1380.0,780.0,3720.0
12522,3435,62,615.0,1370.0,3635.0
12523,1496,18,495.0,730.0,1675.0
12524,1499,18,905.0,1115.0,1650.0
12525,1584,23,1300.0,145.0,1725.0
12526,1583,23,620.0,900.0,1720.0
12527,395,11,335.0,810.0,475.0
12529,518,10,950.0,155.0,645.0
12530,522,10,300.0,890.0,590.0
12531,277,12,360.0,660.0,300.0
12532,278,12,995.0,1295.0,300.0
12533,1424,16,1185.0,1190.0,1445.0
12534,1423,15,505.0,520.0,1455.0
12535,903,13,850.0,435.0,1025.0
12536,905,12,740.0,305.0,1005.0
12537,543,15,1210.0,360.0,590.0
12538,543,15,450.0,1065.0,615.0
12539,2548,18,650.0,530.0,2760.0
12540,2541,18,1200.0,1000.0,2680.0
12541,1685,16,1310.0,240.0,1810.0
12542,1686,16,670.0,1020.0,1790.0
12545,2045,21,1005.0,360.0,2235.0
12546,2045,21,680.0,45.0,2245.0
12547,866,12,1335.0,820.0,925.0
12548,864,12,1015.0,500.0,925.0
12549,1847,18,720.0,1270.0,1990.0
12550,1858,18,300.0,860.0,2000.0
12551,3024,29,510.0,840.0,3210.0
12552,3024,29,840.0,1105.0,3145.0
12553,1167,21,570.0,405.0,1275.0
12554,1170,21,1190.0,1035.0,1285.0
12555,952,15,995.0,600.0,1045.0
12556,953,15,980.0,585.0,1045.0
12557,1057,16,755.0,470.0,1155.0
12558,1059,16,890.0,625.0,1175.0
12559,745,4,1180.0,490.0,750.0
12560,745,4,1135.0,420.0,725.0
12561,1223,22,840.0,750.0,1350.0
12562,1224,21,1240.0,1155.0,1355.0
12565,1153,11,515.0,330.0,1255.0
12566,1156,11,855.0,675.0,1260.0
12567,219,9,420.0,660.0,240.0
12568,219,9,765.0,1005.0,240.0
12569,1238,23,720.0,500.0,1220.0
12570,1238,23,1015.0,815.0,1240.0
12572,829,9,1200.0,560.0,800.0
12577,3045,41,960.0,1410.0,3330.0
12578,3051,40,440.0,865.0,3305.0
12581,745,6,1350.0,740.0,830.0
12582,745,6,1355.0,670.0,755.0
12587,1246,18,860.0,755.0,1335.0
12588,1247,18,1365.0,1230.0,1305.0
12589,1833,31,395.0,910.0,1955.0
12590,1836,31,440.0,920.0,1920.0
12591,2513,40,395.0,260.0,2745.0
12592,2504,40,1040.0,905.0,2745.0
12593,581,6,1365.0,575.0,650.0
12594,581,6,1365.0,585.0,660.0
12595,760,6,1200.0,530.0,770.0
12596,761,6,1200.0,470.0,710.0
12597,1693,13,510.0,735.0,1665.0
12598,1694,13,860.0,1115.0,1695.0
12601,883,31,1220.0,745.0,965.0
12602,885,33,805.0,340.0,975.0
12603,715,22,1005.0,345.0,780.0
12604,716,21,1010.0,355.0,785.0
12605,425,13,945.0,1380.0,435.0
12606,425,13,305.0,730.0,425.0
12607,360,12,935.0,1295.0,360.0
12608,361,13,390.0,735.0,345.0
12609,360,19,815.0,1205.0,390.0
12610,361,19,480.0,870.0,390.0
12611,2156,11,370.0,625.0,1695.0
12612,2155,11,955.0,1215.0,1700.0
12613,138,4,690.0,840.0,150.0
12614,138,4,900.0,1050.0,150.0
12615,2169,41,1155.0,430.0,2155.0
12616,2168,40,1070.0,380.0,2190.0
12617,2751,48,795.0,795.0,2880.0
12618,2748,48,555.0,615.0,2940.0
12619,893,24,920.0,450.0,970.0
12620,899,22,875.0,395.0,960.0
12621,2163,12,1320.0,425.0,1985.0
12622,2163,11,1350.0,430.0,1960.0
12623,913,21,1185.0,705.0,960.0
12624,916,22,890.0,450.0,1000.0
12625,3013,43,675.0,825.0,3030.0
12626,3010,42,685.0,885.0,3080.0
12627,2386,36,1160.0,630.0,2350.0
12628,2389,35,1275.0,820.0,2425.0
12629,2595,14,825.0,780.0,2835.0
12630,2595,14,525.0,380.0,2735.0
12631,649,15,1210.0,430.0,660.0
12632,649,16,1185.0,415.0,670.0
12633,738,17,1035.0,375.0,780.0
12634,737,18,1040.0,385.0,785.0
12635,492,10,820.0,1280.0,460.0
12636,492,11,420.0,875.0,455.0
12637,492,11,1300.0,355.0,495.0
12638,492,12,1235.0,295.0,500.0
12639,360,12,470.0,840.0,370.0
12640,361,13,900.0,1265.0,365.0
12641,2899,25,1155.0,1080.0,2805.0
12642,2898,26,430.0,525.0,2975.0
12643,2991,32,855.0,1030.0,3055.0
12644,2988,31,350.0,665.0,3195.0
12645,2786,29,1140.0,1030.0,2770.0
12646,2782,28,350.0,355.0,2885.0
12647,2650,28,905.0,855.0,2830.0
12648,2651,28,515.0,555.0,2920.0
12649,2257,9,1320.0,555.0,2115.0
12650,2258,9,385.0,1175.0,2230.0
12651,2653,15,30.0,1080.0,2490.0
12652,2652,15,430.0,205.0,2655.0
12653,336,14,1410.0,315.0,345.0
12654,335,15,1360.0,280.0,360.0
12655,1893,41,455.0,965.0,1950.0
12656,1895,42,575.0,1105.0,1970.0
12657,360,8,1395.0,310.0,355.0
12658,361,8,1360.0,275.0,355.0
12659,2579,44,885.0,830.0,2825.0
12660,2579,44,1385.0,1310.0,2805.0
12661,665,18,1265.0,530.0,705.0
12662,665,18,1095.0,355.0,700.0
12663,2005,24,970.0,210.0,2120.0
12664,2004,24,980.0,190.0,2090.0
12665,2407,32,970.0,625.0,2535.0
12666,2406,32,470.0,190.0,2600.0
12667,722,11,1135.0,490.0,795.0
12668,722,11,1025.0,330.0,745.0
12669,2348,25,1060.0,705.0,2525.0
12670,2343,24,1260.0,865.0,2485.0
12671,526,9,1265.0,375.0,550.0
12672,529,9,1185.0,305.0,560.0
12673,491,8,1330.0,375.0,485.0
12674,493,9,1360.0,405.0,485.0
12675,491,11,370.0,825.0,455.0
12676,493,12,895.0,1350.0,455.0
12677,581,14,375.0,1015.0,640.0
12678,582,14,550.0,1190.0,640.0
12679,491,12,870.0,1335.0,465.0
12680,493,12,375.0,830.0,455.0
12681,491,7,1350.0,400.0,490.0
12682,493,8,1410.0,440.0,470.0
12683,617,14,1020.0,255.0,675.0
12684,616,14,1130.0,360.0,670.0
12685,883,18,1020.0,545.0,965.0
12686,885,18,980.0,480.0,940.0
12687,3067,30,1415.0,285.0,3190.0
12688,3064,31,405.0,765.0,3240.0
12689,918,19,1100.0,665.0,1005.0
12690,920,20,1180.0,745.0,1005.0
12691,528,11,1410.0,580.0,610.0
12692,528,14,1105.0,315.0,650.0
12693,652,22,1170.0,395.0,665.0
12694,651,22,1200.0,460.0,700.0
12695,914,21,925.0,455.0,970.0
12696,916,21,1035.0,600.0,1005.0
12697,901,14,915.0,395.0,920.0
12698,903,14,1220.0,745.0,965.0
12701,791,16,1310.0,730.0,860.0
12702,793,17,885.0,295.0,850.0
12703,1549,26,445.0,545.0,1540.0
12704,1548,27,955.0,1065.0,1550.0
12705,391,14,900.0,1310.0,410.0
12706,390,14,460.0,865.0,405.0
12707,2292,20,340.0,1080.0,2180.0
12708,2294,20,430.0,1295.0,2305.0
12709,651,17,1130.0,340.0,650.0
12710,650,17,1375.0,555.0,620.0
12711,430,14,360.0,780.0,420.0
12712,429,14,845.0,1270.0,425.0
12713,358,9,385.0,715.0,330.0
12714,358,9,975.0,1330.0,355.0
12715,2056,37,570.0,1220.0,2090.0
12716,2059,36,335.0,960.0,2065.0
12717,350,13,760.0,1140.0,380.0
12718,350,13,365.0,730.0,365.0
12719,1718,21,1060.0,30.0,1850.0
12720,1720,21,1230.0,185.0,1835.0
12721,1662,46,1350.0,245.0,1775.0
12722,1662,46,1380.0,300.0,1800.0
12723,1669,18,385.0,545.0,1600.0
12724,1669,16,1045.0,1175.0,1570.0
12725,491,17,780.0,1310.0,530.0
12726,488,17,315.0,845.0,530.0
12727,718,21,1045.0,375.0,770.0
12728,719,21,1035.0,350.0,755.0
12729,658,13,1320.0,600.0,720.0
12730,658,13,1280.0,560.0,720.0
12731,790,16,1000.0,425.0,865.0
12732,790,16,1205.0,635.0,870.0
12733,661,23,1105.0,385.0,720.0
12734,661,23,1085.0,365.0,720.0
12735,686,11,1230.0,500.0,710.0
12736,686,11,1005.0,300.0,735.0
12737,575,21,1220.0,395.0,615.0
12738,575,21,1275.0,450.0,615.0
12739,708,12,1230.0,490.0,700.0
12740,708,12,1230.0,460.0,670.0
12741,2243,21,1145.0,730.0,2465.0
12742,2238,20,840.0,535.0,2575.0
12747,353,15,345.0,730.0,385.0
12748,353,15,825.0,1200.0,375.0
12749,441,19,1240.0,275.0,475.0
12750,438,19,1350.0,385.0,475.0
12757,305,14,500.0,820.0,320.0
12758,305,14,905.0,1225.0,320.0
12759,797,17,1090.0,480.0,830.0
12760,798,17,1110.0,495.0,825.0
12761,712,12,1360.0,655.0,735.0
12762,710,12,1155.0,490.0,775.0
12763,744,19,1020.0,350.0,770.0
12764,743,19,1110.0,420.0,750.0
12765,1305,24,910.0,890.0,1420.0
12766,1305,24,405.0,395.0,1430.0
12767,1572,19,915.0,1155.0,1680.0
12768,1578,19,890.0,1135.0,1685.0
12769,711,17,910.0,245.0,775.0
12770,711,17,1060.0,395.0,775.0
12771,587,14,1320.0,495.0,615.0
12772,586,14,1320.0,505.0,625.0
12773,1590,16,965.0,1110.0,1585.0
12774,1589,16,340.0,545.0,1645.0
12775,598,11,1210.0,415.0,645.0
12776,598,11,1245.0,445.0,640.0
12777,1295,22,405.0,390.0,1425.0
12778,1297,22,770.0,760.0,1430.0
12779,2148,29,910.0,380.0,2350.0
12780,2151,29,900.0,390.0,2370.0
12781,2602,32,1210.0,1030.0,2700.0
12782,2602,32,350.0,295.0,2825.0
12783,710,15,1135.0,460.0,765.0
12784,708,15,1075.0,410.0,775.0
12785,623,17,1145.0,385.0,680.0
12786,623,16,1100.0,340.0,680.0
12791,1843,29,600.0,1135.0,1975.0
12792,1840,28,735.0,1290.0,1995.0
12795,314,4,1050.0,1370.0,320.0
12796,314,4,330.0,645.0,315.0
12797,707,22,1205.0,535.0,770.0
12798,707,24,1050.0,380.0,770.0
12801,1860,32,1305.0,265.0,1840.0
12802,1860,31,1345.0,320.0,1855.0
12803,2076,21,500.0,1030.0,1970.0
12804,2076,21,350.0,1050.0,2140.0
12805,688,21,375.0,1125.0,750.0
12806,689,21,430.0,1180.0,750.0
12807,1900,41,385.0,1005.0,2060.0
12808,1895,40,515.0,1090.0,2015.0
12809,1972,44,1235.0,350.0,1995.0
12810,1979,42,1215.0,320.0,1985.0
12811,1701,18,15.0,225.0,1650.0
12812,1709,18,580.0,815.0,1675.0
12813,254,8,1050.0,1290.0,240.0
12814,253,9,375.0,620.0,245.0
12815,1794,29,655.0,1025.0,1810.0
12816,1788,29,385.0,725.0,1780.0
12817,1291,19,880.0,835.0,1395.0
12818,1294,19,1185.0,1005.0,1260.0
12819,1774,13,950.0,1250.0,1740.0
12820,1774,13,425.0,740.0,1755.0
12821,504,15,360.0,860.0,500.0
12822,503,16,705.0,1215.0,510.0
12823,1255,12,720.0,545.0,1265.0
12824,1266,12,1045.0,910.0,1305.0
12825,1297,9,1425.0,1255.0,1270.0
12826,1300,9,415.0,295.0,1320.0
12827,323,14,1010.0,1340.0,330.0
12828,323,15,330.0,680.0,350.0
12829,1222,21,1270.0,1040.0,1210.0
12830,1222,21,720.0,535.0,1255.0
12831,725,12,1060.0,480.0,860.0
12832,722,12,1215.0,570.0,795.0
12833,2097,63,15.0,810.0,2235.0
12834,2098,64,1435.0,805.0,2250.0
12835,1891,24,1105.0,300.0,2075.0
12836,1891,25,510.0,1145.0,2075.0
12837,504,14,1355.0,420.0,505.0
12838,503,14,1220.0,290.0,510.0
12839,1664,35,1425.0,230.0,1685.0
12840,1663,36,1425.0,240.0,1695.0
12841,1664,15,890.0,1020.0,1570.0
12842,1663,17,525.0,710.0,1625.0
12843,2148,43,1050.0,445.0,2275.0
12844,2141,43,1120.0,535.0,2295.0
12845,1510,21,450.0,650.0,1640.0
12846,1510,21,505.0,670.0,1605.0
12847,185,5,670.0,860.0,190.0
12848,186,5,930.0,1120.0,190.0
12849,1312,18,695.0,585.0,1330.0
12850,1305,18,1060.0,1010.0,1390.0
12851,1412,17,535.0,535.0,1440.0
12852,1409,17,1270.0,1215.0,1385.0
12853,889,31,1100.0,630.0,970.0
12854,897,31,940.0,475.0,975.0
12855,416,16,955.0,1380.0,425.0
12856,405,17,390.0,820.0,430.0
12857,185,8,395.0,597.0,202.0
12858,186,8,625.0,830.0,205.0
12859,1972,27,360.0,750.0,1830.0
12860,1979,26,830.0,1280.0,1890.0
12861,578,18,905.0,70.0,605.0
12862,576,19,160.0,810.0,650.0
12863,1959,35,1235.0,435.0,2080.0
12864,1959,36,1175.0,385.0,2090.0
12865,344,9,510.0,850.0,340.0
12866,343,9,880.0,1230.0,350.0
12867,1922,17,1410.0,530.0,2000.0
12868,1922,16,750.0,1360.0,2050.0
12869,1972,20,665.0,1170.0,1945.0
12870,1979,19,875.0,1395.0,1960.0
12871,745,31,415.0,1215.0,800.0
12872,746,31,315.0,1130.0,815.0
12873,1322,21,820.0,835.0,1455.0
12874,1325,21,1185.0,1195.0,1450.0
12875,1911,42,655.0,1305.0,2090.0
12876,1912,41,385.0,1010.0,2065.0
12877,1333,15,1000.0,650.0,1090.0
12878,1336,15,960.0,680.0,1160.0
12879,1790,20,15.0,435.0,1860.0
12880,1798,20,430.0,815.0,1825.0
12881,504,9,1255.0,340.0,525.0
12882,503,9,1335.0,425.0,530.0
12883,322,12,385.0,710.0,325.0
12884,330,13,935.0,1275.0,340.0
12885,318,13,465.0,780.0,315.0
12886,317,13,800.0,1140.0,340.0
12887,504,10,1255.0,340.0,525.0
12888,503,11,1335.0,425.0,530.0
12889,1890,26,1115.0,300.0,2065.0
12890,1893,24,510.0,1140.0,2070.0
12891,311,16,260.0,600.0,340.0
12892,311,16,1030.0,1370.0,340.0
12893,395,16,405.0,820.0,415.0
12894,395,16,870.0,1300.0,430.0
12895,504,10,1255.0,340.0,525.0
12896,503,11,1335.0,425.0,530.0
12897,1423,19,1115.0,1120.0,1445.0
12898,1423,19,720.0,795.0,1515.0
12901,490,14,1325.0,395.0,510.0
12902,490,14,1320.0,385.0,505.0
12903,1885,34,1285.0,330.0,1925.0
12904,1888,35,1285.0,305.0,1900.0
12905,2559,30,470.0,215.0,2625.0
12906,2566,30,1370.0,1105.0,2615.0
12907,1355,5,995.0,825.0,1270.0
12908,1358,5,1295.0,995.0,1140.0
12909,1355,9,995.0,580.0,1025.0
12910,1358,9,935.0,490.0,995.0
12911,1427,16,940.0,1000.0,1500.0
12912,1430,16,1125.0,1100.0,1415.0
12913,650,14,1235.0,505.0,710.0
12914,650,14,1140.0,410.0,710.0
12915,930,20,1110.0,610.0,940.0
12916,933,20,920.0,460.0,980.0
12917,1075,10,1025.0,640.0,1055.0
12918,1077,10,835.0,370.0,975.0
12919,1598,52,745.0,1105.0,1800.0
12920,1601,51,415.0,770.0,1795.0
12921,262,14,1075.0,1355.0,280.0
12922,262,14,325.0,610.0,285.0
12923,606,12,1285.0,505.0,660.0
12924,606,12,1140.0,340.0,640.0
12925,1810,42,720.0,1160.0,1880.0
12926,1813,41,490.0,885.0,1835.0
12927,391,7,1420.0,355.0,375.0
12928,391,7,1350.0,285.0,375.0
12929,344,19,435.0,805.0,370.0
12930,344,19,890.0,1265.0,375.0
12931,490,11,860.0,1300.0,440.0
12932,490,11,360.0,780.0,420.0
12933,490,11,820.0,1285.0,465.0
12934,490,10,295.0,755.0,460.0
12935,251,10,410.0,670.0,260.0
12936,251,10,965.0,1225.0,260.0
12937,2509,17,1060.0,785.0,2605.0
12938,2508,17,1380.0,990.0,2490.0
12939,1289,13,935.0,820.0,1325.0
12940,1290,12,555.0,485.0,1370.0
12941,2308,32,1050.0,620.0,2450.0
12942,2308,32,1190.0,670.0,2360.0
12943,1301,12,1215.0,1150.0,1375.0
12944,1301,12,480.0,455.0,1415.0
12946,632,14,1195.0,435.0,680.0
12947,1754,19,1300.0,270.0,1850.0
12948,1754,19,1415.0,320.0,1785.0
12949,2664,37,490.0,485.0,2875.0
12950,2670,37,1285.0,1230.0,2825.0
12951,1373,8,1020.0,515.0,935.0
12952,1376,8,985.0,495.0,950.0
12953,1366,13,1060.0,655.0,1035.0
12954,1369,13,1010.0,585.0,1015.0
12955,1157,19,1130.0,760.0,1070.0
12956,1158,19,840.0,460.0,1060.0
12957,931,10,1060.0,450.0,830.0
12958,934,10,1195.0,580.0,825.0
12959,972,20,5.0,1070.0,1065.0
12960,972,20,1110.0,720.0,1050.0
12961,831,19,1150.0,555.0,845.0
12962,831,19,980.0,370.0,830.0
12963,735,18,1140.0,435.0,735.0
12964,733,18,1095.0,395.0,740.0
12967,2179,32,1060.0,375.0,2195.0
12968,2174,32,1175.0,585.0,2290.0
12969,2673,39,560.0,375.0,2695.0
12970,2667,39,1175.0,1080.0,2785.0
12971,778,20,1290.0,630.0,780.0
12972,778,20,1115.0,520.0,845.0
12973,593,8,1345.0,500.0,595.0
12974,593,8,1265.0,430.0,605.0
12975,2483,42,620.0,375.0,2635.0
12976,2483,43,1175.0,945.0,2650.0
12977,778,17,1225.0,728.0,943.0
12978,2560,32,1280.0,200.0,360.0
12979,1146,17,950.0,645.0,1135.0
12980,1147,17,1225.0,860.0,1075.0
12981,672,21,1180.0,470.0,730.0
12982,672,21,1035.0,305.0,710.0
12983,715,15,1075.0,405.0,770.0
12984,715,15,1250.0,580.0,770.0
12985,302,6,360.0,630.0,270.0
12986,302,6,1055.0,1325.0,270.0
12987,1637,22,1375.0,165.0,1670.0
12988,1638,22,770.0,960.0,1630.0
12989,974,23,875.0,495.0,1060.0
12990,976,23,1160.0,760.0,1040.0
12991,434,15,360.0,810.0,450.0
12992,434,15,840.0,1290.0,450.0
12993,2288,27,1365.0,970.0,2485.0
12994,2295,27,1185.0,780.0,2475.0
12995,944,19,950.0,535.0,1025.0
12996,945,19,1295.0,860.0,1005.0
13005,1906,57,1150.0,535.0,2265.0
13006,1907,56,1120.0,440.0,2200.0
13007,1949,112,575.0,420.0,2725.0
13008,1952,108,1260.0,1170.0,2790.0
13009,1558,77,1225.0,455.0,2110.0
13010,1559,78,1200.0,415.0,2095.0
13011,340,18,925.0,1370.0,445.0
13012,340,18,270.0,685.0,415.0
13013,111,6,435.0,575.0,140.0
13014,111,6,1120.0,1285.0,165.0
13015,158,5,640.0,825.0,185.0
13016,158,5,850.0,1035.0,185.0
13017,275,15,365.0,720.0,355.0
13018,275,15,940.0,1305.0,365.0
13019,1517,66,1305.0,565.0,2140.0
13020,1521,64,1315.0,760.0,2325.0
13021,691,42,945.0,505.0,1000.0
13022,692,42,600.0,240.0,1080.0
13023,658,33,1190.0,675.0,925.0
13024,658,33,740.0,220.0,920.0
13027,275,11,1360.0,260.0,340.0
13028,275,11,470.0,835.0,365.0
13033,419,49,1285.0,585.0,740.0
13034,419,45,930.0,255.0,765.0
13043,697,19,1370.0,945.0,1015.0
13044,698,19,1230.0,735.0,945.0
13049,1908,111,830.0,620.0,2670.0
13050,1909,106,1090.0,945.0,2735.0
13053,210,6,515.0,830.0,315.0
13054,210,6,1050.0,1360.0,310.0
13063,403,12,475.0,1170.0,695.0
13064,424,12,1230.0,375.0,585.0
13071,472,21,1295.0,430.0,575.0
13072,472,21,1170.0,330.0,600.0
13103,229,14,1100.0,1375.0,275.0
13104,229,14,335.0,625.0,290.0
13105,680,30,800.0,370.0,1010.0
13106,681,30,530.0,215.0,1125.0
13109,112,2,430.0,565.0,135.0
13110,112,2,825.0,960.0,135.0
13113,222,12,410.0,680.0,270.0
13114,222,12,980.0,1285.0,305.0
13117,222,11,970.0,1245.0,275.0
13118,222,11,400.0,680.0,280.0
13119,1627,89,1275.0,700.0,2305.0
13120,1627,91,1095.0,655.0,2440.0
13121,740,16,1205.0,630.0,865.0
13122,741,16,850.0,315.0,905.0
13129,78,2,430.0,535.0,105.0
13130,78,2,980.0,1090.0,110.0
13131,545,44,1190.0,585.0,835.0
13132,546,45,1030.0,450.0,860.0
13133,871,82,1275.0,1300.0,1465.0
13134,871,84,520.0,655.0,1575.0
13135,618,17,1255.0,655.0,840.0
13136,619,17,760.0,225.0,905.0
13137,785,22,685.0,365.0,1120.0
13138,786,22,480.0,225.0,1185.0
13141,716,34,820.0,435.0,1055.0
13142,716,34,705.0,275.0,1010.0
13145,473,20,1170.0,410.0,680.0
13146,473,20,1070.0,335.0,705.0
13147,692,24,1175.0,580.0,845.0
13148,692,24,925.0,310.0,825.0
13149,734,25,1230.0,730.0,940.0
13150,734,25,930.0,495.0,1005.0
13151,1978,96,705.0,550.0,2725.0
13152,1979,97,1135.0,945.0,2690.0
13153,350,14,1335.0,360.0,465.0
13154,350,15,1295.0,320.0,465.0
13155,618,19,1255.0,660.0,845.0
13156,618,19,775.0,225.0,890.0
13157,564,14,1255.0,555.0,740.0
13158,565,14,880.0,225.0,785.0
13159,542,16,1255.0,665.0,850.0
13160,542,16,875.0,200.0,765.0
13161,427,12,775.0,1355.0,580.0
13162,426,12,330.0,865.0,535.0
13163,589,33,1210.0,755.0,985.0
13164,589,33,860.0,435.0,1015.0
13165,606,15,1365.0,780.0,855.0
13166,618,15,1345.0,745.0,840.0
13167,1462,22,730.0,995.0,1705.0
13168,1463,22,280.0,525.0,1685.0
13169,569,27,1210.0,755.0,985.0
13170,568,27,860.0,435.0,1015.0
13185,625,22,1065.0,530.0,905.0
13186,626,21,995.0,415.0,860.0
13187,228,10,440.0,735.0,295.0
13188,228,10,845.0,1125.0,280.0
13201,1698,67,1425.0,690.0,2145.0
13202,1699,63,1335.0,595.0,2140.0
13205,223,9,1380.0,375.0,435.0
13206,223,9,540.0,890.0,350.0
13225,264,20,645.0,1200.0,555.0
13226,264,20,430.0,905.0,475.0
13233,108,15,990.0,1225.0,235.0
13234,108,15,460.0,705.0,245.0
13235,305,29,865.0,1415.0,550.0
13236,305,29,295.0,785.0,490.0
13237,1245,28,710.0,775.0,1505.0
13238,1246,28,890.0,1050.0,1600.0
13239,1198,24,710.0,775.0,1505.0
13240,1199,24,890.0,1050.0,1600.0
13241,271,21,455.0,900.0,445.0
13242,271,21,1435.0,410.0,415.0
13243,242,24,1065.0,1415.0,350.0
13244,242,24,255.0,615.0,360.0
13245,487,32,880.0,200.0,760.0
13246,485,35,1395.0,690.0,735.0
13247,969,41,300.0,200.0,1340.0
13248,967,44,1395.0,1315.0,1360.0
13249,193,12,305.0,610.0,305.0
13250,193,12,650.0,1005.0,355.0
13257,971,8,945.0,640.0,1135.0
13258,971,8,810.0,450.0,1080.0
13287,1112,51,445.0,465.0,2900.0
13288,1113,52,1225.0,1240.0,1455.0
13301,198,12,335.0,685.0,350.0
13302,197,12,800.0,1125.0,325.0
13303,295,10,310.0,720.0,410.0
13304,292,10,960.0,1385.0,425.0
13305,198,17,360.0,595.0,235.0
13306,198,17,1060.0,1300.0,240.0
13307,1600,74,1280.0,615.0,2215.0
13308,1600,71,1105.0,295.0,2070.0
13319,331,20,285.0,770.0,485.0
13320,328,20,805.0,1315.0,510.0
13329,290,11,1390.0,330.0,380.0
13330,290,11,1395.0,320.0,365.0
13331,367,22,490.0,1110.0,620.0
13332,367,22,505.0,995.0,490.0
13345,208,9,850.0,1250.0,400.0
13346,208,9,345.0,780.0,435.0
13347,493,32,1090.0,490.0,840.0
13348,493,32,1170.0,465.0,735.0
13351,2535,96,630.0,1165.0,3415.0
13352,2534,97,355.0,810.0,3335.0
13401,230,28,335.0,760.0,425.0
13402,230,28,960.0,1345.0,385.0
13403,572,26,1155.0,610.0,895.0
13404,575,26,1145.0,520.0,815.0
13409,231,17,340.0,670.0,330.0
13410,231,17,915.0,1260.0,345.0
13413,1399,63,1150.0,280.0,2010.0
13414,1399,61,1300.0,425.0,2005.0
13415,399,18,1230.0,360.0,570.0
13416,399,18,1310.0,500.0,630.0
13417,659,16,1435.0,865.0,870.0
13418,660,16,470.0,1360.0,890.0
13419,239,18,845.0,1240.0,395.0
13420,239,18,1385.0,360.0,415.0
13421,224,11,280.0,570.0,290.0
13422,224,11,950.0,1255.0,305.0
13423,1748,18,785.0,1435.0,2090.0
13424,1749,18,355.0,1050.0,2135.0
13425,2141,30,750.0,290.0,2420.0
13426,2130,30,770.0,375.0,2485.0
13429,1405,24,545.0,875.0,1770.0
13430,1405,24,1030.0,1430.0,1840.0
13465,329,15,915.0,1340.0,425.0
13466,329,15,370.0,770.0,400.0
13483,1447,65,1150.0,280.0,2010.0
13484,1447,63,1300.0,425.0,2005.0
13501,330,18,840.0,1235.0,395.0
13502,323,18,340.0,735.0,395.0
13505,379,14,870.0,1350.0,480.0
13506,372,14,340.0,820.0,480.0
13507,641,15,975.0,350.0,815.0
13508,643,15,1255.0,675.0,860.0
13509,859,24,975.0,780.0,1245.0
13510,861,22,900.0,675.0,1215.0
13511,166,9,780.0,990.0,210.0
13512,166,9,545.0,745.0,200.0
14001,471,2,1390.0,435.0,485.0
14002,471,2,1200.0,200.0,440.0
14003,1418,23,545.0,880.0,1775.0
14004,1418,23,1080.0,1430.0,1790.0
14005,1182,41,155.0,275.0,1560.0
14006,1183,43,910.0,1230.0,1760.0
14007,1235,34,1435.0,285.0,1730.0
14008,1236,34,985.0,1320.0,1775.0
14011,410,9,1260.0,320.0,500.0
14012,410,9,1330.0,430.0,540.0
14013,627,15,930.0,285.0,795.0
14014,627,15,985.0,390.0,845.0
14015,1218,35,20.0,285.0,1705.0
14016,1219,36,985.0,1290.0,1745.0
14017,1282,36,1435.0,285.0,1730.0
14018,1283,36,985.0,1320.0,1775.0
14019,2478,18,840.0,770.0,2810.0
14020,2479,18,1435.0,30.0,2915.0
14021,291,18,1345.0,345.0,440.0
14022,291,18,1335.0,340.0,445.0
14033,653,32,1210.0,665.0,895.0
14034,653,30,875.0,345.0,910.0
14035,495,19,1365.0,500.0,575.0
14036,495,20,1400.0,625.0,665.0
14041,338,20,1290.0,510.0,660.0
14042,338,20,1280.0,510.0,670.0
14043,237,13,910.0,1340.0,430.0
14044,237,13,440.0,870.0,430.0
14055,2578,62,1405.0,365.0,3280.0
14056,2579,61,1420.0,265.0,3165.0
14085,263,20,1080.0,40.0,400.0
14086,263,20,210.0,598.0,388.0
14095,269,14,335.0,670.0,335.0
14096,269,15,1015.0,1360.0,345.0
14101,208,13,995.0,1250.0,255.0
14102,208,13,580.0,880.0,300.0
14109,213,12,900.0,1205.0,305.0
14110,213,12,610.0,875.0,265.0
14113,360,15,210.0,790.0,580.0
14114,360,16,800.0,1345.0,545.0
14115,724,15,1425.0,825.0,840.0
14116,724,15,965.0,425.0,900.0
14117,263,10,270.0,680.0,410.0
14118,263,10,810.0,1230.0,420.0
14119,335,11,1185.0,260.0,515.0
14120,335,11,1375.0,430.0,495.0
14123,246,15,275.0,580.0,305.0
14124,246,15,1055.0,1380.0,325.0
14125,202,15,1095.0,65.0,410.0
14126,202,15,165.0,520.0,355.0
14151,429,13,470.0,1100.0,630.0
14152,478,13,1185.0,450.0,705.0
14163,629,30,1065.0,400.0,775.0
14164,629,24,1140.0,490.0,790.0
14201,197,11,980.0,1300.0,320.0
14202,197,11,405.0,725.0,320.0
14203,301,14,980.0,1330.0,350.0
14204,301,14,420.0,810.0,390.0
14205,614,11,1045.0,340.0,735.0
14206,614,11,1105.0,440.0,775.0
14207,659,16,1020.0,405.0,825.0
14208,659,16,1190.0,500.0,750.0
14209,194,8,940.0,1165.0,225.0
14210,194,8,450.0,690.0,240.0
14211,188,18,360.0,620.0,260.0
14212,191,18,1055.0,1325.0,270.0
14213,254,12,855.0,1215.0,360.0
14214,255,12,415.0,820.0,405.0
14215,200,11,360.0,610.0,250.0
14216,200,11,1080.0,1345.0,265.0
14217,875,41,845.0,565.0,1160.0
14218,875,40,1000.0,655.0,1095.0
14219,301,12,310.0,685.0,375.0
14220,301,12,775.0,1225.0,450.0
14221,203,9,305.0,620.0,315.0
14222,203,9,775.0,1080.0,305.0
14227,276,13,285.0,590.0,305.0
14228,276,12,1070.0,1410.0,340.0
14235,558,48,1420.0,860.0,880.0
14236,558,45,935.0,410.0,915.0
14257,793,32,840.0,375.0,975.0
14258,793,34,695.0,275.0,1020.0
14260,319,8,1415.0,395.0,420.0
14265,845,49,505.0,390.0,1325.0
14266,845,51,1095.0,935.0,1280.0
14307,460,41,1335.0,655.0,760.0
14308,460,40,1035.0,335.0,740.0
14309,1226,30,900.0,1180.0,1720.0
14310,1228,30,350.0,545.0,1635.0
14311,1543,46,360.0,840.0,1920.0
14312,1540,45,760.0,1235.0,1915.0
14313,1592,26,485.0,930.0,1885.0
14314,1591,27,660.0,1200.0,1980.0
14315,257,16,275.0,615.0,340.0
14316,257,16,995.0,1310.0,315.0
14317,1165,30,900.0,1180.0,1720.0
14318,1168,30,350.0,400.0,1490.0
14319,1021,19,1010.0,930.0,1360.0
14320,1020,19,660.0,665.0,1445.0
14321,1409,46,360.0,570.0,1650.0
14322,1407,45,1025.0,1235.0,1650.0
14323,71,6,635.0,775.0,140.0
14324,71,6,855.0,960.0,105.0
14369,722,36,980.0,755.0,1215.0
14370,722,36,730.0,455.0,1165.0
14371,201,10,780.0,1035.0,255.0
14372,201,10,355.0,645.0,290.0
14501,523,13,1250.0,445.0,635.0
14502,523,13,1395.0,620.0,665.0
14503,479,10,1140.0,275.0,575.0
14504,479,10,1280.0,470.0,630.0
14505,286,11,845.0,1190.0,345.0
14506,286,12,445.0,800.0,355.0
14511,773,29,1060.0,715.0,1095.0
14512,773,28,1010.0,595.0,1025.0
14519,335,19,890.0,1340.0,450.0
14520,335,19,415.0,850.0,435.0
14521,261,14,790.0,1125.0,335.0
14522,261,14,340.0,700.0,360.0
14523,1295,21,300.0,475.0,1615.0
14524,1296,21,1365.0,130.0,1645.0
14525,314,15,315.0,720.0,405.0
14526,314,15,840.0,1255.0,415.0
14545,212,27,790.0,1285.0,495.0
14546,203,27,365.0,760.0,395.0
14553,398,28,1375.0,525.0,590.0
14554,398,26,1210.0,330.0,560.0
14555,271,21,850.0,1305.0,455.0
14556,271,21,360.0,785.0,425.0
14601,184,10,310.0,535.0,225.0
14602,184,10,730.0,995.0,265.0
14603,1568,33,985.0,175.0,2070.0
14604,1571,33,790.0,1200.0,1850.0
14609,635,22,985.0,390.0,845.0
14610,635,22,980.0,515.0,975.0
14611,1385,14,510.0,755.0,1685.0
14613,236,8,990.0,1290.0,300.0
14614,236,8,420.0,705.0,285.0
14615,661,18,1395.0,915.0,960.0
14616,661,18,355.0,1225.0,870.0
14623,1027,23,615.0,375.0,1200.0
14624,1029,23,740.0,590.0,1290.0
14625,382,18,405.0,855.0,450.0
14626,382,18,260.0,700.0,440.0
14629,123,9,430.0,585.0,155.0
14630,123,9,1060.0,1210.0,150.0
14631,462,27,1140.0,450.0,750.0
14632,462,29,1330.0,635.0,745.0
14633,106,7,555.0,705.0,150.0
14634,106,7,850.0,1000.0,150.0
14645,639,29,950.0,325.0,815.0
14646,639,28,1260.0,655.0,835.0
14649,1668,63,435.0,1435.0,2440.0
14650,1669,58,715.0,75.0,2240.0
14659,919,39,1055.0,705.0,1090.0
14660,919,39,1005.0,675.0,1110.0
14661,209,8,330.0,570.0,240.0
14662,209,8,1080.0,1335.0,255.0
14673,1650,58,435.0,1435.0,2440.0
14674,1653,58,715.0,75.0,2240.0
14681,438,21,885.0,1430.0,545.0
14682,438,21,250.0,775.0,525.0
14703,314,14,600.0,995.0,395.0
14704,314,14,440.0,820.0,380.0
14707,1211,34,570.0,580.0,1450.0
14708,1209,34,905.0,935.0,1470.0
14709,2094,31,1025.0,585.0,2440.0
14710,2091,31,390.0,1320.0,2370.0
14711,471,21,855.0,5.0,590.0
14712,471,21,250.0,810.0,560.0
14713,534,15,885.0,155.0,710.0
14714,534,15,330.0,1080.0,750.0
14715,445,10,270.0,920.0,650.0
14716,445,10,980.0,120.0,580.0
14717,751,14,1385.0,920.0,975.0
14718,751,14,980.0,475.0,935.0
14723,604,31,1045.0,580.0,975.0
14724,605,30,1115.0,670.0,995.0
14731,521,29,860.0,60.0,640.0
14732,521,29,120.0,765.0,645.0
14795,108,6,270.0,415.0,145.0
14796,108,6,1240.0,1400.0,160.0
14801,735,41,420.0,1380.0,960.0
14803,479,17,625.0,1200.0,575.0
14804,479,17,1260.0,420.0,600.0
14805,2242,38,630.0,480.0,2730.0
14806,2240,37,60.0,195.0,3015.0
14807,150,10,595.0,770.0,175.0
14808,150,10,860.0,1065.0,205.0
14809,300,11,405.0,765.0,360.0
14810,300,11,1410.0,360.0,390.0
14811,291,12,860.0,1260.0,400.0
14812,291,12,410.0,790.0,380.0
14853,1193,36,1045.0,1120.0,1515.0
14854,1194,37,570.0,630.0,1500.0
14863,1145,31,1095.0,1120.0,1465.0
14864,1146,32,570.0,525.0,1395.0
14865,1170,33,1095.0,1120.0,1465.0
14866,1171,33,570.0,530.0,1400.0
14887,1082,40,1290.0,1215.0,1365.0
14888,1082,40,405.0,355.0,1390.0
14889,324,2,60.0,420.0,360.0
14890,324,2,1140.0,1430.0,290.0
15001,1122,26,840.0,835.0,1435.0
15002,1124,26,925.0,970.0,1485.0
15003,551,31,1000.0,415.0,855.0
15004,551,28,1365.0,725.0,800.0
15005,813,16,1275.0,835.0,1000.0
15006,814,16,925.0,485.0,1000.0
15007,503,36,1020.0,345.0,765.0
15008,505,37,1390.0,745.0,795.0
15009,329,16,1320.0,365.0,485.0
15011,698,20,1380.0,900.0,960.0
15012,698,20,1025.0,550.0,965.0
15013,1255,39,45.0,305.0,1700.0
15014,1256,39,1240.0,1395.0,1595.0
15015,2501,23,395.0,585.0,3070.0
15016,2504,23,455.0,810.0,3235.0
15017,1718,73,395.0,1150.0,2195.0
15018,1718,73,330.0,1085.0,2195.0
15019,81,5,690.0,845.0,155.0
15020,81,5,875.0,1020.0,145.0
15021,1056,15,1222.0,985.0,1203.0
15022,1055,15,820.0,595.0,1215.0
15023,2460,24,530.0,675.0,3025.0
15024,2473,24,1420.0,1185.0,2645.0
15025,823,11,645.0,225.0,1020.0
15026,823,11,775.0,400.0,1065.0
15027,859,50,1025.0,1045.0,1460.0
15028,864,50,445.0,490.0,1485.0
15029,1747,20,1045.0,245.0,2080.0
15030,1748,20,645.0,1200.0,1995.0
15033,243,8,1110.0,1415.0,305.0
15034,243,8,515.0,825.0,310.0
15035,278,10,960.0,1365.0,405.0
15036,277,10,525.0,925.0,400.0
15037,246,20,645.0,1000.0,355.0
15038,247,20,740.0,1075.0,335.0
15039,107,8,410.0,565.0,155.0
15040,107,8,530.0,650.0,120.0
15041,107,9,1115.0,1250.0,135.0
15042,107,9,1280.0,1420.0,140.0
15043,341,11,1315.0,480.0,605.0
15044,341,11,650.0,1120.0,470.0
15045,2285,39,285.0,235.0,2830.0
15046,2286,39,1260.0,1165.0,2785.0
15047,855,19,870.0,465.0,1035.0
15048,858,19,690.0,265.0,1015.0
15049,879,27,870.0,585.0,1155.0
15050,882,27,480.0,265.0,1225.0
15051,873,22,870.0,495.0,1065.0
15052,875,23,610.0,265.0,1095.0
15053,535,13,1175.0,540.0,805.0
15054,536,13,1250.0,670.0,860.0
15055,440,21,790.0,1425.0,635.0
15056,440,21,1060.0,300.0,680.0
15057,748,8,1255.0,660.0,845.0
15058,749,8,1030.0,450.0,860.0
15059,248,11,270.0,660.0,390.0
15060,248,11,845.0,1235.0,390.0
15063,1745,23,330.0,960.0,2070.0
15064,1745,23,1070.0,270.0,2080.0
15065,1743,23,330.0,980.0,2090.0
15066,1743,23,1070.0,270.0,2080.0
15067,1896,26,330.0,1205.0,2315.0
15068,1895,26,20.0,1055.0,2475.0
15069,333,11,240.0,605.0,365.0
15070,333,11,990.0,1405.0,415.0
15097,1777,31,1430.0,755.0,2205.0
15098,1780,31,1365.0,600.0,2115.0
15101,1878,19,1275.0,375.0,1980.0
15102,1882,19,935.0,280.0,2225.0
15103,234,15,960.0,1305.0,345.0
15104,234,16,325.0,670.0,345.0
15105,177,10,380.0,620.0,240.0
15106,179,16,1030.0,1290.0,260.0
15111,222,14,225.0,520.0,295.0
15112,222,14,1115.0,1430.0,315.0
15115,996,21,675.0,715.0,1480.0
15116,996,21,840.0,800.0,1400.0
15117,492,11,505.0,1130.0,625.0
15118,493,10,600.0,1235.0,635.0
15119,2790,37,1380.0,285.0,3225.0
15120,2785,37,1260.0,35.0,3095.0
15159,1091,50,430.0,450.0,1460.0
15160,1092,46,1225.0,1300.0,1515.0
15201,204,17,1000.0,1425.0,425.0
15202,204,17,315.0,670.0,355.0
15203,670,37,1230.0,780.0,990.0
15204,674,37,900.0,480.0,1020.0
15205,585,28,1050.0,430.0,820.0
15206,585,27,1240.0,570.0,770.0
15209,1520,48,525.0,1020.0,1935.0
15210,1523,48,395.0,930.0,1975.0
15211,1485,48,1040.0,110.0,1950.0
15212,1486,46,1145.0,180.0,1915.0
15215,159,13,435.0,695.0,260.0
15216,159,13,780.0,1010.0,230.0
15227,2729,36,1435.0,240.0,3125.0
15228,2729,35,445.0,710.0,3145.0
15231,1523,32,600.0,1130.0,1970.0
15232,1520,34,1260.0,510.0,2130.0
15233,534,10,640.0,1350.0,710.0
15234,534,10,945.0,190.0,685.0
15235,535,11,665.0,1350.0,685.0
15236,536,11,945.0,180.0,675.0
15267,1924,24,1010.0,360.0,2230.0
15268,1925,23,950.0,460.0,2390.0
15269,1744,25,1280.0,550.0,2150.0
15270,1745,25,990.0,240.0,2130.0
15271,549,12,665.0,1370.0,705.0
15272,550,12,915.0,180.0,705.0
15273,955,45,530.0,545.0,1455.0
15274,956,45,1045.0,1005.0,1400.0
15275,109,8,1435.0,165.0,170.0
15276,109,8,225.0,445.0,220.0
15279,1182,22,705.0,725.0,1460.0
15280,1185,22,1030.0,1140.0,1550.0
15283,373,19,1410.0,630.0,660.0
15284,373,19,280.0,895.0,615.0
15417,589,26,970.0,595.0,1065.0
15418,589,26,1035.0,510.0,915.0
15463,308,15,675.0,1080.0,405.0
15464,309,15,450.0,865.0,415.0
15483,1638,58,565.0,1360.0,2235.0
15484,1638,59,395.0,1200.0,2245.0
15529,1253,25,895.0,1060.0,1605.0
15530,1255,25,1425.0,185.0,1640.0
15531,1612,28,195.0,915.0,2160.0
15532,1615,28,1070.0,235.0,2045.0
15547,1963,20,1100.0,450.0,2230.0
15548,1963,20,680.0,1400.0,2160.0
15549,243,10,360.0,820.0,460.0
15550,243,10,930.0,1380.0,450.0
15559,2018,27,1005.0,540.0,2415.0
15560,2020,27,1165.0,735.0,2450.0
15563,1865,26,80.0,780.0,2140.0
15564,1866,26,530.0,1360.0,2270.0
15601,2294,14,1110.0,780.0,2550.0
15602,2295,14,1425.0,1245.0,2700.0
15603,571,35,1245.0,645.0,840.0
15604,570,35,895.0,285.0,830.0
15605,233,20,300.0,700.0,400.0
15606,233,20,865.0,1270.0,405.0
15613,491,25,1230.0,480.0,690.0
15614,491,25,1140.0,425.0,725.0
15617,332,14,1280.0,295.0,455.0
15618,332,14,1180.0,265.0,525.0
15619,1093,21,775.0,750.0,1415.0
15620,1093,21,420.0,340.0,1360.0
15621,1901,25,335.0,1060.0,2165.0
15622,1904,25,1425.0,885.0,2340.0
15623,2541,46,930.0,1385.0,3335.0
15624,2540,46,1035.0,1305.0,3150.0
15629,2796,40,1305.0,285.0,3300.0
15630,2797,40,900.0,1275.0,3255.0
15631,2462,34,1350.0,60.0,3030.0
15632,2461,34,645.0,600.0,2835.0
15635,3219,44,700.0,420.0,4040.0
15636,3219,44,645.0,235.0,3910.0
15639,1512,26,865.0,1295.0,1870.0
15640,1513,26,1145.0,190.0,1925.0
15643,1534,27,1335.0,370.0,1915.0
15644,1548,26,1425.0,450.0,1905.0
15645,2598,47,485.0,720.0,3115.0
15646,2597,48,1015.0,1200.0,3065.0
15647,2740,54,485.0,780.0,3175.0
15648,2739,55,900.0,1200.0,3180.0
15651,2344,43,790.0,755.0,2845.0
15652,2348,43,1365.0,1420.0,2935.0
15653,2431,43,790.0,755.0,2845.0
15654,2433,43,1365.0,1420.0,2935.0
15655,2606,40,645.0,960.0,3195.0
15656,2607,40,220.0,750.0,3410.0
15657,977,33,395.0,240.0,1285.0
15658,977,33,1375.0,1165.0,1230.0
15659,1555,40,395.0,1260.0,2305.0
15660,1554,40,330.0,1165.0,2275.0
15661,1228,29,1230.0,1360.0,1570.0
15662,1232,29,720.0,870.0,1590.0
15665,250,9,870.0,1210.0,340.0
15666,249,9,1305.0,210.0,345.0
15667,3142,36,820.0,370.0,3870.0
15668,3142,36,660.0,160.0,3820.0
15669,250,7,1415.0,300.0,325.0
15670,249,7,360.0,655.0,295.0
15707,1787,51,1365.0,765.0,2280.0
15708,1790,53,430.0,1210.0,2220.0
15711,398,11,1315.0,405.0,530.0
15712,419,11,1350.0,440.0,530.0
15713,289,19,380.0,795.0,415.0
15714,289,19,855.0,1285.0,430.0
15715,1834,28,360.0,1290.0,2370.0
15716,1834,28,665.0,195.0,2410.0
15717,405,26,705.0,1390.0,685.0
15718,404,26,300.0,930.0,630.0
15719,202,18,360.0,675.0,315.0
15720,202,18,900.0,1215.0,315.0
15721,752,18,990.0,570.0,1020.0
15722,773,18,1215.0,720.0,945.0
15723,545,13,1270.0,615.0,785.0
15724,545,13,1035.0,315.0,720.0
15765,262,19,370.0,766.0,396.0
15766,262,19,795.0,1305.0,510.0
15767,161,14,1005.0,1290.0,285.0
15768,161,14,360.0,600.0,240.0
15769,450,27,245.0,840.0,595.0
15770,449,26,910.0,55.0,585.0
15771,300,20,300.0,730.0,430.0
15772,300,20,960.0,1390.0,430.0
15815,182,12,1005.0,1290.0,285.0
15816,182,12,315.0,600.0,285.0
15903,2636,35,420.0,810.0,3270.0
15904,2640,35,1395.0,495.0,3420.0
15905,4260,57,1380.0,400.0,4780.0
15906,4256,58,1385.0,590.0,4965.0
15909,3114,89,575.0,270.0,4015.0
15927,595,27,330.0,1200.0,870.0
15928,595,27,345.0,1185.0,840.0
15929,3353,51,1305.0,1080.0,4095.0
15930,3353,51,1425.0,1275.0,4170.0
15933,2870,38,420.0,1265.0,3725.0
15934,2872,38,945.0,295.0,3670.0
15941,1712,32,1325.0,715.0,2270.0
15942,1712,32,330.0,1070.0,2180.0
15959,1507,56,1055.0,355.0,2180.0
15960,1528,56,1105.0,345.0,2120.0
15967,604,31,330.0,1255.0,925.0
15968,603,31,300.0,1185.0,885.0
16003,1365,26,550.0,715.0,1605.0
16004,1363,27,810.0,1005.0,1635.0
16021,498,24,1275.0,410.0,575.0
16022,499,23,1230.0,420.0,630.0
16023,143,10,500.0,690.0,190.0
16024,143,10,795.0,975.0,180.0
16031,2859,81,315.0,920.0,3485.0
16032,2857,82,1315.0,620.0,3625.0
16053,148,8,855.0,1070.0,215.0
16054,146,9,600.0,820.0,220.0
16057,148,8,385.0,580.0,195.0
16058,146,9,1085.0,1315.0,230.0
16085,144,15,1085.0,1275.0,190.0
16086,144,14,415.0,585.0,170.0
16089,212,16,1075.0,1340.0,265.0
16090,213,16,295.0,550.0,255.0
16093,2086,47,315.0,1240.0,2365.0
16094,2083,46,980.0,620.0,2520.0
16101,664,24,1155.0,505.0,790.0
16102,664,25,1020.0,395.0,815.0
16105,775,29,965.0,500.0,975.0
16106,774,29,1140.0,685.0,985.0
16115,196,10,1090.0,1345.0,255.0
16116,196,10,335.0,570.0,235.0
16127,1095,48,495.0,350.0,1295.0
16128,1096,48,1285.0,1230.0,1385.0
16129,31,4,1170.0,1230.0,60.0
16130,31,3,470.0,510.0,40.0
16175,360,16,1325.0,390.0,505.0
16176,360,16,1260.0,310.0,490.0
16179,394,13,1280.0,340.0,500.0
16180,394,13,1285.0,345.0,500.0
16181,682,26,1220.0,560.0,780.0
16182,682,27,960.0,335.0,815.0
16183,351,18,1350.0,370.0,460.0
16184,350,18,1280.0,270.0,430.0
16185,10,2,355.0,390.0,35.0
16186,10,2,1245.0,1270.0,25.0
16187,591,29,970.0,400.0,870.0
16188,592,27,1335.0,710.0,815.0
16203,148,10,995.0,1210.0,215.0
16204,146,11,405.0,645.0,240.0
16205,372,13,870.0,1335.0,465.0
16206,372,13,360.0,810.0,450.0
16209,2278,45,330.0,360.0,2910.0
16210,2279,44,1110.0,1060.0,2830.0
16215,138,10,405.0,570.0,165.0
16216,138,10,1095.0,1265.0,170.0
16217,1304,24,310.0,690.0,1820.0
16218,1304,24,1435.0,360.0,1805.0
16227,508,35,1180.0,435.0,695.0
16228,508,31,1220.0,480.0,700.0
16229,2698,35,440.0,720.0,3160.0
16231,676,24,1065.0,520.0,895.0
16232,676,25,930.0,420.0,930.0
16233,120,7,490.0,650.0,160.0
16234,120,7,770.0,915.0,145.0
16235,775,35,995.0,585.0,1030.0
16301,327,30,865.0,1350.0,485.0
16302,327,30,300.0,775.0,475.0
16303,220,19,300.0,595.0,295.0
16304,219,19,1065.0,1375.0,310.0
16305,282,16,405.0,750.0,345.0
16306,282,17,875.0,1230.0,355.0
16307,338,27,895.0,1350.0,455.0
16308,339,28,300.0,785.0,485.0
16311,2701,44,1300.0,170.0,3190.0
16312,2704,44,945.0,1310.0,3245.0
16313,338,27,895.0,1350.0,455.0
16314,339,26,300.0,785.0,485.0
16315,829,22,1020.0,545.0,965.0
16316,830,22,1005.0,515.0,950.0
16317,3769,71,855.0,920.0,4385.0
16318,3765,75,1315.0,1315.0,4320.0
16331,1953,43,730.0,200.0,2350.0
16332,1954,42,265.0,1250.0,2425.0
16333,2407,59,265.0,170.0,2785.0
16334,2411,59,945.0,1005.0,2940.0
16335,2348,56,440.0,255.0,2695.0
16336,2352,56,885.0,780.0,2775.0
16337,2253,50,245.0,1340.0,2535.0
16338,2258,51,1225.0,1025.0,2680.0
16339,1874,40,730.0,200.0,2350.0
16340,1875,39,390.0,1250.0,2300.0
16341,302,23,195.0,585.0,390.0
16342,302,22,1050.0,20.0,410.0
16343,609,22,1350.0,790.0,880.0
16344,610,22,945.0,385.0,880.0
16345,1510,46,700.0,1075.0,1815.0
16346,1514,46,585.0,1000.0,1855.0
16347,630,50,1240.0,665.0,865.0
16348,632,49,860.0,285.0,865.0
16349,67,9,365.0,440.0,75.0
16350,66,9,1250.0,1330.0,80.0
16351,1942,47,730.0,255.0,2405.0
16352,1945,46,300.0,1250.0,2390.0
16353,1490,31,960.0,1260.0,1740.0
16354,1492,31,490.0,840.0,1790.0
16359,2987,44,1410.0,590.0,3500.0
16360,2980,44,990.0,1395.0,3285.0
16381,2130,63,945.0,755.0,2690.0
16382,2132,62,400.0,280.0,2760.0
16501,1797,25,1120.0,260.0,2020.0
16502,1785,27,810.0,140.0,2210.0
16505,1949,34,540.0,195.0,2535.0
16506,1952,33,1310.0,750.0,2320.0
16507,2103,46,320.0,195.0,2755.0
16508,2104,45,1310.0,1010.0,2580.0
16515,667,22,430.0,1380.0,950.0
16516,649,22,330.0,1230.0,900.0
16517,579,20,1230.0,670.0,880.0
16518,578,20,1000.0,500.0,940.0
16519,148,16,265.0,480.0,215.0
16520,148,15,1050.0,1250.0,200.0
16521,70,8,1300.0,1405.0,105.0
16522,70,8,1175.0,1270.0,95.0
16523,262,14,540.0,855.0,315.0
16524,260,14,880.0,1220.0,340.0
16525,934,46,630.0,440.0,1250.0
16526,934,49,1200.0,920.0,1160.0
16527,655,18,1200.0,560.0,800.0
16528,654,18,1085.0,480.0,835.0
16531,2213,38,330.0,285.0,2835.0
16532,2201,38,1020.0,1060.0,2920.0
16533,2173,30,330.0,285.0,2835.0
16534,2161,30,1020.0,1005.0,2865.0
16535,966,32,960.0,760.0,1240.0
16536,964,32,850.0,660.0,1250.0
16557,138,9,870.0,1030.0,160.0
16558,138,9,630.0,810.0,180.0
16565,833,20,1435.0,1060.0,1065.0
16566,833,20,1215.0,810.0,1035.0
16569,611,15,870.0,210.0,780.0
16570,599,15,840.0,210.0,810.0
16571,687,18,1140.0,555.0,855.0
16572,687,18,1085.0,460.0,815.0
16573,453,10,1260.0,435.0,615.0
16574,452,10,1250.0,500.0,690.0
16575,409,14,430.0,1015.0,585.0
16576,394,14,690.0,1230.0,540.0
16577,333,12,975.0,1410.0,435.0
16578,332,12,375.0,750.0,375.0
16579,268,9,540.0,885.0,345.0
16580,267,9,930.0,1260.0,330.0
16581,268,10,1430.0,360.0,370.0
16582,267,10,1425.0,350.0,365.0
16587,2440,35,300.0,410.0,2990.0
16588,2440,34,1325.0,195.0,3190.0
16589,797,30,1275.0,820.0,985.0
16590,794,30,845.0,405.0,1000.0
16591,668,30,1100.0,555.0,895.0
16592,668,30,1140.0,640.0,940.0
16593,1021,43,360.0,330.0,1410.0
16594,1021,43,1365.0,1410.0,1485.0
16603,620,32,1065.0,445.0,820.0
16604,619,31,1165.0,485.0,760.0
16605,691,41,440.0,1395.0,955.0
16606,689,41,120.0,1020.0,900.0
16613,2220,35,325.0,120.0,2675.0
16614,2222,36,1410.0,1140.0,2610.0
16615,334,10,1215.0,285.0,510.0
16616,334,9,30.0,460.0,430.0
16617,498,17,1140.0,400.0,700.0
16618,498,15,1185.0,390.0,645.0
16629,631,54,1125.0,615.0,930.0
16630,632,54,1095.0,550.0,895.0
16649,703,52,325.0,1255.0,930.0
16650,702,50,260.0,1215.0,955.0
16687,3663,63,1025.0,920.0,4215.0
16688,3661,67,1315.0,1365.0,4370.0
16723,858,31,1190.0,780.0,1030.0
16724,858,32,900.0,485.0,1025.0
16733,3177,42,1335.0,830.0,3815.0
16734,3175,42,450.0,1185.0,3615.0
16779,816,23,780.0,455.0,1115.0
16780,817,23,960.0,615.0,1095.0
16787,454,11,960.0,105.0,585.0
16788,454,11,545.0,1110.0,565.0
16790,454,11,820.0,55.0,675.0
16791,347,29,200.0,800.0,600.0
16792,348,29,960.0,85.0,565.0
16793,2916,20,1380.0,510.0,3450.0
16794,2912,20,1435.0,430.0,3315.0
16853,400,19,510.0,975.0,465.0
16854,400,19,600.0,1070.0,470.0
16855,796,23,995.0,570.0,1015.0
16856,795,23,1025.0,600.0,1015.0
16857,861,19,995.0,595.0,1040.0
16858,861,19,1025.0,600.0,1015.0
16859,983,52,1395.0,1305.0,1350.0
16860,982,53,415.0,255.0,1280.0
16861,699,23,705.0,195.0,930.0
16862,698,23,830.0,325.0,935.0
16863,2853,43,930.0,1035.0,2985.0
16864,2855,42,745.0,1070.0,3205.0
17001,771,25,1030.0,540.0,950.0
17002,771,25,1000.0,558.0,998.0
17009,163,9,410.0,625.0,215.0
17010,162,9,1155.0,1365.0,210.0
17011,316,21,290.0,660.0,370.0
17012,305,20,720.0,1065.0,345.0
17013,639,15,855.0,270.0,855.0
17014,640,15,1365.0,795.0,870.0
17015,1135,41,510.0,450.0,1380.0
17016,1135,41,1010.0,940.0,1370.0
17017,1467,27,325.0,630.0,1745.0
17018,1468,28,900.0,1140.0,1680.0
17019,2002,34,900.0,490.0,2470.0
17020,2004,34,915.0,385.0,2350.0
17021,376,9,560.0,1025.0,465.0
17022,373,9,1260.0,460.0,640.0
17023,243,16,450.0,750.0,300.0
17024,243,14,900.0,1195.0,295.0
17025,341,15,1290.0,285.0,435.0
17026,341,15,1425.0,420.0,435.0
17027,243,13,1015.0,1295.0,280.0
17028,243,13,330.0,660.0,330.0
17031,791,26,765.0,355.0,1030.0
17032,793,26,1240.0,785.0,985.0
17037,2120,28,1435.0,1010.0,2455.0
17038,2121,28,940.0,530.0,2470.0
17057,875,30,1270.0,870.0,1040.0
17058,875,29,745.0,430.0,1125.0
17063,615,23,1250.0,530.0,720.0
17064,615,23,1090.0,405.0,755.0
17201,391,24,360.0,825.0,465.0
17202,390,25,780.0,1275.0,495.0
17203,2051,31,265.0,1275.0,2450.0
17204,2053,32,225.0,1185.0,2400.0
17205,1346,39,1030.0,1175.0,1585.0
17206,1347,39,360.0,558.0,1638.0
17207,1129,32,1030.0,915.0,1325.0
17208,1130,32,635.0,558.0,1363.0
17209,962,35,660.0,405.0,1185.0
17210,962,36,1055.0,750.0,1135.0
17211,768,21,915.0,585.0,1110.0
17212,768,21,870.0,435.0,1005.0
17213,1092,23,625.0,510.0,1325.0
17214,1092,23,675.0,660.0,1425.0
17215,619,16,1390.0,780.0,830.0
17216,619,16,960.0,410.0,890.0
17221,1306,23,525.0,665.0,1580.0
17222,1306,23,745.0,810.0,1505.0
17225,693,26,1185.0,680.0,935.0
17226,691,26,810.0,315.0,945.0
17229,1562,43,435.0,775.0,1780.0
17230,1563,43,675.0,1100.0,1865.0
17231,1048,27,625.0,600.0,1415.0
17232,1048,28,675.0,660.0,1425.0
17233,375,34,925.0,60.0,575.0
17234,374,34,130.0,645.0,515.0
17235,669,16,1035.0,470.0,875.0
17236,668,16,1150.0,545.0,835.0
17239,382,27,480.0,1100.0,620.0
17240,383,26,440.0,930.0,490.0
17241,76,8,600.0,720.0,120.0
17242,77,8,750.0,875.0,125.0
17255,462,21,1135.0,325.0,630.0
17256,464,21,1305.0,520.0,655.0
17301,493,18,1350.0,480.0,570.0
17302,490,17,1230.0,420.0,630.0
17305,90,4,975.0,1100.0,125.0
17307,993,34,810.0,730.0,1360.0
17308,994,32,850.0,830.0,1420.0
17309,665,18,870.0,360.0,930.0
17310,662,18,1245.0,710.0,905.0
17311,1029,24,900.0,780.0,1320.0
17312,1027,25,870.0,705.0,1275.0
17315,1269,24,540.0,745.0,1645.0
17316,1273,27,1425.0,360.0,1815.0
17317,732,16,945.0,435.0,930.0
17318,731,16,1125.0,675.0,990.0
17319,660,22,1250.0,705.0,895.0
17320,661,22,940.0,450.0,950.0
17321,796,12,1350.0,1015.0,1105.0
17322,797,13,1275.0,1055.0,1220.0
17323,2037,24,1070.0,720.0,2530.0
17324,2037,24,1265.0,780.0,2395.0
17325,607,25,480.0,1240.0,760.0
17326,609,25,370.0,1145.0,775.0
17401,466,21,1155.0,325.0,610.0
17402,466,21,1140.0,275.0,575.0
17403,94,8,200.0,340.0,140.0
17404,94,9,1040.0,1205.0,165.0
17405,1154,61,325.0,375.0,1490.0
17406,1153,62,1245.0,1285.0,1480.0
17407,462,19,640.0,1280.0,640.0
17408,463,19,345.0,995.0,650.0
17409,184,9,480.0,720.0,240.0
17410,184,9,900.0,1140.0,240.0
17411,517,18,1220.0,445.0,665.0
17412,517,19,1230.0,445.0,655.0
17413,302,11,1280.0,245.0,405.0
17414,302,11,515.0,920.0,405.0
17415,904,31,1260.0,995.0,1175.0
17416,903,32,695.0,480.0,1225.0
17417,1419,37,420.0,735.0,1755.0
17418,1419,38,1150.0,1395.0,1685.0
17419,778,31,680.0,360.0,1120.0
17420,777,26,540.0,230.0,1130.0
17479,1231,72,750.0,980.0,1670.0
17480,1231,73,635.0,880.0,1685.0
17481,1402,65,605.0,980.0,1815.0
17482,1400,66,635.0,1060.0,1865.0
17487,735,36,1230.0,690.0,900.0
17488,736,33,840.0,320.0,920.0
17603,653,18,1265.0,630.0,805.0
17604,652,18,930.0,300.0,810.0
17605,1522,28,1215.0,1430.0,1655.0
17606,1518,28,360.0,690.0,1770.0
17609,1736,17,1390.0,430.0,1920.0
17610,1738,17,1090.0,150.0,1940.0
17613,667,13,960.0,565.0,1045.0
17614,667,14,1050.0,540.0,930.0
17615,1283,23,360.0,390.0,1470.0
17616,1286,23,770.0,840.0,1510.0
17617,604,20,375.0,1080.0,705.0
17618,604,20,605.0,1310.0,705.0
17619,236,8,45.0,390.0,345.0
17620,236,8,710.0,1040.0,330.0
17621,1148,28,1250.0,1205.0,1395.0
17622,1148,28,1305.0,1365.0,1500.0
17623,1675,29,540.0,1170.0,2070.0
17624,1677,29,940.0,165.0,2105.0
17625,347,21,1330.0,370.0,480.0
17626,341,19,1350.0,475.0,565.0
17639,513,21,430.0,1110.0,680.0
17640,513,21,570.0,1215.0,645.0
17641,730,32,430.0,1390.0,960.0
17642,730,32,270.0,1215.0,945.0
17643,759,36,960.0,610.0,1090.0
17644,760,36,870.0,500.0,1070.0
17651,825,21,935.0,475.0,980.0
17652,824,23,990.0,540.0,990.0
17687,416,24,900.0,5.0,545.0
17688,419,24,240.0,800.0,560.0
18005,1163,48,1290.0,1365.0,1515.0
18006,1164,46,255.0,375.0,1560.0
18007,260,13,1055.0,1375.0,320.0
18008,259,13,375.0,755.0,380.0
18009,2000,24,780.0,330.0,2430.0
18010,2002,24,1165.0,835.0,2550.0
18029,1957,83,1320.0,740.0,2300.0
18030,1955,82,900.0,290.0,2270.0
18047,2128,44,1410.0,905.0,2375.0
18048,2125,45,430.0,1360.0,2370.0
18101,2017,71,890.0,850.0,2840.0
18102,2017,72,860.0,620.0,2640.0
18103,1746,25,1275.0,390.0,1995.0
18104,1747,25,755.0,1305.0,1990.0
18107,644,13,1090.0,475.0,825.0
18108,644,13,1005.0,375.0,810.0
18111,2434,42,1115.0,1085.0,2850.0
18112,2421,42,630.0,735.0,2985.0
18117,796,26,1280.0,855.0,1015.0
18118,796,26,870.0,480.0,1050.0
18181,629,37,1295.0,985.0,1130.0
18182,629,37,755.0,395.0,1080.0
18183,507,36,495.0,1185.0,690.0
18184,507,35,345.0,1040.0,695.0
18189,159,9,930.0,1100.0,170.0
18190,159,10,370.0,550.0,180.0
18191,685,33,1080.0,740.0,1100.0
18192,687,31,815.0,520.0,1145.0
18201,1207,25,1180.0,1355.0,1615.0
18202,1212,25,675.0,860.0,1625.0
18203,879,20,1180.0,800.0,1060.0
18204,883,21,1100.0,790.0,1130.0
18205,1153,24,1180.0,1355.0,1615.0
18206,1161,24,470.0,790.0,1760.0
18207,1396,22,960.0,1070.0,1550.0
18208,1404,22,1170.0,1335.0,1605.0
18211,660,15,780.0,210.0,870.0
18212,665,15,755.0,325.0,1010.0
18213,1250,20,960.0,920.0,1400.0
18214,1258,20,1300.0,1335.0,1475.0
18215,1906,26,540.0,1295.0,2195.0
18216,1916,26,300.0,1150.0,2290.0
18233,1008,72,1035.0,1035.0,1440.0
18234,1009,74,640.0,650.0,1450.0
18235,720,67,480.0,230.0,1190.0
18236,721,67,1235.0,1095.0,1300.0
18237,1998,85,855.0,490.0,2515.0
18238,1990,89,970.0,735.0,2645.0
18239,520,31,1075.0,330.0,695.0
18240,406,18,1415.0,420.0,445.0
18241,463,32,1250.0,480.0,670.0
18242,471,32,1290.0,550.0,700.0
18243,1818,33,1100.0,300.0,2080.0
18244,1808,33,95.0,765.0,2110.0
18245,1884,33,1100.0,345.0,2125.0
18246,1874,33,1435.0,765.0,2210.0
18247,468,39,1120.0,355.0,675.0
18248,465,39,1325.0,585.0,700.0
18301,321,20,365.0,760.0,395.0
18302,321,20,855.0,1220.0,365.0
18303,340,16,360.0,755.0,395.0
18304,340,16,945.0,1350.0,405.0
18309,378,14,475.0,1015.0,540.0
18310,381,14,490.0,1065.0,575.0
18311,890,37,790.0,535.0,1185.0
18312,893,37,935.0,650.0,1155.0
18401,2779,41,565.0,830.0,3145.0
18402,2775,41,510.0,620.0,2990.0
18403,126,6,380.0,535.0,155.0
18404,126,6,1035.0,1210.0,175.0
18405,2013,40,1100.0,445.0,2225.0
18406,2005,40,1120.0,490.0,2250.0
18407,1697,26,1365.0,450.0,1965.0
18408,1691,26,835.0,1290.0,1895.0
18409,504,20,1140.0,275.0,575.0
18410,503,21,1350.0,490.0,580.0
18413,172,12,1080.0,1350.0,270.0
18414,172,12,360.0,585.0,225.0
18415,396,30,565.0,1210.0,645.0
18416,396,30,360.0,985.0,625.0
18419,998,24,865.0,815.0,1390.0
18420,998,24,300.0,190.0,1330.0
18421,2483,41,1365.0,1270.0,2785.0
18422,2479,41,1030.0,1095.0,2945.0
18425,810,28,1125.0,715.0,1030.0
18426,803,28,970.0,550.0,1020.0
18437,146,11,325.0,525.0,200.0
18438,146,11,1095.0,1305.0,210.0
18447,784,41,1175.0,795.0,1060.0
18448,784,41,870.0,510.0,1080.0
18449,926,27,865.0,600.0,1175.0
18450,926,27,535.0,190.0,1095.0
18451,686,24,955.0,435.0,920.0
18452,686,25,1200.0,665.0,905.0
18463,1546,47,330.0,725.0,1835.0
18464,1545,46,840.0,1250.0,1850.0
18477,2347,76,1255.0,1255.0,2880.0
18478,2354,75,345.0,365.0,2900.0
18495,1884,25,510.0,1120.0,2050.0
18496,1884,25,720.0,1380.0,2100.0
18501,2116,29,1055.0,540.0,2365.0
18502,2113,29,1365.0,875.0,2390.0
18503,1406,25,540.0,735.0,1635.0
18504,1405,25,1150.0,1325.0,1615.0
18507,2552,48,1430.0,1410.0,2860.0
18508,2556,48,1425.0,1430.0,2885.0
18511,357,12,320.0,740.0,420.0
18512,357,11,830.0,1255.0,425.0
18517,726,31,960.0,420.0,900.0
18518,727,31,1195.0,660.0,905.0
18519,1512,20,1405.0,280.0,1755.0
18520,1497,20,415.0,675.0,1700.0
18567,1572,33,500.0,870.0,1810.0
18568,1576,33,1270.0,85.0,1695.0
18573,2056,35,310.0,1305.0,2435.0
18574,2060,35,840.0,475.0,2515.0
18605,637,17,960.0,510.0,990.0
18606,640,17,660.0,240.0,1020.0
18609,2014,29,1265.0,725.0,2340.0
18610,2018,29,950.0,445.0,2375.0
18611,574,30,1210.0,535.0,765.0
18612,576,30,935.0,255.0,760.0
18613,480,20,465.0,1065.0,600.0
18614,482,20,540.0,1225.0,685.0
18615,430,17,1330.0,445.0,555.0
18616,426,17,1270.0,395.0,565.0
18619,400,17,1285.0,435.0,590.0
18620,402,17,1125.0,275.0,590.0
18621,571,42,905.0,345.0,880.0
18622,569,43,1320.0,820.0,940.0
18623,417,26,1290.0,525.0,675.0
18624,414,25,1145.0,390.0,685.0
18625,417,21,700.0,1260.0,560.0
18626,414,21,370.0,940.0,570.0
18631,1663,39,1210.0,320.0,1990.0
18632,1665,39,1170.0,255.0,1965.0
18637,1884,27,1095.0,270.0,2055.0
18638,1884,27,15.0,775.0,2200.0
18645,1602,59,705.0,1075.0,1810.0
18646,1602,61,590.0,970.0,1820.0
18695,64,8,1050.0,1230.0,180.0
18696,64,8,470.0,615.0,145.0
18697,314,27,135.0,625.0,490.0
18698,314,27,1005.0,75.0,510.0
19015,958,63,500.0,335.0,1275.0
19016,958,62,1265.0,1155.0,1330.0
19019,1676,98,5.0,1055.0,2490.0
19020,1678,92,600.0,260.0,2540.0
19021,1681,23,775.0,1145.0,1810.0
19022,1681,23,10.0,480.0,1910.0
19023,1759,94,445.0,1335.0,2330.0
19024,1762,97,300.0,1175.0,2315.0
19025,567,21,660.0,1350.0,690.0
19026,567,21,540.0,1260.0,720.0
19027,1878,33,735.0,85.0,2230.0
19028,1879,33,570.0,1345.0,2215.0
19031,1200,43,605.0,740.0,1575.0
19032,1203,43,920.0,1030.0,1550.0
19033,297,27,245.0,625.0,380.0
19034,297,27,1090.0,25.0,375.0
19035,99,10,1095.0,1230.0,135.0
19036,99,11,860.0,1020.0,160.0
19037,1832,68,1360.0,825.0,2345.0
19038,1831,68,800.0,275.0,2355.0
19039,2142,82,1360.0,1310.0,2830.0
19040,2140,82,360.0,275.0,2795.0
19041,1909,31,1405.0,630.0,2105.0
19042,1910,27,1170.0,470.0,2180.0
19045,1732,35,590.0,1115.0,1965.0
19046,1730,35,540.0,1120.0,2020.0
19051,1786,17,1215.0,435.0,2100.0
19052,1785,17,1180.0,305.0,2005.0
19053,2121,25,370.0,270.0,2780.0
19054,2120,25,1180.0,1030.0,2730.0
19055,750,18,1345.0,880.0,975.0
19056,751,18,1050.0,545.0,935.0
19057,1403,13,1330.0,75.0,1625.0
19058,1402,13,320.0,635.0,1755.0
19061,1635,28,310.0,655.0,1785.0
19062,1636,28,980.0,1345.0,1805.0
19063,1596,18,440.0,815.0,1815.0
19064,1595,18,1000.0,1405.0,1845.0
19107,1537,19,625.0,1050.0,1865.0
19108,1539,19,1250.0,420.0,2050.0
19115,843,29,900.0,420.0,960.0
19116,843,29,1345.0,825.0,920.0
19119,435,19,640.0,1200.0,560.0
19120,435,19,385.0,955.0,570.0
19151,300,17,950.0,1310.0,360.0
19152,300,17,360.0,715.0,355.0
19165,1945,70,1260.0,1155.0,2775.0
19166,1945,72,275.0,225.0,2830.0
19167,1600,57,1260.0,575.0,2195.0
19168,1601,57,870.0,225.0,2235.0
19201,1690,29,900.0,1435.0,1975.0
19202,1689,29,40.0,630.0,2030.0
19215,958,63,500.0,335.0,1275.0
19217,807,30,1030.0,530.0,940.0
19218,807,33,835.0,340.0,945.0
19223,1474,58,680.0,1175.0,1935.0
19224,1476,60,470.0,900.0,1870.0
19225,489,24,1120.0,395.0,715.0
19226,489,24,1285.0,580.0,735.0
19251,438,17,1355.0,505.0,590.0
19252,438,17,1205.0,330.0,565.0
19259,2274,41,945.0,795.0,2730.0
19260,2270,41,435.0,170.0,2615.0
19261,2427,30,660.0,510.0,2730.0
19262,2423,30,1120.0,915.0,2675.0
19263,1394,28,910.0,1175.0,1705.0
19264,1396,32,500.0,775.0,1715.0
19269,2465,35,910.0,1085.0,3055.0
19270,2465,35,915.0,1040.0,3005.0
19301,1895,32,1265.0,675.0,2290.0
19302,1895,32,680.0,315.0,2515.0
19303,262,18,1425.0,320.0,335.0
19304,262,17,1375.0,275.0,340.0
19307,1100,19,335.0,405.0,1510.0
19308,1102,19,1150.0,1055.0,1345.0
19309,563,19,1105.0,390.0,725.0
19310,564,19,1365.0,600.0,675.0
19311,969,17,1050.0,685.0,1075.0
19312,970,17,1010.0,745.0,1175.0
19313,1347,17,840.0,1040.0,1640.0
19314,1347,17,670.0,905.0,1675.0
19321,1394,17,840.0,1040.0,1640.0
19322,1395,17,670.0,905.0,1675.0
19323,217,7,405.0,650.0,245.0
19324,217,7,1035.0,1295.0,260.0
19325,1323,24,960.0,1265.0,1745.0
19326,1326,24,1395.0,150.0,1635.0
19327,302,16,1005.0,1439.0,434.0
19328,302,16,75.0,480.0,405.0
19329,481,18,450.0,1155.0,705.0
19330,481,18,1235.0,540.0,745.0
19331,2300,32,660.0,315.0,2535.0
19332,2296,32,1265.0,1110.0,2725.0
19401,1298,27,695.0,865.0,1610.0
19402,1300,27,1375.0,170.0,1675.0
19403,1550,20,365.0,725.0,1800.0
19404,1552,20,1070.0,1435.0,1805.0
19407,1693,21,1260.0,340.0,1960.0
19408,1696,21,935.0,1435.0,1940.0
19409,1569,29,695.0,1165.0,1910.0
19410,1569,29,285.0,810.0,1965.0
19411,489,12,550.0,1130.0,580.0
19412,491,12,385.0,935.0,550.0
19413,2617,37,365.0,915.0,3430.0
19414,2618,37,790.0,1155.0,3245.0
19415,1716,31,1145.0,410.0,2145.0
19416,1718,31,620.0,1435.0,2255.0
19419,1721,26,1200.0,345.0,2025.0
19420,1719,27,580.0,1030.0,1890.0
19421,1666,29,1310.0,470.0,2040.0
19422,1669,28,610.0,1340.0,2170.0
19565,1662,33,510.0,1180.0,2110.0
19566,1664,33,350.0,970.0,2060.0
19567,2730,42,1320.0,95.0,3095.0
19568,2730,43,1435.0,430.0,3315.0
19571,201,15,435.0,715.0,280.0
19572,201,15,870.0,1125.0,255.0
19573,1049,20,1160.0,915.0,1195.0
19574,1051,20,1000.0,830.0,1270.0
19575,1126,20,450.0,350.0,1340.0
19576,1126,20,1300.0,1250.0,1390.0
19577,2438,29,465.0,315.0,2730.0
19578,2434,29,1260.0,1340.0,2960.0
19579,1102,24,750.0,615.0,1305.0
19580,1105,24,790.0,640.0,1290.0
19601,2235,29,20.0,1115.0,2535.0
19602,2232,29,495.0,235.0,2620.0
19607,2000,30,685.0,340.0,2535.0
19608,2004,30,1135.0,1020.0,2765.0
19609,968,29,785.0,625.0,1280.0
19611,1006,31,1075.0,885.0,1250.0
19612,1006,31,870.0,600.0,1170.0
19613,847,26,1075.0,645.0,1010.0
19614,847,26,1070.0,600.0,970.0
19659,1880,24,1222.0,535.0,2193.0
19660,1883,24,1200.0,595.0,2275.0
19665,1080,29,565.0,395.0,1270.0
19666,1080,29,1340.0,1190.0,1290.0
19707,1103,39,1255.0,1135.0,1320.0
19708,1106,39,520.0,395.0,1315.0
19709,2213,37,1410.0,1435.0,2905.0
19710,2210,37,1125.0,1090.0,2845.0
19711,792,34,1090.0,685.0,1035.0
19712,792,34,1010.0,565.0,995.0
19713,1726,31,1265.0,450.0,2065.0
19714,1726,31,1280.0,375.0,1975.0
19715,675,17,1260.0,625.0,805.0
19716,674,17,730.0,105.0,815.0
19717,569,17,1000.0,295.0,735.0
19718,569,17,765.0,50.0,725.0
19803,1125,30,870.0,920.0,1490.0
19804,1127,30,1315.0,1430.0,1555.0
19805,1084,22,870.0,735.0,1305.0
19806,1086,22,875.0,670.0,1235.0
19807,238,11,5.0,285.0,280.0
19808,239,11,30.0,320.0,290.0
20501,2412,16,1110.0,680.0,2450.0
20502,2413,16,1190.0,810.0,2500.0
20601,558,6,1350.0,440.0,530.0
20602,554,7,1365.0,460.0,535.0
20651,273,11,900.0,1195.0,295.0
20652,273,11,400.0,695.0,295.0
20809,1486,22,675.0,860.0,1625.0
20810,1484,22,995.0,1170.0,1615.0
20811,981,13,1245.0,860.0,1055.0
20812,978,13,995.0,615.0,1060.0
20813,2433,43,960.0,720.0,2640.0
20814,2426,43,840.0,600.0,2640.0
20815,862,24,780.0,270.0,930.0
20816,862,24,1070.0,570.0,940.0
20817,1893,13,430.0,640.0,1650.0
20818,1894,13,1025.0,1235.0,1650.0
20889,1234,8,760.0,465.0,1145.0
20890,1233,8,1385.0,1110.0,1165.0
20901,185,4,820.0,1035.0,215.0
20902,185,4,1205.0,1395.0,190.0
20903,1536,11,1180.0,1340.0,1600.0
20904,1535,11,370.0,580.0,1650.0
21067,95,4,381.0,500.0,119.0
21068,95,4,975.0,1075.0,100.0
21107,63,2,1430.0,50.0,60.0
21108,63,2,250.0,320.0,70.0
21125,643,17,1205.0,590.0,825.0
21126,643,17,1030.0,475.0,885.0
22101,260,7,1125.0,1405.0,280.0
22102,260,8,325.0,607.0,282.0
22103,1600,17,870.0,1070.0,1640.0
22104,1599,17,1435.0,300.0,1745.0
22105,191,8,340.0,545.0,205.0
22106,191,7,1115.0,1320.0,205.0
22109,1501,9,870.0,625.0,1195.0
22110,1504,9,945.0,705.0,1200.0
22111,603,20,335.0,970.0,635.0
22112,604,20,440.0,1065.0,625.0
22113,1513,26,1015.0,1225.0,1650.0
22114,1517,26,35.0,250.0,1655.0
22115,545,8,70.0,660.0,590.0
22116,547,8,840.0,1435.0,595.0
22117,730,10,915.0,195.0,720.0
22118,730,10,1115.0,460.0,785.0
22119,561,7,300.0,800.0,500.0
22120,563,7,870.0,1380.0,510.0
22121,1411,11,860.0,825.0,1405.0
22122,1411,11,980.0,1050.0,1510.0
22123,892,10,915.0,315.0,840.0
22124,892,10,1190.0,705.0,955.0
22125,1518,10,1070.0,1265.0,1635.0
22126,1521,10,250.0,265.0,1455.0
22127,1122,21,690.0,405.0,1155.0
22128,1123,21,1110.0,825.0,1155.0
22131,1543,19,975.0,1160.0,1625.0
22132,1543,19,255.0,485.0,1670.0
22133,644,13,1160.0,430.0,710.0
22134,644,13,1250.0,520.0,710.0
22135,780,16,440.0,1190.0,750.0
22136,780,16,1250.0,655.0,845.0
22137,961,14,630.0,205.0,1015.0
22138,961,14,1045.0,640.0,1035.0
22140,457,8,1270.0,310.0,480.0
22143,667,17,1260.0,555.0,735.0
22144,667,17,1190.0,475.0,725.0
22145,136,9,1276.0,1425.0,149.0
22146,136,9,1105.0,1254.0,149.0
22147,330,8,1305.0,225.0,360.0
22148,330,8,560.0,920.0,360.0
22149,1371,18,315.0,350.0,1475.0
22150,1366,18,1125.0,1130.0,1445.0
22151,1191,19,1305.0,1115.0,1250.0
22152,1193,19,810.0,665.0,1295.0
22161,290,11,1075.0,1365.0,290.0
22162,292,11,300.0,605.0,305.0
22163,367,9,410.0,810.0,400.0
22164,367,9,975.0,1375.0,400.0
22165,656,11,1260.0,525.0,705.0
22166,655,11,1220.0,500.0,720.0
22168,1050,11,5.0,1120.0,1115.0
22181,883,15,900.0,315.0,855.0
22182,886,15,1070.0,500.0,870.0
22187,330,10,410.0,740.0,330.0
22188,330,10,970.0,1335.0,365.0
22189,238,11,1025.0,1280.0,255.0
22190,238,11,360.0,615.0,255.0
22191,554,19,1120.0,280.0,600.0
22192,554,19,1435.0,595.0,600.0
22201,527,3,1200.0,235.0,475.0
22202,526,3,1185.0,240.0,495.0
22203,708,3,1185.0,375.0,630.0
22204,708,3,1215.0,390.0,615.0
22205,553,3,1350.0,430.0,520.0
22206,555,3,1365.0,440.0,515.0
22207,901,11,985.0,405.0,860.0
22208,904,11,1290.0,720.0,870.0
22209,1373,5,1395.0,990.0,1035.0
22210,1376,5,1405.0,975.0,1010.0
22213,538,4,1325.0,400.0,515.0
22214,539,4,1245.0,340.0,535.0
22307,172,5,300.0,525.0,225.0
22308,173,5,1125.0,1295.0,170.0
22309,560,8,1385.0,540.0,595.0
22310,560,8,755.0,1370.0,615.0
22321,239,10,405.0,665.0,260.0
22322,240,10,820.0,1080.0,260.0
22323,757,9,1365.0,745.0,820.0
22324,758,9,1410.0,795.0,825.0
22351,2706,28,1215.0,1255.0,2920.0
22352,2712,28,595.0,600.0,2885.0
22356,1142,16,1325.0,1155.0,1270.0
22387,269,16,375.0,670.0,295.0
22388,270,16,985.0,1280.0,295.0
22401,630,8,1335.0,535.0,640.0
22402,630,8,1080.0,260.0,620.0
22403,2364,15,555.0,130.0,2455.0
22404,2363,15,1425.0,1075.0,2530.0
22405,1193,22,810.0,500.0,1130.0
22406,1193,22,1015.0,645.0,1070.0
22407,780,9,1170.0,615.0,885.0
22408,780,9,1095.0,485.0,830.0
22409,968,10,1170.0,710.0,980.0
22410,968,10,1150.0,590.0,880.0
22411,2127,16,1295.0,700.0,2285.0
22412,2130,16,950.0,355.0,2285.0
22413,1908,10,600.0,760.0,1600.0
22414,1907,10,655.0,770.0,1555.0
22415,2083,21,515.0,1145.0,2070.0
22416,2083,21,385.0,1070.0,2125.0
22417,768,9,1135.0,505.0,810.0
22418,768,9,1115.0,505.0,830.0
22419,809,12,1040.0,490.0,890.0
22420,809,12,1125.0,570.0,885.0
22421,623,22,425.0,1100.0,675.0
22422,624,22,655.0,1330.0,675.0
22423,1086,16,645.0,390.0,1185.0
22424,1087,16,755.0,485.0,1170.0
22427,876,11,1330.0,770.0,880.0
22428,876,11,1435.0,925.0,930.0
22429,553,15,505.0,1110.0,605.0
22430,553,17,420.0,1020.0,600.0
22431,1255,18,885.0,810.0,1365.0
22432,1255,18,975.0,895.0,1360.0
22433,822,11,960.0,430.0,910.0
22434,824,10,1150.0,570.0,860.0
22439,655,5,360.0,840.0,480.0
22441,194,9,1110.0,1300.0,190.0
22442,194,9,390.0,580.0,190.0
22443,1607,22,1100.0,1385.0,1725.0
22444,1608,22,310.0,515.0,1645.0
22445,897,14,1040.0,575.0,975.0
22446,897,14,755.0,290.0,975.0
22447,63,2,1100.0,1175.0,75.0
22448,63,2,325.0,395.0,70.0
22451,1580,24,735.0,980.0,1685.0
22452,1583,24,345.0,560.0,1655.0
22453,458,10,880.0,1355.0,475.0
22454,458,10,295.0,790.0,495.0
22455,1615,15,600.0,750.0,1590.0
22456,1618,15,1140.0,1335.0,1635.0
22457,1849,26,660.0,1250.0,2030.0
22458,1852,26,945.0,1425.0,1920.0
22461,654,8,1050.0,310.0,700.0
22462,654,8,1385.0,635.0,690.0
22463,172,4,410.0,630.0,220.0
22464,173,4,1025.0,1195.0,170.0
22471,455,14,570.0,1045.0,475.0
22472,455,14,520.0,995.0,475.0
22473,1211,23,890.0,765.0,1315.0
22474,1209,23,875.0,755.0,1320.0
22475,2478,34,430.0,170.0,2620.0
22476,2482,34,920.0,745.0,2705.0
22477,312,12,985.0,1275.0,290.0
22478,311,12,360.0,650.0,290.0
22481,620,19,1125.0,320.0,635.0
22482,619,19,1395.0,600.0,645.0
22483,558,14,1150.0,295.0,585.0
22484,558,14,1365.0,480.0,555.0
22487,91,7,1200.0,1340.0,140.0
22488,91,7,345.0,500.0,155.0
22497,3101,37,120.0,680.0,3440.0
22501,3617,41,190.0,1245.0,3935.0
22502,3617,39,1075.0,690.0,3935.0
22511,3011,27,690.0,1105.0,3295.0
22512,3006,27,1080.0,1395.0,3195.0
22531,879,22,330.0,1290.0,960.0
22532,884,22,1430.0,955.0,965.0
22601,1391,23,610.0,690.0,1520.0
22602,1391,24,505.0,580.0,1515.0
22603,1779,20,845.0,1280.0,1875.0
22604,1782,20,700.0,1165.0,1905.0
22605,1984,30,635.0,1280.0,2085.0
22606,1986,30,700.0,1385.0,2125.0
22607,617,14,1020.0,255.0,675.0
22608,616,14,1130.0,360.0,670.0
22609,404,14,705.0,1145.0,440.0
22610,405,14,400.0,830.0,430.0
22611,2295,22,660.0,270.0,2490.0
22612,2295,22,1270.0,895.0,2505.0
22613,1661,15,880.0,1110.0,1670.0
22614,1662,15,690.0,935.0,1685.0
22615,466,8,890.0,1360.0,470.0
22616,469,8,360.0,820.0,460.0
22617,336,9,460.0,820.0,360.0
22618,336,9,890.0,1240.0,350.0
22619,2494,30,490.0,315.0,2705.0
22620,2494,30,75.0,1295.0,2660.0
22621,399,12,1245.0,245.0,440.0
22622,398,12,1320.0,320.0,440.0
22623,556,11,1360.0,520.0,600.0
22624,557,11,1275.0,440.0,605.0
22625,360,11,445.0,790.0,345.0
22626,361,12,870.0,1230.0,360.0
22627,457,13,425.0,925.0,500.0
22628,457,13,710.0,1210.0,500.0
22629,1758,26,1240.0,240.0,1880.0
22630,1763,26,440.0,910.0,1910.0
22631,2560,32,1270.0,1065.0,2675.0
22632,2558,32,890.0,610.0,2600.0
22633,2841,29,855.0,855.0,2880.0
22634,2840,29,1415.0,160.0,3065.0
22635,319,10,975.0,1320.0,345.0
22636,320,10,495.0,840.0,345.0
22637,896,31,725.0,270.0,985.0
22638,898,32,1340.0,880.0,980.0
22639,753,25,1255.0,640.0,825.0
22640,755,26,965.0,350.0,825.0
22641,2565,37,1015.0,830.0,2695.0
22642,2564,37,1385.0,1245.0,2740.0
22643,2785,44,1035.0,1200.0,3045.0
22644,2782,42,840.0,975.0,3015.0
22645,2643,52,1010.0,1035.0,2905.0
22646,2648,51,375.0,315.0,2820.0
22647,2510,55,1180.0,1035.0,2735.0
22648,2508,55,375.0,210.0,2715.0
22649,390,18,1360.0,350.0,430.0
22650,393,18,1260.0,245.0,425.0
22651,669,19,1300.0,660.0,800.0
22652,671,20,900.0,255.0,795.0
22653,2854,28,30.0,100.0,2950.0
22654,2852,28,605.0,860.0,3135.0
22655,2841,28,60.0,100.0,2920.0
22656,2840,28,605.0,860.0,3135.0
22659,3154,26,525.0,1090.0,3445.0
22660,3152,27,350.0,915.0,3445.0
22661,592,19,1070.0,275.0,645.0
22662,592,20,1215.0,425.0,650.0
22663,2353,27,915.0,600.0,2565.0
22664,2352,27,1295.0,985.0,2570.0
22667,531,14,1290.0,420.0,570.0
22668,532,14,1170.0,290.0,560.0
22669,31,4,1355.0,1395.0,40.0
22670,31,4,195.0,235.0,40.0
22677,844,13,920.0,410.0,930.0
22678,845,13,770.0,255.0,925.0
22679,226,10,1095.0,1285.0,190.0
22680,211,10,370.0,560.0,190.0
22681,499,12,1210.0,315.0,545.0
22682,498,11,1410.0,500.0,530.0
22683,2352,30,1420.0,1120.0,2580.0
22684,2338,31,1110.0,810.0,2580.0
22685,2846,18,825.0,1100.0,3155.0
22686,2845,18,205.0,380.0,3055.0
22687,126,4,120.0,265.0,145.0
22688,126,4,470.0,605.0,135.0
22691,2337,15,1200.0,355.0,2035.0
22692,2355,15,1245.0,400.0,2035.0
22697,828,18,1225.0,705.0,920.0
22698,829,17,900.0,380.0,920.0
22705,2964,14,1035.0,1270.0,3115.0
22706,2965,14,330.0,685.0,3235.0
22707,760,18,1345.0,695.0,790.0
22708,759,18,1310.0,660.0,790.0
22801,804,16,1135.0,570.0,875.0
22803,664,11,1255.0,460.0,645.0
22804,663,11,1205.0,425.0,660.0
22805,1871,18,765.0,1250.0,1925.0
22806,1869,18,425.0,965.0,1980.0
22807,1657,18,1140.0,1365.0,1665.0
22808,1656,18,490.0,625.0,1575.0
22809,552,17,1380.0,500.0,560.0
22810,552,17,1430.0,545.0,555.0
22811,1717,14,700.0,640.0,1380.0
22812,1718,14,1025.0,950.0,1365.0
22813,490,12,1240.0,235.0,435.0
22814,489,12,1435.0,525.0,530.0
22815,2144,23,490.0,1290.0,2240.0
22816,2145,23,530.0,1295.0,2205.0
22817,2106,21,970.0,225.0,2135.0
22818,2107,23,30.0,890.0,2300.0
22819,442,27,455.0,895.0,440.0
22821,188,11,650.0,850.0,200.0
22822,189,11,880.0,1075.0,195.0
22823,1802,13,570.0,640.0,1510.0
22824,1802,13,1025.0,1045.0,1460.0
22825,1662,24,730.0,935.0,1645.0
22826,1661,24,985.0,1290.0,1745.0
22827,1766,18,1185.0,200.0,1895.0
22828,1759,18,510.0,970.0,1900.0
22829,2431,31,860.0,595.0,2615.0
22830,2431,31,1222.0,995.0,2653.0
22831,1765,19,935.0,1345.0,1850.0
22832,1764,19,460.0,890.0,1870.0
22833,1511,19,720.0,780.0,1500.0
22834,1514,19,965.0,1070.0,1545.0
22835,502,11,1255.0,340.0,525.0
22836,500,11,1335.0,430.0,535.0
22837,2234,28,1095.0,655.0,2440.0
22838,2238,27,25.0,1025.0,2440.0
22839,417,12,310.0,750.0,440.0
22840,417,12,850.0,1300.0,450.0
22843,966,22,1230.0,845.0,1055.0
22844,964,22,1435.0,1045.0,1050.0
22845,1771,19,645.0,1025.0,1820.0
22846,1779,19,1200.0,165.0,1845.0
22847,1662,23,540.0,815.0,1715.0
22848,1655,24,15.0,320.0,1745.0
22849,1590,20,730.0,865.0,1575.0
22850,1589,20,340.0,545.0,1645.0
22851,2485,40,950.0,570.0,2500.0
22852,2485,40,1380.0,1080.0,2580.0
22853,882,16,1095.0,500.0,845.0
22854,880,16,1070.0,545.0,915.0
22855,1613,18,950.0,1060.0,1550.0
22856,1612,18,1190.0,1340.0,1590.0
22857,1567,11,535.0,710.0,1615.0
22858,1566,11,825.0,1015.0,1630.0
22859,1247,21,1050.0,895.0,1285.0
22860,1247,21,985.0,895.0,1350.0
22861,288,10,390.0,680.0,290.0
22862,288,10,715.0,1025.0,310.0
22863,1957,12,655.0,960.0,1745.0
22864,1959,12,660.0,975.0,1755.0
22865,1853,18,15.0,525.0,1950.0
22866,1860,18,330.0,815.0,1925.0
22867,1255,16,430.0,270.0,1280.0
22868,1266,16,505.0,390.0,1325.0
22869,780,13,1145.0,535.0,830.0
22870,780,13,1270.0,625.0,795.0
22871,1178,19,720.0,525.0,1245.0
22872,1178,19,735.0,575.0,1280.0
22873,930,17,1035.0,500.0,905.0
22874,930,16,1070.0,565.0,935.0
22875,207,14,445.0,680.0,235.0
22876,207,14,715.0,950.0,235.0
22877,2289,24,1020.0,360.0,2220.0
22878,2293,24,25.0,890.0,2305.0
22879,1178,21,720.0,525.0,1245.0
22880,1178,21,735.0,575.0,1280.0
22881,1705,14,675.0,1040.0,1805.0
22882,1706,14,1340.0,300.0,1840.0
22883,1493,27,900.0,1200.0,1740.0
22884,1504,28,1360.0,340.0,1860.0
22885,1701,14,800.0,860.0,1500.0
22886,1704,14,1315.0,1425.0,1550.0
22887,1970,19,760.0,1295.0,1975.0
22888,1973,20,595.0,1110.0,1955.0
22889,550,13,1035.0,190.0,595.0
22890,550,13,1425.0,565.0,580.0
22891,469,14,770.0,1270.0,500.0
22892,466,15,415.0,915.0,500.0
22893,1795,16,835.0,1170.0,1775.0
22894,1801,16,875.0,1200.0,1765.0
22897,185,9,855.0,1057.0,202.0
22898,186,9,1095.0,1297.0,202.0
22901,944,16,1405.0,980.0,1015.0
22902,945,16,1260.0,820.0,1000.0
22903,838,8,1425.0,750.0,765.0
22904,838,8,960.0,315.0,795.0
22905,176,5,425.0,605.0,180.0
22906,176,5,980.0,1200.0,220.0
22907,1352,18,640.0,620.0,1420.0
22908,1348,18,195.0,270.0,1515.0
22909,2073,24,1215.0,585.0,2250.0
22910,2075,24,390.0,1190.0,2240.0
22911,1744,34,1410.0,405.0,1875.0
22912,1745,34,1065.0,95.0,1910.0
22914,1846,13,1390.0,455.0,1945.0
22915,1404,30,775.0,805.0,1470.0
22916,1405,30,945.0,1005.0,1500.0
22917,1610,26,705.0,950.0,1685.0
22918,1613,26,1125.0,1320.0,1635.0
22919,1721,12,1210.0,195.0,1865.0
22920,1719,12,930.0,1355.0,1865.0
22925,69,3,915.0,1005.0,90.0
22926,69,3,620.0,725.0,105.0
22927,480,22,1180.0,260.0,520.0
22928,480,17,1270.0,350.0,520.0
22929,234,14,985.0,1235.0,250.0
22930,234,14,420.0,665.0,245.0
22931,1226,27,875.0,770.0,1335.0
22932,1227,27,1160.0,1055.0,1335.0
22933,1146,15,950.0,645.0,1135.0
22934,1147,15,765.0,455.0,1130.0
22935,787,12,925.0,330.0,845.0
22936,787,12,1205.0,620.0,855.0
22937,1600,23,810.0,1005.0,1635.0
22938,1600,23,1110.0,1370.0,1700.0
22939,1689,23,1345.0,290.0,1825.0
22940,1697,23,490.0,890.0,1840.0
22941,1393,16,1435.0,85.0,1530.0
22942,1396,16,300.0,315.0,1455.0
22943,963,17,935.0,510.0,1015.0
22944,963,17,875.0,485.0,1050.0
22945,986,30,1295.0,935.0,1080.0
22946,986,31,790.0,430.0,1080.0
22949,1342,27,775.0,800.0,1465.0
22951,853,15,1435.0,930.0,935.0
22952,853,15,410.0,1345.0,935.0
22953,490,27,345.0,880.0,535.0
22954,490,27,420.0,955.0,535.0
22955,838,22,1065.0,530.0,905.0
22956,838,22,1215.0,685.0,910.0
22957,430,16,1330.0,360.0,470.0
22959,556,21,810.0,1420.0,610.0
22960,556,21,285.0,890.0,605.0
22961,547,18,810.0,1395.0,585.0
22962,547,18,295.0,890.0,595.0
22963,780,18,925.0,320.0,835.0
22964,780,18,1050.0,455.0,845.0
22965,929,10,1435.0,1010.0,1015.0
22966,931,10,1180.0,765.0,1025.0
22967,1488,20,840.0,1000.0,1600.0
22968,1487,20,1260.0,5.0,1625.0
22969,2023,23,825.0,170.0,2225.0
22970,2024,23,1315.0,530.0,2095.0
22971,1847,14,995.0,125.0,2010.0
22972,1846,14,1390.0,453.0,1943.0
22973,2436,38,1380.0,1140.0,2640.0
22974,2443,38,630.0,400.0,2650.0
22981,918,28,1040.0,600.0,1000.0
22982,919,28,1060.0,590.0,970.0
22983,432,14,390.0,855.0,465.0
22989,881,16,705.0,200.0,935.0
22990,881,16,780.0,285.0,945.0
22991,910,12,765.0,275.0,950.0
22992,910,12,765.0,315.0,990.0
22993,881,15,925.0,430.0,945.0
22994,881,15,1195.0,715.0,960.0
22995,185,4,380.0,590.0,210.0
22996,185,4,1230.0,1420.0,190.0
23141,30,3,255.0,305.0,50.0
23142,30,3,815.0,860.0,45.0
23225,109,11,760.0,950.0,190.0
23226,109,11,635.0,855.0,220.0
23345,81,6,1175.0,1320.0,145.0
23346,81,6,300.0,415.0,115.0
23347,204,11,1020.0,1380.0,360.0
23348,204,11,200.0,540.0,340.0
24041,24,3,335.0,385.0,50.0
24042,24,3,1325.0,1380.0,55.0
24227,349,15,285.0,695.0,410.0
24228,349,15,960.0,1410.0,450.0
24369,740,38,955.0,755.0,1240.0
24370,740,38,730.0,490.0,1200.0
24887,157,6,1150.0,1360.0,210.0
24888,157,6,285.0,545.0,260.0
25013,76,3,140.0,290.0,150.0
25014,76,3,1320.0,5.0,125.0
25035,76,3,1155.0,1245.0,90.0
25036,76,3,590.0,705.0,115.0
25201,58,6,1340.0,1435.0,95.0
25202,58,6,275.0,350.0,75.0
25631,173,4,5.0,195.0,190.0
25632,172,4,200.0,430.0,230.0
25657,1358,37,395.0,975.0,2020.0
25658,1357,37,630.0,1165.0,1975.0
28181,179,14,560.0,855.0,295.0
28182,179,14,900.0,1170.0,270.0
29019,276,8,845.0,1125.0,280.0
29020,276,8,525.0,820.0,295.0
30111,45,23,1094.0,1218.0,124.0
30112,33,19,1040.0,1147.0,107.0
30116,25,14,574.0,625.0,51.0
30121,51,26,660.0,776.0,116.0
30122,60,29,915.0,1048.0,133.0
30123,49,25,1183.0,1282.0,99.0
30128,66,32,494.0,641.0,147.0
30135,84,34,1094.0,1255.0,161.0
30142,128,42,337.0,530.0,193.0
30145,102,34,505.0,662.0,157.0
30152,53,21,978.0,1079.0,101.0
30154,53,21,1072.0,1167.0,95.0
30211,9,8,633.0,662.0,29.0
30311,28,18,790.0,865.0,75.0
30312,33,21,950.0,1042.0,92.0
30313,33,21,1210.0,1298.0,88.0
30314,41,23,1088.0,1180.0,92.0
30317,41,23,993.0,1102.0,109.0
30321,85,35,563.0,750.0,187.0
30322,77,34,347.0,490.0,143.0
30324,80,36,515.0,699.0,184.0
30331,55,27,1050.0,1174.0,124.0
30332,55,27,855.0,989.0,134.0
30333,55,27,708.0,830.0,122.0
30342,87,28,395.0,552.0,157.0
30344,87,34,450.0,608.0,158.0
30346,87,34,590.0,755.0,165.0
30351,37,17,612.0,692.0,80.0
30353,45,19,990.0,1078.0,88.0
30357,33,15,536.0,625.0,89.0
30358,33,15,635.0,707.0,72.0
30361,90,31,758.0,918.0,160.0
30411,24,11,640.0,720.0,80.0
30412,24,11,542.0,605.0,63.0
30413,24,11,665.0,750.0,85.0
30414,24,11,575.0,636.0,61.0
30416,24,11,1030.0,1091.0,61.0
30451,24,11,1099.0,1165.0,66.0
30452,31,16,925.0,1015.0,90.0
30511,30,14,488.0,554.0,66.0
30552,37,17,1148.0,1244.0,96.0
30612,46,24,1030.0,1173.0,143.0
30711,67,26,874.0,991.0,117.0
30712,67,26,580.0,706.0,126.0
31051,67,26,432.0,557.0,125.0
31053,67,26,845.0,966.0,121.0
31055,67,26,1072.0,1200.0,128.0
31111,154,39,486.0,700.0,214.0
31112,154,37,950.0,1170.0,220.0
31151,116,35,615.0,783.0,168.0
31152,116,35,880.0,1060.0,180.0
31191,15,7,250.0,280.0,30.0
31192,15,7,1426.0,10.0,24.0
31211,25,9,350.0,390.0,40.0
31212,25,9,400.0,443.0,43.0
31213,25,4,408.0,445.0,37.0
31214,25,5,460.0,500.0,40.0
31215,25,5,453.0,490.0,37.0
31216,25,9,502.0,545.0,43.0
31217,25,9,466.0,507.0,41.0
31218,25,7,515.0,557.0,42.0
31219,25,9,480.0,518.0,38.0
31220,25,9,528.0,573.0,45.0
31221,25,9,518.0,558.0,40.0
31222,25,9,542.0,585.0,43.0
31223,25,9,550.0,588.0,38.0
31224,25,9,597.0,638.0,41.0
31225,25,9,574.0,614.0,40.0
31226,25,9,625.0,665.0,40.0
31227,25,9,580.0,620.0,40.0
31228,25,9,632.0,674.0,42.0
31229,25,9,605.0,645.0,40.0
31230,25,9,660.0,702.0,42.0
31231,25,9,822.0,862.0,40.0
31232,25,9,882.0,920.0,38.0
31233,25,9,890.0,930.0,40.0
31234,25,9,945.0,985.0,40.0
31235,25,9,968.0,1008.0,40.0
31236,25,9,1110.0,1150.0,40.0
31237,25,9,1108.0,1150.0,42.0
31238,25,9,1165.0,1205.0,40.0
31239,25,9,1108.0,1150.0,42.0
31240,25,9,1227.0,1267.0,40.0
31241,25,9,493.0,532.0,39.0
31261,20,9,1062.0,1098.0,36.0
31311,55,21,252.0,343.0,91.0
31312,55,21,302.0,390.0,88.0
31313,55,21,330.0,420.0,90.0
31314,55,21,362.0,450.0,88.0
31315,55,21,390.0,478.0,88.0
31316,55,21,430.0,520.0,90.0
31317,55,21,438.0,528.0,90.0
31318,55,21,555.0,645.0,90.0
31319,55,21,510.0,600.0,90.0
31320,55,12,612.0,695.0,83.0
31321,55,21,560.0,652.0,92.0
31322,55,21,798.0,906.0,108.0
31323,55,21,682.0,772.0,90.0
31324,55,21,856.0,945.0,89.0
31325,55,21,750.0,843.0,93.0
31326,55,21,920.0,1010.0,90.0
31327,55,21,815.0,907.0,92.0
31328,55,21,992.0,1080.0,88.0
31329,55,21,880.0,970.0,90.0
31330,55,21,1052.0,1142.0,90.0
31331,55,21,935.0,1026.0,91.0
31332,55,21,1147.0,1235.0,88.0
31333,55,21,1010.0,1100.0,90.0
31334,55,21,1202.0,1292.0,90.0
31335,55,21,1092.0,1186.0,94.0
31336,55,21,1274.0,1365.0,91.0
31337,55,13,1150.0,1234.0,84.0
31338,55,21,1332.0,1422.0,90.0
31339,55,21,1210.0,1303.0,93.0
31411,40,9,280.0,340.0,60.0
31412,40,15,245.0,310.0,65.0
31413,40,15,398.0,462.0,64.0
31414,40,15,290.0,355.0,65.0
31415,40,15,472.0,535.0,63.0
31416,40,15,472.0,538.0,66.0
31417,40,15,568.0,630.0,62.0
31418,40,15,510.0,578.0,68.0
31420,40,15,550.0,613.0,63.0
31421,40,15,645.0,708.0,63.0
31422,40,15,567.0,630.0,63.0
31423,40,15,675.0,738.0,63.0
31424,40,15,645.0,710.0,65.0
31425,40,15,740.0,805.0,65.0
31426,40,15,720.0,785.0,65.0
31427,40,15,787.0,852.0,65.0
31428,40,15,748.0,812.0,64.0
31429,40,15,832.0,897.0,65.0
31430,40,15,800.0,865.0,65.0
31431,40,15,962.0,1027.0,65.0
31432,40,15,820.0,882.0,62.0
31433,40,15,992.0,1058.0,66.0
31434,40,15,890.0,955.0,65.0
31435,40,15,1042.0,1107.0,65.0
31436,40,15,1042.0,1105.0,63.0
31437,40,15,1085.0,1150.0,65.0
31438,40,15,1160.0,1224.0,64.0
31439,40,15,1115.0,1179.0,64.0
31440,40,15,1187.0,1248.0,61.0
31441,40,15,1182.0,1245.0,63.0
31442,40,15,1215.0,1280.0,65.0
31443,40,15,1252.0,1315.0,63.0
31444,40,15,1268.0,1333.0,65.0
31445,40,15,1280.0,1345.0,65.0
31446,40,15,1292.0,1355.0,63.0
31447,40,15,1342.0,1407.0,65.0
31448,40,15,1328.0,1392.0,64.0
31449,40,15,1395.0,18.0,63.0
31450,40,15,1395.0,20.0,65.0
31451,40,15,1395.0,18.0,63.0
31471,35,15,435.0,492.0,57.0
31511,96,29,275.0,415.0,140.0
31512,96,28,202.0,340.0,138.0
31513,96,28,360.0,495.0,135.0
31514,96,29,286.0,425.0,139.0
31515,96,29,445.0,582.0,137.0
31516,96,29,352.0,487.0,135.0
31517,96,29,530.0,668.0,138.0
31518,96,25,448.0,580.0,132.0
31519,96,27,632.0,770.0,138.0
31520,96,28,517.0,652.0,135.0
31521,96,29,695.0,838.0,143.0
31522,96,29,605.0,742.0,137.0
31523,96,27,780.0,920.0,140.0
31524,96,28,690.0,822.0,132.0
31525,96,28,860.0,998.0,138.0
31526,96,29,792.0,932.0,140.0
31527,96,29,945.0,1085.0,140.0
31528,96,27,867.0,1000.0,133.0
31529,96,29,1017.0,1158.0,141.0
31530,96,29,940.0,1075.0,135.0
31531,96,23,1072.0,1200.0,128.0
31532,96,29,1030.0,1165.0,135.0
31533,96,27,1130.0,1270.0,140.0
31534,96,24,1108.0,1245.0,137.0
31535,96,27,1190.0,1330.0,140.0
31536,96,26,1192.0,1325.0,133.0
31537,96,28,1245.0,1383.0,138.0
31538,96,28,1255.0,1395.0,140.0
31539,96,28,1310.0,5.0,135.0
31540,96,27,1290.0,1430.0,140.0
31541,96,28,1360.0,55.0,135.0
31542,96,27,1365.0,58.0,133.0
31571,35,6,347.0,412.0,65.0
31584,15,2,422.0,460.0,38.0
31585,15,2,515.0,553.0,38.0
31586,15,2,565.0,602.0,37.0
31601,76,24,1072.0,1180.0,108.0
31602,76,24,465.0,566.0,101.0
31611,76,23,305.0,415.0,110.0
31612,76,24,260.0,365.0,105.0
31613,76,24,337.0,445.0,108.0
31614,76,24,365.0,470.0,105.0
31615,76,24,380.0,490.0,110.0
31616,76,24,440.0,550.0,110.0
31617,76,24,480.0,588.0,108.0
31618,76,11,450.0,550.0,100.0
31619,76,12,590.0,688.0,98.0
31620,76,20,515.0,618.0,103.0
31621,76,24,705.0,817.0,112.0
31622,76,24,612.0,718.0,106.0
31623,76,23,900.0,1008.0,108.0
31624,76,24,770.0,876.0,106.0
31625,76,16,985.0,1092.0,107.0
31626,76,10,930.0,1022.0,92.0
31627,76,24,1225.0,1335.0,110.0
31628,76,21,1045.0,1150.0,105.0
31629,76,24,1300.0,1408.0,108.0
31630,76,23,1122.0,1230.0,108.0
31631,76,24,1370.0,38.0,108.0
31632,76,24,1165.0,1275.0,110.0
31633,76,24,1420.0,88.0,108.0
31634,76,24,1208.0,1315.0,107.0
31636,76,23,1297.0,1405.0,108.0
31711,35,10,300.0,342.0,42.0
31712,35,9,245.0,287.0,42.0
31713,35,6,752.0,792.0,40.0
31714,35,6,700.0,740.0,40.0
31721,26,6,282.0,311.0,29.0
31722,26,6,478.0,512.0,34.0
31723,26,6,365.0,398.0,33.0
31724,26,5,1244.0,1275.0,31.0
31725,26,7,1340.0,1370.0,30.0
31726,26,7,1405.0,1438.0,33.0
31741,43,13,282.0,332.0,50.0
31742,43,13,382.0,432.0,50.0
31743,43,10,327.0,374.0,47.0
31744,43,13,458.0,508.0,50.0
31745,43,13,450.0,500.0,50.0
31746,43,13,592.0,645.0,53.0
31747,43,13,530.0,580.0,50.0
31748,43,13,715.0,768.0,53.0
31749,43,13,653.0,707.0,54.0
31750,43,13,990.0,1040.0,50.0
31751,43,13,820.0,870.0,50.0
31752,43,13,1050.0,1100.0,50.0
31753,43,13,920.0,970.0,50.0
31754,43,13,1110.0,1160.0,50.0
31755,43,13,1070.0,1120.0,50.0
31756,43,13,1250.0,1300.0,50.0
31757,43,13,1185.0,1235.0,50.0
31758,43,13,1318.0,1367.0,49.0
31765,154,25,300.0,495.0,195.0
31766,153,25,505.0,705.0,200.0
31767,154,29,455.0,650.0,195.0
31768,153,27,205.0,415.0,210.0
31770,153,29,715.0,935.0,220.0
31771,154,28,1025.0,1220.0,195.0
31772,153,29,1170.0,1383.0,213.0
31781,20,6,495.0,522.0,27.0
31782,19,6,538.0,565.0,27.0
31783,20,5,785.0,812.0,27.0
31784,19,5,646.0,675.0,29.0
31786,19,5,847.0,875.0,28.0
31801,102,29,1025.0,1169.0,144.0
31802,102,29,522.0,660.0,138.0
31811,102,29,200.0,348.0,148.0
31812,102,29,260.0,405.0,145.0
31813,102,30,320.0,462.0,142.0
31814,102,22,300.0,432.0,132.0
31815,102,29,370.0,514.0,144.0
31816,102,29,367.0,507.0,140.0
31817,102,30,415.0,562.0,147.0
31818,102,25,424.0,562.0,138.0
31819,102,21,575.0,710.0,135.0
31820,102,29,544.0,684.0,140.0
31821,102,29,652.0,795.0,143.0
31822,102,29,590.0,730.0,140.0
31823,102,28,725.0,866.0,141.0
31824,102,28,727.0,865.0,138.0
31825,102,30,795.0,935.0,140.0
31826,102,20,830.0,960.0,130.0
31827,102,30,925.0,1070.0,145.0
31828,102,29,920.0,1057.0,137.0
31829,102,23,975.0,1115.0,140.0
31830,102,26,987.0,1125.0,138.0
31831,102,16,1056.0,1189.0,133.0
31832,102,28,1112.0,1258.0,146.0
31833,102,22,1122.0,1259.0,137.0
31834,102,26,1164.0,1303.0,139.0
31835,102,29,1175.0,1317.0,142.0
31836,102,29,1200.0,1345.0,145.0
31837,102,28,1260.0,1402.0,142.0
31838,102,30,1337.0,40.0,143.0
31839,102,19,466.0,598.0,132.0
31840,102,16,1225.0,1375.0,150.0
31841,102,9,628.0,755.0,127.0
31842,102,9,1270.0,1405.0,135.0
31843,102,10,1170.0,1300.0,130.0
31844,102,10,857.0,975.0,118.0
31861,128,23,628.0,790.0,162.0
31862,127,24,1015.0,1195.0,180.0
31863,128,21,785.0,945.0,160.0
31864,127,20,1075.0,1240.0,165.0
31865,128,20,1330.0,40.0,150.0
31866,127,21,665.0,827.0,162.0
31911,119,36,260.0,422.0,162.0
31912,119,36,230.0,385.0,155.0
31913,119,36,460.0,628.0,168.0
31914,119,36,305.0,457.0,152.0
31915,119,36,598.0,759.0,161.0
31916,119,30,432.0,592.0,160.0
31917,119,36,765.0,940.0,175.0
31918,119,36,532.0,690.0,158.0
31919,119,36,845.0,1006.0,161.0
31920,119,35,640.0,794.0,154.0
31921,119,36,1035.0,1198.0,163.0
31922,119,36,845.0,1020.0,175.0
31923,119,36,1100.0,1264.0,164.0
31924,119,35,935.0,1092.0,157.0
31925,119,35,1157.0,1314.0,157.0
31926,119,36,1194.0,1355.0,161.0
31927,119,36,1232.0,1395.0,163.0
31928,119,31,1285.0,2.0,157.0
31929,119,36,1290.0,11.0,161.0
32211,28,9,247.0,290.0,43.0
32212,28,9,300.0,345.0,45.0
32213,28,9,297.0,344.0,47.0
32214,28,9,352.0,395.0,43.0
32215,28,9,342.0,385.0,43.0
32216,28,9,395.0,438.0,43.0
32217,28,9,365.0,412.0,47.0
32218,28,9,422.0,466.0,44.0
32219,28,9,402.0,445.0,43.0
32220,28,9,460.0,507.0,47.0
32221,28,9,472.0,515.0,43.0
32222,28,9,524.0,568.0,44.0
32223,28,9,503.0,547.0,44.0
32224,28,9,555.0,600.0,45.0
32225,28,9,528.0,571.0,43.0
32226,28,9,590.0,635.0,45.0
32227,28,9,590.0,632.0,42.0
32228,28,9,658.0,705.0,47.0
32229,28,9,615.0,662.0,47.0
32230,28,9,685.0,730.0,45.0
32231,28,9,650.0,695.0,45.0
32232,28,9,728.0,772.0,44.0
32233,28,9,732.0,777.0,45.0
32234,28,9,790.0,845.0,55.0
32235,28,9,805.0,847.0,42.0
32236,28,9,862.0,905.0,43.0
32237,28,9,926.0,970.0,44.0
32238,28,9,985.0,1027.0,42.0
32239,28,9,965.0,1005.0,40.0
32240,28,9,1030.0,1075.0,45.0
32241,28,9,1037.0,1082.0,45.0
32242,28,9,1090.0,1135.0,45.0
32243,28,9,1086.0,1129.0,43.0
32244,28,9,1110.0,1155.0,45.0
32245,28,9,1145.0,1190.0,45.0
32246,28,9,1155.0,1198.0,43.0
32247,28,9,1292.0,1335.0,43.0
32248,28,9,1232.0,1280.0,48.0
32249,28,9,1342.0,1387.0,45.0
32250,28,9,1352.0,1400.0,48.0
32252,28,9,1425.0,28.0,43.0
32411,39,13,852.0,912.0,60.0
32412,39,13,923.0,990.0,67.0
32413,39,13,1240.0,1310.0,70.0
32414,39,13,1370.0,1430.0,60.0
33061,66,26,872.0,1004.0,132.0
33212,9,3,693.0,710.0,17.0
33231,15,7,1097.0,1122.0,25.0
33232,15,7,1132.0,1157.0,25.0
33262,15,9,1032.0,1060.0,28.0
33271,50,18,1165.0,1245.0,80.0
33282,67,27,975.0,1085.0,110.0
33291,18,7,1070.0,1098.0,28.0
33311,52,19,243.0,333.0,90.0
33312,52,19,310.0,392.0,82.0
33313,52,19,290.0,375.0,85.0
33314,52,19,568.0,646.0,78.0
33315,52,19,472.0,552.0,80.0
33316,52,19,1180.0,1264.0,84.0
33317,52,19,1025.0,1110.0,85.0
33318,52,19,1344.0,1420.0,76.0
33319,52,19,1090.0,1172.0,82.0
33320,52,19,1228.0,1308.0,80.0
33321,52,19,1187.0,1270.0,83.0
33323,52,19,1333.0,1412.0,79.0
33325,52,19,1290.0,1375.0,85.0
33351,22,7,942.0,975.0,33.0
33357,7,3,422.0,435.0,13.0
33361,54,14,465.0,535.0,70.0
33362,54,12,565.0,630.0,65.0
33363,54,12,505.0,570.0,65.0
33364,54,12,1208.0,1282.0,74.0
33365,54,12,690.0,755.0,65.0
33366,54,12,1330.0,1400.0,70.0
33367,54,13,1060.0,1128.0,68.0
33382,35,10,1335.0,1383.0,48.0
33401,24,11,1092.0,1137.0,45.0
33402,25,11,575.0,620.0,45.0
33411,12,4,568.0,589.0,21.0
33412,12,4,603.0,625.0,22.0
33421,20,9,452.0,492.0,40.0
33422,20,9,532.0,575.0,43.0
33431,24,11,538.0,585.0,47.0
33432,25,11,316.0,365.0,49.0
33433,24,11,580.0,626.0,46.0
33434,25,11,495.0,542.0,47.0
33435,24,11,622.0,672.0,50.0
33436,25,11,640.0,687.0,47.0
33437,24,11,634.0,682.0,48.0
33438,25,11,880.0,925.0,45.0
33439,24,11,656.0,702.0,46.0
33440,25,11,972.0,1017.0,45.0
33441,24,11,976.0,1020.0,44.0
33443,24,11,1238.0,1284.0,46.0
33445,24,11,1272.0,1316.0,44.0
33447,24,11,1285.0,1330.0,45.0
33511,77,29,318.0,448.0,130.0
33512,77,29,183.0,330.0,147.0
33513,77,29,372.0,498.0,126.0
33514,77,29,288.0,415.0,127.0
33515,77,29,460.0,595.0,135.0
33516,77,25,406.0,535.0,129.0
33517,77,29,500.0,630.0,130.0
33518,77,26,462.0,592.0,130.0
33519,77,29,558.0,690.0,132.0
33520,77,29,647.0,780.0,133.0
33521,77,29,665.0,788.0,123.0
33522,77,29,692.0,820.0,128.0
33523,77,29,735.0,860.0,125.0
33524,77,24,725.0,850.0,125.0
33525,77,29,857.0,998.0,141.0
33526,77,29,795.0,918.0,123.0
33527,77,25,892.0,1028.0,136.0
33528,77,24,822.0,947.0,125.0
33529,77,25,1080.0,1205.0,125.0
33530,77,29,894.0,1032.0,138.0
33531,77,25,1185.0,1310.0,125.0
33532,77,29,1042.0,1177.0,135.0
33533,77,29,1335.0,26.0,131.0
33534,77,25,1082.0,1207.0,125.0
33536,77,29,1133.0,1270.0,137.0
33538,77,24,1286.0,1415.0,129.0
33611,32,13,302.0,364.0,62.0
33612,32,13,342.0,400.0,58.0
33613,32,13,445.0,505.0,60.0
33614,32,13,385.0,445.0,60.0
33615,32,13,510.0,570.0,60.0
33616,32,13,452.0,512.0,60.0
33617,32,13,597.0,657.0,60.0
33618,32,13,525.0,585.0,60.0
33619,32,13,984.0,1045.0,61.0
33620,32,13,583.0,645.0,62.0
33621,32,13,1127.0,1186.0,59.0
33622,32,11,670.0,725.0,55.0
33623,32,13,1190.0,1252.0,62.0
33624,32,13,1055.0,1112.0,57.0
33626,32,13,1125.0,1185.0,60.0
33628,32,13,1215.0,1275.0,60.0
33630,32,13,1265.0,1323.0,58.0
33651,47,17,285.0,363.0,78.0
33652,47,17,395.0,475.0,80.0
33653,47,17,408.0,488.0,80.0
33654,47,17,535.0,615.0,80.0
33655,47,17,680.0,757.0,77.0
33656,47,17,767.0,843.0,76.0
33657,47,17,717.0,795.0,78.0
33658,47,17,820.0,900.0,80.0
33659,47,17,812.0,890.0,78.0
33660,47,17,898.0,975.0,77.0
33664,47,17,995.0,1070.0,75.0
33666,47,17,1205.0,1287.0,82.0
33681,59,20,550.0,647.0,97.0
33682,60,20,697.0,790.0,93.0
33685,59,20,1223.0,1317.0,94.0
33686,60,20,1280.0,1374.0,94.0
33687,59,20,845.0,940.0,95.0
33688,60,20,955.0,1055.0,100.0
33711,32,8,265.0,308.0,43.0
33712,32,8,262.0,308.0,46.0
33713,32,9,382.0,428.0,46.0
33714,32,9,380.0,425.0,45.0
33715,32,8,442.0,490.0,48.0
33716,32,8,440.0,485.0,45.0
33717,32,8,514.0,555.0,41.0
33718,32,9,563.0,609.0,46.0
33719,32,8,567.0,608.0,41.0
33720,32,8,620.0,665.0,45.0
33721,32,9,622.0,666.0,44.0
33722,32,8,740.0,780.0,40.0
33723,32,8,680.0,725.0,45.0
33724,32,8,780.0,825.0,45.0
33725,32,8,860.0,905.0,45.0
33726,32,9,855.0,897.0,42.0
33727,32,8,925.0,970.0,45.0
33728,32,8,920.0,963.0,43.0
33729,32,9,994.0,1040.0,46.0
33730,32,9,990.0,1032.0,42.0
33731,32,8,1085.0,1130.0,45.0
33732,32,8,1080.0,1122.0,42.0
33733,32,9,1130.0,1172.0,42.0
33734,32,8,1176.0,1217.0,41.0
33735,32,9,1180.0,1226.0,46.0
33736,32,9,1254.0,1297.0,43.0
33737,32,8,1258.0,1303.0,45.0
33738,32,8,1389.0,1432.0,43.0
33739,32,9,1392.0,1438.0,46.0
33751,52,12,756.0,825.0,69.0
33752,52,12,676.0,748.0,72.0
33801,79,24,1050.0,1166.0,116.0
33802,79,24,435.0,555.0,120.0
33811,79,17,195.0,302.0,107.0
33812,79,23,178.0,305.0,127.0
33813,79,23,255.0,368.0,113.0
33814,79,21,265.0,377.0,112.0
33815,79,24,295.0,410.0,115.0
33816,79,22,315.0,425.0,110.0
33817,79,21,356.0,465.0,109.0
33818,79,24,340.0,456.0,116.0
33819,79,23,430.0,550.0,120.0
33820,79,22,375.0,485.0,110.0
33821,79,24,490.0,605.0,115.0
33822,79,24,410.0,528.0,118.0
33823,79,24,522.0,637.0,115.0
33824,79,24,488.0,605.0,117.0
33825,79,23,605.0,720.0,115.0
33826,79,24,512.0,630.0,118.0
33827,79,24,688.0,805.0,117.0
33828,79,24,545.0,665.0,120.0
33829,79,24,747.0,860.0,113.0
33830,79,24,628.0,750.0,122.0
33831,79,24,767.0,880.0,113.0
33832,79,23,690.0,838.0,148.0
33833,79,23,835.0,950.0,115.0
33834,79,24,767.0,885.0,118.0
33835,79,24,910.0,1025.0,115.0
33836,79,23,852.0,965.0,113.0
33837,79,24,950.0,1065.0,115.0
33838,79,24,895.0,1008.0,113.0
33839,79,24,1002.0,1115.0,113.0
33840,79,24,922.0,1040.0,118.0
33841,79,24,1030.0,1145.0,115.0
33842,79,24,1015.0,1130.0,115.0
33843,79,24,1065.0,1185.0,120.0
33844,79,23,1050.0,1170.0,120.0
33845,79,24,1116.0,1230.0,114.0
33846,79,24,1108.0,1225.0,117.0
33847,79,23,1135.0,1250.0,115.0
33848,79,23,1137.0,1253.0,116.0
33849,79,24,1165.0,1285.0,120.0
33850,79,24,1180.0,1297.0,117.0
33851,79,24,1205.0,1320.0,115.0
33852,79,23,1240.0,1360.0,120.0
33853,79,24,1262.0,1375.0,113.0
33854,79,22,1275.0,1390.0,115.0
33855,79,23,1305.0,1420.0,115.0
33856,79,17,1295.0,1410.0,115.0
33857,79,23,1352.0,25.0,113.0
33858,79,23,1360.0,30.0,110.0
33859,79,22,1378.0,50.0,112.0
33860,79,24,975.0,1092.0,117.0
33861,79,23,1420.0,95.0,115.0
33863,79,24,865.0,985.0,120.0
33895,65,15,932.0,1022.0,90.0
33896,65,15,1095.0,1190.0,95.0
34052,67,26,352.0,472.0,120.0
34054,67,26,1118.0,1242.0,124.0
34056,82,32,667.0,820.0,153.0
34062,120,41,647.0,854.0,207.0
34111,30,11,280.0,330.0,50.0
34112,30,11,220.0,270.0,50.0
34113,30,11,345.0,402.0,57.0
34114,30,11,276.0,330.0,54.0
34115,30,11,395.0,450.0,55.0
34116,30,11,332.0,385.0,53.0
34117,30,11,485.0,542.0,57.0
34118,30,11,370.0,423.0,53.0
34119,30,11,505.0,560.0,55.0
34120,30,11,440.0,495.0,55.0
34121,30,11,546.0,599.0,53.0
34122,30,11,490.0,538.0,48.0
34123,30,11,577.0,632.0,55.0
34124,30,11,515.0,566.0,51.0
34125,30,11,623.0,675.0,52.0
34126,30,11,562.0,615.0,53.0
34127,30,11,655.0,710.0,55.0
34128,30,11,585.0,640.0,55.0
34129,30,11,683.0,740.0,57.0
34130,30,11,618.0,672.0,54.0
34131,30,11,718.0,782.0,64.0
34132,30,11,650.0,705.0,55.0
34133,30,11,754.0,808.0,54.0
34134,30,11,692.0,745.0,53.0
34135,30,11,777.0,832.0,55.0
34136,30,11,716.0,769.0,53.0
34137,30,11,810.0,860.0,50.0
34138,30,11,738.0,790.0,52.0
34139,30,11,860.0,912.0,52.0
34140,30,11,795.0,850.0,55.0
34141,30,11,898.0,952.0,54.0
34142,30,11,835.0,887.0,52.0
34143,30,11,932.0,985.0,53.0
34144,30,11,872.0,923.0,51.0
34145,30,11,979.0,1028.0,49.0
34146,30,11,908.0,962.0,54.0
34147,30,11,1020.0,1070.0,50.0
34148,30,11,957.0,1009.0,52.0
34149,30,11,1093.0,1144.0,51.0
34150,30,11,990.0,1046.0,56.0
34151,30,11,1140.0,1195.0,55.0
34152,30,11,1020.0,1075.0,55.0
34153,30,11,1168.0,1222.0,54.0
34154,30,11,1065.0,1120.0,55.0
34155,30,11,1212.0,1264.0,52.0
34156,30,11,1105.0,1160.0,55.0
34157,30,11,1255.0,1309.0,54.0
34158,30,11,1152.0,1204.0,52.0
34159,30,11,1300.0,1355.0,55.0
34160,30,11,1235.0,1290.0,55.0
34161,30,11,1338.0,1386.0,48.0
34162,30,11,1275.0,1328.0,53.0
34163,30,11,1383.0,1435.0,52.0
34164,30,11,1322.0,1375.0,53.0
34165,30,11,1435.0,43.0,48.0
34166,30,11,1380.0,1428.0,48.0
34311,8,4,1275.0,1290.0,15.0
34312,8,4,535.0,550.0,15.0
34313,8,4,1320.0,1335.0,15.0
34331,36,13,500.0,552.0,52.0
34332,36,13,1110.0,1165.0,55.0
34334,36,13,435.0,490.0,55.0
34351,29,10,384.0,430.0,46.0
34352,28,10,290.0,332.0,42.0
34353,29,9,475.0,518.0,43.0
34354,29,9,330.0,372.0,42.0
34355,29,7,1315.0,1352.0,37.0
34356,29,9,357.0,398.0,41.0
34358,29,9,400.0,440.0,40.0
34360,28,10,440.0,482.0,42.0
34411,16,8,270.0,302.0,32.0
34412,16,8,255.0,283.0,28.0
34413,16,8,440.0,474.0,34.0
34414,16,8,500.0,532.0,32.0
34415,16,8,522.0,555.0,33.0
34416,16,8,520.0,552.0,32.0
34417,16,8,562.0,594.0,32.0
34418,16,8,570.0,601.0,31.0
34419,16,8,611.0,644.0,33.0
34420,16,8,590.0,622.0,32.0
34421,16,8,875.0,907.0,32.0
34422,16,8,630.0,662.0,32.0
34423,16,8,965.0,997.0,32.0
34424,16,8,645.0,677.0,32.0
34425,16,8,1025.0,1058.0,33.0
34426,16,8,655.0,684.0,29.0
34427,16,8,1060.0,1095.0,35.0
34428,16,8,668.0,699.0,31.0
34429,16,8,1084.0,1117.0,33.0
34430,16,8,827.0,860.0,33.0
34431,16,8,1157.0,1190.0,33.0
34432,16,8,1040.0,1069.0,29.0
34434,16,8,1110.0,1140.0,30.0
34436,16,9,1347.0,1377.0,30.0
34501,45,17,513.0,588.0,75.0
34502,45,17,1100.0,1175.0,75.0
34511,45,17,230.0,310.0,80.0
34512,45,16,345.0,417.0,72.0
34513,45,17,272.0,347.0,75.0
34514,45,17,390.0,464.0,74.0
34515,45,17,317.0,395.0,78.0
34516,45,16,462.0,536.0,74.0
34517,45,17,360.0,437.0,77.0
34518,45,17,508.0,584.0,76.0
34519,45,17,415.0,495.0,80.0
34520,45,17,550.0,625.0,75.0
34521,45,17,443.0,517.0,74.0
34522,45,17,624.0,700.0,76.0
34523,45,17,495.0,570.0,75.0
34524,45,17,685.0,760.0,75.0
34525,45,17,548.0,622.0,74.0
34526,45,17,730.0,805.0,75.0
34527,45,17,605.0,680.0,75.0
34528,45,17,820.0,895.0,75.0
34529,45,17,650.0,725.0,75.0
34530,45,17,842.0,915.0,73.0
34531,45,17,725.0,803.0,78.0
34532,45,17,888.0,964.0,76.0
34533,45,17,790.0,880.0,90.0
34534,45,17,933.0,1010.0,77.0
34535,45,17,840.0,917.0,77.0
34536,45,17,995.0,1070.0,75.0
34537,45,16,908.0,980.0,72.0
34538,45,17,1035.0,1110.0,75.0
34539,45,17,945.0,1022.0,77.0
34540,45,17,1072.0,1147.0,75.0
34541,45,17,974.0,1050.0,76.0
34542,45,17,1118.0,1192.0,74.0
34543,45,17,1028.0,1105.0,77.0
34544,45,16,1170.0,1244.0,74.0
34545,45,17,1098.0,1175.0,77.0
34546,45,17,1210.0,1285.0,75.0
34547,45,17,1125.0,1202.0,77.0
34548,45,17,1248.0,1322.0,74.0
34549,45,17,1160.0,1234.0,74.0
34550,45,17,1296.0,1377.0,81.0
34551,45,16,1205.0,1280.0,75.0
34552,45,17,1355.0,1429.0,74.0
34553,45,17,1265.0,1340.0,75.0
34554,45,17,1398.0,30.0,72.0
34555,45,15,1295.0,1370.0,75.0
34557,45,17,1340.0,1416.0,76.0
34601,24,11,582.0,627.0,45.0
34602,24,11,1055.0,1097.0,42.0
34611,24,11,373.0,420.0,47.0
34612,24,11,305.0,347.0,42.0
34613,24,11,418.0,465.0,47.0
34614,24,11,362.0,404.0,42.0
34615,24,11,455.0,502.0,47.0
34616,24,11,400.0,445.0,45.0
34617,24,11,478.0,525.0,47.0
34618,24,11,428.0,470.0,42.0
34619,24,11,502.0,548.0,46.0
34620,24,11,450.0,494.0,44.0
34621,24,11,538.0,583.0,45.0
34622,24,11,480.0,525.0,45.0
34623,24,11,564.0,610.0,46.0
34624,24,11,530.0,575.0,45.0
34625,24,11,590.0,638.0,48.0
34626,24,10,580.0,622.0,42.0
34627,24,11,640.0,687.0,47.0
34628,24,11,612.0,656.0,44.0
34629,24,11,668.0,715.0,47.0
34630,24,11,675.0,720.0,45.0
34631,24,11,730.0,777.0,47.0
34632,24,11,745.0,789.0,44.0
34633,24,11,798.0,845.0,47.0
34634,24,11,812.0,857.0,45.0
34635,24,11,880.0,927.0,47.0
34636,24,11,902.0,947.0,45.0
34637,24,11,970.0,1017.0,47.0
34638,24,11,978.0,1022.0,44.0
34639,24,11,1030.0,1077.0,47.0
34640,24,11,1025.0,1069.0,44.0
34641,24,11,1078.0,1124.0,46.0
34642,24,11,1060.0,1105.0,45.0
34643,24,11,1122.0,1170.0,48.0
34644,24,11,1158.0,1202.0,44.0
34645,24,11,1183.0,1228.0,45.0
34646,24,11,1200.0,1245.0,45.0
34647,24,11,1240.0,1287.0,47.0
34648,24,11,1240.0,1285.0,45.0
34711,61,19,180.0,290.0,110.0
34712,61,19,240.0,336.0,96.0
34713,61,21,215.0,320.0,105.0
34714,61,20,270.0,370.0,100.0
34715,61,23,255.0,358.0,103.0
34716,61,21,312.0,412.0,100.0
34717,61,21,284.0,380.0,96.0
34718,61,21,355.0,453.0,98.0
34719,61,22,344.0,443.0,99.0
34720,61,23,434.0,536.0,102.0
34721,61,23,388.0,488.0,100.0
34722,61,23,495.0,597.0,102.0
34723,61,23,430.0,532.0,102.0
34724,61,23,556.0,658.0,102.0
34725,61,22,475.0,577.0,102.0
34726,61,23,662.0,762.0,100.0
34727,61,23,515.0,617.0,102.0
34728,61,21,710.0,810.0,100.0
34729,61,23,566.0,663.0,97.0
34730,61,23,770.0,870.0,100.0
34731,61,23,630.0,735.0,105.0
34732,61,23,860.0,960.0,100.0
34733,61,22,687.0,797.0,110.0
34734,61,23,915.0,1017.0,102.0
34735,61,21,790.0,890.0,100.0
34736,61,23,950.0,1054.0,104.0
34737,61,23,838.0,937.0,99.0
34738,61,23,1008.0,1110.0,102.0
34739,61,21,908.0,1006.0,98.0
34740,61,23,1048.0,1150.0,102.0
34741,61,23,983.0,1084.0,101.0
34742,61,23,1095.0,1198.0,103.0
34743,61,23,1030.0,1135.0,105.0
34744,61,23,1137.0,1236.0,99.0
34745,61,23,1085.0,1184.0,99.0
34746,61,23,1175.0,1275.0,100.0
34747,61,21,1118.0,1217.0,99.0
34748,61,21,1260.0,1360.0,100.0
34749,61,23,1175.0,1274.0,99.0
34750,61,21,1305.0,1405.0,100.0
34751,61,21,1212.0,1315.0,103.0
34752,61,21,1340.0,0.0,100.0
34753,61,21,1248.0,1348.0,100.0
34754,61,21,1385.0,43.0,98.0
34755,61,21,1305.0,1410.0,105.0
34757,61,21,1340.0,2.0,102.0
34782,94,29,1230.0,1376.0,146.0
34791,108,23,250.0,412.0,162.0
34792,108,30,800.0,962.0,162.0
34793,108,30,993.0,1158.0,165.0
34794,108,21,1290.0,15.0,165.0
34811,59,19,180.0,285.0,105.0
34812,59,15,234.0,320.0,86.0
34813,59,24,240.0,335.0,95.0
34814,59,24,285.0,380.0,95.0
34815,59,22,280.0,374.0,94.0
34816,59,22,325.0,420.0,95.0
34817,59,24,330.0,428.0,98.0
34818,59,24,380.0,480.0,100.0
34819,59,24,352.0,456.0,104.0
34820,59,24,415.0,515.0,100.0
34821,59,24,412.0,510.0,98.0
34822,59,17,445.0,540.0,95.0
34823,59,24,462.0,565.0,103.0
34824,59,24,470.0,570.0,100.0
34825,59,24,505.0,605.0,100.0
34826,59,24,537.0,635.0,98.0
34827,59,24,555.0,652.0,97.0
34828,59,24,597.0,695.0,98.0
34829,59,17,577.0,668.0,91.0
34830,59,24,638.0,737.0,99.0
34831,59,24,608.0,705.0,97.0
34832,59,22,702.0,800.0,98.0
34833,59,22,662.0,760.0,98.0
34834,59,24,755.0,855.0,100.0
34835,59,24,715.0,818.0,103.0
34836,59,24,806.0,905.0,99.0
34837,59,24,770.0,868.0,98.0
34838,59,24,850.0,950.0,100.0
34839,59,24,840.0,960.0,120.0
34840,59,24,940.0,1040.0,100.0
34841,59,24,890.0,990.0,100.0
34842,59,24,1015.0,1112.0,97.0
34843,59,24,940.0,1038.0,98.0
34844,59,24,1082.0,1180.0,98.0
34845,59,24,965.0,1065.0,100.0
34846,59,24,1125.0,1223.0,98.0
34847,59,24,1052.0,1150.0,98.0
34848,59,24,1185.0,1280.0,95.0
34849,59,22,1147.0,1245.0,98.0
34850,59,22,1220.0,1318.0,98.0
34851,59,23,1207.0,1304.0,97.0
34852,59,24,1270.0,1370.0,100.0
34853,59,24,1260.0,1360.0,100.0
34854,59,24,1315.0,1412.0,97.0
34855,59,22,1300.0,1399.0,99.0
34856,59,23,1365.0,20.0,95.0
34857,59,21,1335.0,1430.0,95.0
34858,59,20,1422.0,72.0,90.0
34859,59,24,1013.0,1111.0,98.0
34860,59,24,895.0,995.0,100.0
34881,43,17,645.0,710.0,65.0
34882,43,17,290.0,355.0,65.0
34891,34,14,373.0,425.0,52.0
34892,34,14,562.0,615.0,53.0
34898,39,16,1145.0,1210.0,65.0
34899,39,16,1260.0,1330.0,70.0
34911,46,8,277.0,342.0,65.0
34912,46,8,188.0,245.0,57.0
34913,46,8,355.0,415.0,60.0
34914,46,8,250.0,315.0,65.0
34915,46,8,446.0,511.0,65.0
34916,46,8,355.0,417.0,62.0
34917,46,8,492.0,548.0,56.0
34918,46,8,421.0,480.0,59.0
34919,46,8,620.0,678.0,58.0
34920,46,8,550.0,608.0,58.0
34921,46,8,748.0,810.0,62.0
34922,46,8,680.0,738.0,58.0
34923,46,8,812.0,872.0,60.0
34924,46,8,725.0,785.0,60.0
34925,46,8,900.0,960.0,60.0
34926,46,8,812.0,874.0,62.0
34927,46,8,1052.0,1110.0,58.0
34928,46,8,966.0,1028.0,62.0
34929,46,8,1180.0,1242.0,62.0
34930,46,8,1112.0,1171.0,59.0
34931,46,8,1246.0,1308.0,62.0
34932,46,8,1155.0,1216.0,61.0
34933,46,8,1330.0,1391.0,61.0
34934,46,8,1245.0,1305.0,60.0
34981,33,7,1410.0,16.0,46.0
35011,26,9,310.0,345.0,35.0
35012,26,9,375.0,410.0,35.0
35013,26,9,445.0,480.0,35.0
35014,26,9,445.0,480.0,35.0
35015,26,9,445.0,480.0,35.0
35016,26,9,640.0,675.0,35.0
35017,46,15,840.0,910.0,70.0
35018,46,15,970.0,1040.0,70.0
35019,26,9,1095.0,1130.0,35.0
35020,26,9,1150.0,1185.0,35.0
35021,26,9,1220.0,1255.0,35.0
35022,26,9,1270.0,1305.0,35.0
36011,26,9,580.0,620.0,40.0
36012,26,9,654.0,695.0,41.0
36031,40,14,525.0,584.0,59.0
36032,40,14,597.0,665.0,68.0
36033,40,14,630.0,688.0,58.0
36034,40,14,710.0,775.0,65.0
36035,40,14,830.0,892.0,62.0
36036,40,14,905.0,965.0,60.0
36037,40,14,1075.0,1134.0,59.0
36038,40,14,1173.0,1235.0,62.0
36071,58,18,305.0,390.0,85.0
36072,58,18,427.0,512.0,85.0
36081,72,22,340.0,456.0,116.0
36082,72,24,486.0,585.0,99.0
36083,72,24,905.0,1010.0,105.0
36084,72,24,1047.0,1155.0,108.0
36085,72,24,990.0,1095.0,105.0
36086,72,24,1105.0,1205.0,100.0
36087,72,24,1160.0,1267.0,107.0
36088,72,22,1326.0,1422.0,96.0
36811,94,29,235.0,360.0,125.0
36812,94,25,170.0,320.0,150.0
36813,94,27,295.0,420.0,125.0
36814,94,29,240.0,375.0,135.0
36815,94,30,370.0,498.0,128.0
36816,94,28,296.0,424.0,128.0
36817,94,28,427.0,555.0,128.0
36818,94,27,340.0,465.0,125.0
36819,94,29,505.0,640.0,135.0
36820,94,29,370.0,495.0,125.0
36821,94,29,560.0,700.0,140.0
36822,94,29,408.0,537.0,129.0
36823,94,29,615.0,740.0,125.0
36824,94,28,442.0,565.0,123.0
36825,94,26,682.0,818.0,136.0
36826,94,29,455.0,577.0,122.0
36827,94,29,725.0,855.0,130.0
36828,94,29,490.0,615.0,125.0
36829,94,29,812.0,945.0,133.0
36830,94,2,515.0,605.0,90.0
36831,94,30,885.0,1010.0,125.0
36832,94,29,558.0,680.0,122.0
36833,94,29,930.0,1055.0,125.0
36834,94,28,600.0,725.0,125.0
36835,94,8,1047.0,1135.0,88.0
36836,94,29,670.0,795.0,125.0
36837,94,29,1053.0,1180.0,127.0
36838,94,29,705.0,855.0,150.0
36839,94,29,1085.0,1215.0,130.0
36840,94,29,790.0,925.0,135.0
36841,94,29,1110.0,1240.0,130.0
36842,94,28,860.0,980.0,120.0
36843,94,28,1137.0,1271.0,134.0
36844,94,30,925.0,1050.0,125.0
36845,94,28,1187.0,1320.0,133.0
36846,94,30,1000.0,1125.0,125.0
36847,94,29,1220.0,1354.0,134.0
36848,94,29,1070.0,1195.0,125.0
36849,94,29,1248.0,1380.0,132.0
36850,94,29,1125.0,1247.0,122.0
36851,94,26,1302.0,3.0,141.0
36852,94,29,1160.0,1300.0,140.0
36853,94,30,1330.0,20.0,130.0
36854,94,29,1205.0,1330.0,125.0
36855,94,29,1395.0,85.0,130.0
36856,94,29,1220.0,1345.0,125.0
36858,94,29,1243.0,1365.0,122.0
36860,94,30,1320.0,3.0,123.0
37011,19,9,465.0,496.0,31.0
37012,19,9,520.0,555.0,35.0
37013,19,9,560.0,593.0,33.0
37014,19,9,600.0,636.0,36.0
37017,19,9,680.0,712.0,32.0
37018,19,9,750.0,788.0,38.0
37019,19,9,875.0,907.0,32.0
37020,19,9,920.0,955.0,35.0
37021,19,9,1035.0,1069.0,34.0
37022,19,9,1079.0,1115.0,36.0
37041,22,10,450.0,488.0,38.0
37042,22,10,500.0,540.0,40.0
37043,22,10,492.0,530.0,38.0
37044,22,10,541.0,580.0,39.0
37045,22,10,530.0,570.0,40.0
37046,22,10,590.0,630.0,40.0
37047,22,10,555.0,593.0,38.0
37048,22,10,615.0,656.0,41.0
37049,22,10,580.0,617.0,37.0
37050,22,10,632.0,670.0,38.0
37053,22,10,660.0,697.0,37.0
37054,22,10,735.0,777.0,42.0
37055,22,10,712.0,747.0,35.0
37056,22,10,760.0,810.0,50.0
37057,22,10,950.0,988.0,38.0
37058,22,10,1000.0,1043.0,43.0
37060,22,10,1038.0,1082.0,44.0
37061,22,10,1010.0,1047.0,37.0
37062,22,10,1058.0,1100.0,42.0
37063,22,10,1020.0,1062.0,42.0
37064,22,10,1093.0,1135.0,42.0
37065,22,10,1105.0,1143.0,38.0
37066,22,10,1162.0,1205.0,43.0
37067,22,10,625.0,663.0,38.0
37068,22,10,685.0,725.0,40.0
37111,6,2,460.0,485.0,25.0
37112,6,3,503.0,528.0,25.0
37113,6,2,535.0,560.0,25.0
37114,6,3,568.0,595.0,27.0
37115,6,2,610.0,632.0,22.0
37116,6,3,655.0,680.0,25.0
37117,6,2,965.0,990.0,25.0
37118,6,3,1005.0,1030.0,25.0
37119,6,2,1040.0,1066.0,26.0
37120,6,3,1080.0,1105.0,25.0
37121,6,2,1110.0,1140.0,30.0
37122,6,3,1150.0,1175.0,25.0
37201,39,17,1135.0,1195.0,60.0
37202,39,17,520.0,583.0,63.0
37211,39,17,287.0,345.0,58.0
37212,39,17,187.0,248.0,61.0
37213,39,17,316.0,375.0,59.0
37214,39,17,230.0,290.0,60.0
37215,39,17,386.0,447.0,61.0
37216,39,17,285.0,350.0,65.0
37217,39,17,425.0,485.0,60.0
37218,39,17,310.0,372.0,62.0
37219,39,17,455.0,520.0,65.0
37220,39,17,340.0,405.0,65.0
37221,39,17,500.0,560.0,60.0
37222,39,17,390.0,455.0,65.0
37223,39,17,525.0,585.0,60.0
37224,39,17,408.0,472.0,64.0
37225,39,17,550.0,610.0,60.0
37226,39,17,435.0,498.0,63.0
37227,39,17,565.0,625.0,60.0
37228,39,17,485.0,545.0,60.0
37229,39,17,590.0,650.0,60.0
37230,39,17,512.0,574.0,62.0
37231,39,17,615.0,675.0,60.0
37232,39,17,532.0,595.0,63.0
37233,39,17,630.0,688.0,58.0
37234,39,17,548.0,609.0,61.0
37235,39,17,645.0,704.0,59.0
37236,39,17,586.0,648.0,62.0
37237,39,17,655.0,715.0,60.0
37238,39,17,630.0,692.0,62.0
37239,39,17,675.0,738.0,63.0
37240,39,17,645.0,710.0,65.0
37241,39,17,720.0,780.0,60.0
37242,39,17,682.0,745.0,63.0
37243,39,17,740.0,800.0,60.0
37244,39,17,735.0,800.0,65.0
37245,39,17,775.0,835.0,60.0
37246,39,17,750.0,827.0,77.0
37247,39,17,795.0,853.0,58.0
37248,39,17,795.0,860.0,65.0
37249,39,17,805.0,864.0,59.0
37250,39,17,815.0,875.0,60.0
37251,39,17,813.0,870.0,57.0
37252,39,17,852.0,916.0,64.0
37253,39,17,880.0,940.0,60.0
37254,39,17,890.0,957.0,67.0
37255,39,17,900.0,965.0,65.0
37256,39,17,910.0,970.0,60.0
37257,39,17,935.0,995.0,60.0
37258,39,17,935.0,998.0,63.0
37259,39,17,976.0,1040.0,64.0
37260,39,17,965.0,1028.0,63.0
37261,39,17,1015.0,1075.0,60.0
37262,39,17,1000.0,1062.0,62.0
37263,39,17,1067.0,1128.0,61.0
37264,39,17,1008.0,1070.0,62.0
37265,39,17,1095.0,1154.0,59.0
37266,39,17,1032.0,1092.0,60.0
37267,39,17,1100.0,1160.0,60.0
37268,39,17,1050.0,1110.0,60.0
37269,39,17,1125.0,1185.0,60.0
37270,39,17,1085.0,1150.0,65.0
37271,39,17,1170.0,1228.0,58.0
37272,39,17,1100.0,1162.0,62.0
37273,39,17,1180.0,1240.0,60.0
37274,39,17,1130.0,1195.0,65.0
37275,39,17,1210.0,1270.0,60.0
37276,39,17,1170.0,1236.0,66.0
37277,39,17,1265.0,1324.0,59.0
37278,39,17,1185.0,1248.0,63.0
37279,39,17,1270.0,1330.0,60.0
37280,39,17,1233.0,1295.0,62.0
37281,39,17,1290.0,1350.0,60.0
37282,39,17,1260.0,1320.0,60.0
37283,39,17,1310.0,1370.0,60.0
37284,39,17,1305.0,1370.0,65.0
37285,39,17,1340.0,1400.0,60.0
37286,39,17,1338.0,1400.0,62.0
37287,39,17,1350.0,1408.0,58.0
37288,39,17,1350.0,1413.0,63.0
37289,39,17,1395.0,20.0,65.0
37290,39,17,1365.0,1425.0,60.0
37291,39,17,1425.0,45.0,60.0
37303,33,13,332.0,390.0,58.0
37304,33,13,492.0,549.0,57.0
37305,33,13,1155.0,1217.0,62.0
37306,33,13,1265.0,1330.0,65.0
37307,44,17,412.0,482.0,70.0
37308,44,17,510.0,588.0,78.0
37311,57,21,355.0,445.0,90.0
37312,57,21,230.0,320.0,90.0
37313,57,21,392.0,485.0,93.0
37314,57,21,290.0,380.0,90.0
37315,57,21,505.0,595.0,90.0
37316,57,21,335.0,425.0,90.0
37317,57,21,545.0,632.0,87.0
37318,57,21,380.0,475.0,95.0
37319,57,21,620.0,708.0,88.0
37320,57,20,425.0,520.0,95.0
37321,57,21,650.0,740.0,90.0
37322,57,18,475.0,564.0,89.0
37323,57,21,696.0,785.0,89.0
37324,57,21,572.0,662.0,90.0
37325,57,21,800.0,890.0,90.0
37326,57,21,625.0,718.0,93.0
37327,57,21,818.0,903.0,85.0
37328,57,21,675.0,767.0,92.0
37329,57,21,850.0,940.0,90.0
37330,57,21,720.0,815.0,95.0
37331,57,21,905.0,1000.0,95.0
37332,57,21,760.0,852.0,92.0
37333,57,21,970.0,1060.0,90.0
37334,57,21,805.0,900.0,95.0
37335,57,21,1062.0,1155.0,93.0
37336,57,21,858.0,950.0,92.0
37337,57,21,1090.0,1180.0,90.0
37338,57,21,915.0,1005.0,90.0
37339,57,21,1145.0,1238.0,93.0
37340,57,21,978.0,1063.0,85.0
37341,57,21,1190.0,1280.0,90.0
37342,57,21,1025.0,1120.0,95.0
37343,57,21,1205.0,1295.0,90.0
37344,57,21,1087.0,1182.0,95.0
37345,57,21,1240.0,1325.0,85.0
37346,57,21,1140.0,1228.0,88.0
37347,57,21,1275.0,1362.0,87.0
37348,57,21,1173.0,1265.0,92.0
37349,57,21,1325.0,1414.0,89.0
37350,57,21,1255.0,1355.0,100.0
37351,57,21,1380.0,30.0,90.0
37352,57,21,1298.0,1388.0,90.0
37354,57,21,1370.0,20.0,90.0
37361,81,23,310.0,460.0,150.0
37362,81,23,510.0,645.0,135.0
37363,81,23,595.0,720.0,125.0
37364,81,23,740.0,880.0,140.0
37365,81,23,735.0,880.0,145.0
37366,81,23,890.0,1022.0,132.0
37367,81,23,1030.0,1155.0,125.0
37368,81,23,1186.0,1313.0,127.0
37371,81,23,262.0,402.0,140.0
37372,81,22,465.0,602.0,137.0
37373,81,23,445.0,584.0,139.0
37374,81,23,805.0,930.0,125.0
37375,81,23,635.0,764.0,129.0
37376,81,23,1160.0,1288.0,128.0
37378,81,23,1300.0,1438.0,138.0
37379,81,23,1120.0,1257.0,137.0
37385,24,3,230.0,270.0,40.0
37386,24,3,280.0,320.0,40.0
37387,24,5,332.0,368.0,36.0
37388,24,5,378.0,418.0,40.0
37389,24,3,960.0,994.0,34.0
37390,24,3,625.0,660.0,35.0
37391,24,5,1345.0,1385.0,40.0
37392,24,3,1040.0,1078.0,38.0
37394,24,5,1395.0,1435.0,40.0
37411,34,12,315.0,365.0,50.0
37412,34,12,255.0,305.0,50.0
37413,34,12,1390.0,1438.0,48.0
37414,34,12,1320.0,1368.0,48.0
37511,30,14,1070.0,1117.0,47.0
37512,30,14,985.0,1030.0,45.0
37521,8,4,280.0,300.0,20.0
37522,8,4,250.0,270.0,20.0
37523,8,4,378.0,397.0,19.0
37524,8,4,332.0,350.0,18.0
37525,8,4,450.0,470.0,20.0
37526,8,4,405.0,424.0,19.0
37527,8,4,475.0,494.0,19.0
37528,8,4,441.0,462.0,21.0
37529,8,4,513.0,532.0,19.0
37530,8,4,482.0,502.0,20.0
37531,8,4,582.0,602.0,20.0
37532,8,4,552.0,572.0,20.0
37533,8,4,645.0,665.0,20.0
37534,8,4,615.0,635.0,20.0
37535,8,4,730.0,750.0,20.0
37536,8,4,702.0,722.0,20.0
37537,8,4,810.0,830.0,20.0
37538,8,4,772.0,794.0,22.0
37539,8,4,908.0,928.0,20.0
37540,8,4,879.0,898.0,19.0
37541,8,4,950.0,970.0,20.0
37542,8,4,900.0,920.0,20.0
37543,8,4,968.0,988.0,20.0
37544,8,4,941.0,960.0,19.0
37545,8,4,1038.0,1057.0,19.0
37546,8,4,1010.0,1030.0,20.0
37547,8,4,1112.0,1132.0,20.0
37548,8,4,1065.0,1087.0,22.0
37549,8,4,1155.0,1173.0,18.0
37550,8,4,1120.0,1140.0,20.0
37551,8,4,1190.0,1210.0,20.0
37552,8,4,1160.0,1182.0,22.0
37553,8,4,1275.0,1293.0,18.0
37554,8,4,1235.0,1257.0,22.0
37555,8,4,1335.0,1355.0,20.0
37556,8,4,1305.0,1325.0,20.0
37557,8,4,1438.0,20.0,22.0
37558,8,4,1406.0,1425.0,19.0
37611,60,20,702.0,790.0,88.0
37612,60,15,535.0,615.0,80.0
37614,60,20,810.0,908.0,98.0
37651,81,18,520.0,625.0,105.0
37652,81,18,670.0,795.0,125.0
37653,81,28,691.0,802.0,111.0
37654,81,28,825.0,940.0,115.0
37655,81,28,765.0,877.0,112.0
37656,81,28,895.0,1012.0,117.0
37657,81,28,823.0,930.0,107.0
37658,81,28,960.0,1075.0,115.0
37711,21,6,500.0,525.0,25.0
37731,42,12,1180.0,1225.0,45.0
37732,42,12,1310.0,1360.0,50.0
37741,104,27,185.0,335.0,150.0
37742,104,25,280.0,410.0,130.0
37743,104,24,270.0,400.0,130.0
37744,104,28,525.0,660.0,135.0
37745,104,26,340.0,470.0,130.0
37746,104,27,670.0,820.0,150.0
37747,104,27,490.0,625.0,135.0
37748,104,28,780.0,915.0,135.0
37750,104,28,1055.0,1180.0,125.0
37751,104,28,880.0,1030.0,150.0
37752,104,28,1190.0,1325.0,135.0
37753,104,28,980.0,1115.0,135.0
37754,104,25,1250.0,1380.0,130.0
37756,104,28,1280.0,1415.0,135.0
37757,104,24,1405.0,95.0,130.0
37758,104,25,1310.0,1437.0,127.0
37781,67,18,225.0,302.0,77.0
37782,67,18,405.0,480.0,75.0
37783,67,18,260.0,337.0,77.0
37784,67,18,1260.0,1340.0,80.0
37785,67,18,345.0,425.0,80.0
37786,67,18,215.0,290.0,75.0
37811,106,34,255.0,395.0,140.0
37812,106,32,185.0,327.0,142.0
37813,106,34,300.0,440.0,140.0
37814,106,34,245.0,395.0,150.0
37815,106,27,325.0,455.0,130.0
37816,106,34,305.0,448.0,143.0
37817,106,34,380.0,527.0,147.0
37818,106,34,342.0,488.0,146.0
37819,106,34,418.0,565.0,147.0
37820,106,34,378.0,515.0,137.0
37821,106,34,485.0,624.0,139.0
37822,106,3,395.0,510.0,115.0
37823,106,34,540.0,685.0,145.0
37824,106,28,420.0,557.0,137.0
37825,106,34,605.0,750.0,145.0
37826,106,22,458.0,590.0,132.0
37827,106,34,685.0,830.0,145.0
37828,106,27,502.0,638.0,136.0
37829,106,34,750.0,890.0,140.0
37830,106,27,526.0,665.0,139.0
37831,106,30,860.0,998.0,138.0
37832,106,34,605.0,760.0,155.0
37833,106,33,885.0,1030.0,145.0
37834,106,34,682.0,830.0,148.0
37835,106,21,886.0,1031.0,145.0
37836,106,34,745.0,886.0,141.0
37837,106,27,930.0,1070.0,140.0
37838,106,34,820.0,965.0,145.0
37839,106,29,1005.0,1140.0,135.0
37840,106,34,915.0,1055.0,140.0
37841,106,22,1050.0,1176.0,126.0
37842,106,34,990.0,1142.0,152.0
37843,106,3,1075.0,1190.0,115.0
37844,106,22,1045.0,1188.0,143.0
37845,106,30,1085.0,1225.0,140.0
37846,106,33,1044.0,1189.0,145.0
37847,106,27,1115.0,1250.0,135.0
37848,106,34,1080.0,1220.0,140.0
37849,106,11,1140.0,1260.0,120.0
37850,106,34,1120.0,1258.0,138.0
37851,106,34,1150.0,1288.0,138.0
37852,106,34,1195.0,1335.0,140.0
37853,106,30,1220.0,1367.0,147.0
37854,106,34,1240.0,1392.0,152.0
37855,106,34,1247.0,1390.0,143.0
37857,106,34,1330.0,30.0,140.0
37911,143,44,338.0,530.0,192.0
37912,144,41,225.0,420.0,195.0
37913,143,44,480.0,670.0,190.0
37914,144,29,340.0,523.0,183.0
37915,144,30,600.0,795.0,195.0
37916,144,31,380.0,565.0,185.0
37917,143,44,730.0,925.0,195.0
37918,144,44,420.0,620.0,200.0
37919,144,33,870.0,1060.0,190.0
37920,144,30,465.0,655.0,190.0
37921,143,39,1025.0,1218.0,193.0
37922,144,44,620.0,845.0,225.0
37923,144,31,1080.0,1265.0,185.0
37924,144,30,885.0,1088.0,203.0
37925,144,29,1165.0,1350.0,185.0
37926,144,44,930.0,1128.0,198.0
37927,143,41,1230.0,1425.0,195.0
37928,144,40,1160.0,1362.0,202.0
38031,5,3,525.0,540.0,15.0
38032,5,3,570.0,583.0,13.0
38033,5,3,1035.0,1050.0,15.0
38034,5,3,940.0,955.0,15.0
38036,5,3,1090.0,1110.0,20.0
38051,140,38,365.0,585.0,220.0
38052,139,26,365.0,560.0,195.0
38053,136,21,575.0,765.0,190.0
38054,68,14,600.0,695.0,95.0
38055,68,14,915.0,1015.0,100.0
38056,137,20,890.0,1082.0,192.0
38057,140,34,1080.0,1298.0,218.0
38058,139,26,1040.0,1250.0,210.0
38101,24,9,335.0,375.0,40.0
38102,24,9,410.0,455.0,45.0
38103,32,13,422.0,483.0,61.0
38104,32,13,497.0,558.0,61.0
38105,32,14,507.0,575.0,68.0
38106,32,13,587.0,650.0,63.0
38107,24,9,1000.0,1042.0,42.0
38108,32,13,1072.0,1148.0,76.0
38202,45,16,450.0,522.0,72.0
38204,45,16,500.0,577.0,77.0
38206,37,12,1125.0,1180.0,55.0
38301,50,17,370.0,445.0,75.0
38302,58,20,185.0,275.0,90.0
38303,58,21,455.0,552.0,97.0
38304,58,20,230.0,320.0,90.0
38305,56,18,630.0,730.0,100.0
38306,58,20,275.0,365.0,90.0
38307,58,20,750.0,842.0,92.0
38308,58,20,375.0,465.0,90.0
38310,55,18,423.0,510.0,87.0
38312,58,20,590.0,685.0,95.0
38314,58,20,807.0,905.0,98.0
38316,50,16,850.0,930.0,80.0
38318,58,20,867.0,960.0,93.0
38321,58,20,1375.0,40.0,105.0
38401,71,25,322.0,430.0,108.0
38402,70,24,185.0,292.0,107.0
38403,71,25,345.0,453.0,108.0
38404,70,24,202.0,310.0,108.0
38405,71,25,403.0,510.0,107.0
38406,70,24,243.0,352.0,109.0
38407,63,21,465.0,555.0,90.0
38408,70,24,272.0,380.0,108.0
38409,71,25,465.0,585.0,120.0
38410,70,24,305.0,412.0,107.0
38411,71,24,493.0,612.0,119.0
38412,70,24,343.0,450.0,107.0
38413,71,25,540.0,650.0,110.0
38414,70,24,385.0,500.0,115.0
38416,70,24,445.0,550.0,105.0
38419,71,25,610.0,730.0,120.0
38421,71,24,675.0,788.0,113.0
38423,71,24,790.0,897.0,107.0
38425,71,24,835.0,945.0,110.0
38427,71,23,880.0,985.0,105.0
38431,71,24,945.0,1055.0,110.0
38433,71,23,975.0,1085.0,110.0
38437,71,24,1055.0,1163.0,108.0
38447,71,24,1188.0,1298.0,110.0
38449,71,24,1222.0,1332.0,110.0
38451,71,24,1270.0,1390.0,120.0
38452,70,24,1150.0,1267.0,117.0
38453,71,24,1345.0,15.0,110.0
38454,70,24,1218.0,1330.0,112.0
38455,71,24,1415.0,85.0,110.0
38456,70,24,1282.0,1395.0,113.0
38501,90,29,688.0,825.0,137.0
38502,91,29,845.0,990.0,145.0
38601,54,20,565.0,660.0,95.0
38602,54,19,670.0,763.0,93.0
38701,115,17,185.0,315.0,130.0
38702,115,33,180.0,335.0,155.0
38703,115,34,205.0,360.0,155.0
38704,115,33,230.0,392.0,162.0
38705,115,33,295.0,448.0,153.0
38706,115,32,325.0,480.0,155.0
38707,115,34,435.0,605.0,170.0
38708,115,33,415.0,570.0,155.0
38709,107,29,660.0,810.0,150.0
38710,115,33,430.0,585.0,155.0
38711,115,32,650.0,823.0,173.0
38713,115,33,715.0,880.0,165.0
38719,115,33,850.0,1022.0,172.0
38726,115,33,1058.0,1240.0,182.0
38728,115,31,1125.0,1307.0,182.0
38730,115,27,1240.0,1405.0,165.0
38801,128,30,160.0,335.0,175.0
38802,128,36,245.0,432.0,187.0
38803,128,36,265.0,450.0,185.0
38804,128,34,342.0,530.0,188.0
38805,128,37,335.0,530.0,195.0
38806,128,14,370.0,540.0,170.0
38807,128,37,390.0,590.0,200.0
38808,128,26,395.0,575.0,180.0
38809,128,37,480.0,685.0,205.0
38810,128,36,465.0,660.0,195.0
38811,128,37,530.0,720.0,190.0
38812,128,36,550.0,752.0,202.0
38813,128,36,587.0,775.0,188.0
38814,128,36,660.0,867.0,207.0
38815,128,34,625.0,820.0,195.0
38816,128,33,707.0,920.0,213.0
38817,128,33,735.0,930.0,195.0
38818,128,36,782.0,980.0,198.0
38819,128,35,815.0,1028.0,213.0
38820,128,36,860.0,1062.0,202.0
38821,128,19,960.0,1125.0,165.0
38822,128,33,930.0,1128.0,198.0
38823,128,24,1040.0,1220.0,180.0
38824,128,29,960.0,1165.0,205.0
38825,129,13,1095.0,1260.0,165.0
38826,128,36,1070.0,1282.0,212.0
38827,128,24,1115.0,1290.0,175.0
38828,128,36,1150.0,1347.0,197.0
38829,128,26,1175.0,1352.0,177.0
38830,128,36,1252.0,5.0,193.0
38831,128,34,1210.0,1405.0,195.0
38832,12,4,1345.0,1375.0,30.0
38902,44,17,240.0,315.0,75.0
38905,51,21,375.0,475.0,100.0
38908,49,21,485.0,580.0,95.0
38909,51,21,635.0,735.0,100.0
38923,51,21,1302.0,1398.0,96.0
38924,49,21,1270.0,1363.0,93.0
40001,29,18,260.0,315.0,55.0
40002,29,18,240.0,295.0,55.0
40003,29,18,380.0,435.0,55.0
40004,29,18,260.0,315.0,55.0
40005,29,6,435.0,490.0,55.0
40006,29,18,275.0,330.0,55.0
40007,29,18,442.0,497.0,55.0
40008,29,18,315.0,370.0,55.0
40009,29,18,450.0,505.0,55.0
40010,29,18,360.0,415.0,55.0
40011,29,18,466.0,521.0,55.0
40012,29,18,380.0,435.0,55.0
40013,29,18,473.0,528.0,55.0
40014,29,18,390.0,445.0,55.0
40015,29,18,480.0,535.0,55.0
40016,29,18,398.0,453.0,55.0
40017,29,18,490.0,545.0,55.0
40018,29,18,412.0,467.0,55.0
40019,23,15,497.0,537.0,40.0
40020,29,18,420.0,475.0,55.0
40021,17,3,512.0,538.0,26.0
40022,29,18,430.0,485.0,55.0
40023,29,18,520.0,575.0,55.0
40025,29,18,527.0,582.0,55.0
40026,29,18,464.0,519.0,55.0
40027,29,18,542.0,597.0,55.0
40028,29,18,476.0,531.0,55.0
40029,29,18,548.0,603.0,55.0
40030,29,18,486.0,541.0,55.0
40031,29,18,554.0,609.0,55.0
40032,29,18,495.0,550.0,55.0
40033,29,18,560.0,615.0,55.0
40034,29,18,504.0,559.0,55.0
40035,29,18,566.0,621.0,55.0
40036,29,18,510.0,565.0,55.0
40037,29,18,572.0,627.0,55.0
40038,29,18,518.0,573.0,55.0
40039,29,18,584.0,639.0,55.0
40040,29,18,527.0,582.0,55.0
40041,29,18,596.0,651.0,55.0
40042,17,2,550.0,585.0,35.0
40043,29,18,602.0,657.0,55.0
40044,23,2,543.0,587.0,44.0
40045,29,18,608.0,663.0,55.0
40046,29,18,536.0,591.0,55.0
40047,29,18,620.0,675.0,55.0
40048,29,18,545.0,600.0,55.0
40049,29,18,626.0,681.0,55.0
40050,29,18,555.0,610.0,55.0
40051,29,18,632.0,687.0,55.0
40052,29,2,580.0,635.0,55.0
40053,29,18,638.0,693.0,55.0
40054,29,18,590.0,645.0,55.0
40055,29,18,644.0,699.0,55.0
40056,29,18,602.0,657.0,55.0
40057,29,18,650.0,705.0,55.0
40058,29,18,610.0,665.0,55.0
40059,29,18,656.0,711.0,55.0
40060,29,18,620.0,675.0,55.0
40061,29,18,670.0,725.0,55.0
40062,29,18,628.0,683.0,55.0
40063,29,18,680.0,735.0,55.0
40064,29,18,645.0,700.0,55.0
40065,29,18,690.0,745.0,55.0
40066,29,18,670.0,725.0,55.0
40067,29,18,697.0,752.0,55.0
40068,29,18,680.0,735.0,55.0
40069,29,18,705.0,760.0,55.0
40070,29,18,690.0,745.0,55.0
40071,29,18,730.0,785.0,55.0
40072,29,18,718.0,773.0,55.0
40073,29,18,740.0,795.0,55.0
40074,29,2,732.0,787.0,55.0
40075,29,18,763.0,818.0,55.0
40076,29,2,767.0,822.0,55.0
40077,29,18,776.0,831.0,55.0
40078,29,2,797.0,852.0,55.0
40079,29,18,802.0,857.0,55.0
40080,29,2,812.0,867.0,55.0
40081,29,18,841.0,896.0,55.0
40082,29,2,842.0,897.0,55.0
40083,29,18,863.0,918.0,55.0
40084,29,2,855.0,910.0,55.0
40085,29,18,872.0,927.0,55.0
40086,29,2,865.0,920.0,55.0
40087,29,18,902.0,957.0,55.0
40088,29,2,885.0,940.0,55.0
40089,29,18,915.0,970.0,55.0
40090,29,2,895.0,950.0,55.0
40091,29,18,945.0,1000.0,55.0
40092,29,2,905.0,960.0,55.0
40093,29,18,955.0,1010.0,55.0
40094,29,2,923.0,978.0,55.0
40095,29,18,965.0,1020.0,55.0
40096,29,2,932.0,987.0,55.0
40097,29,18,983.0,1038.0,55.0
40098,29,2,938.0,993.0,55.0
40099,29,18,1000.0,1055.0,55.0
40100,29,2,950.0,1005.0,55.0
40101,29,18,1020.0,1075.0,55.0
40102,29,2,968.0,1023.0,55.0
40103,29,18,1030.0,1085.0,55.0
40104,29,2,978.0,1033.0,55.0
40105,29,18,1050.0,1105.0,55.0
40106,29,2,996.0,1051.0,55.0
40107,29,18,1065.0,1120.0,55.0
40108,29,2,1003.0,1058.0,55.0
40109,29,18,1073.0,1128.0,55.0
40110,29,2,1010.0,1065.0,55.0
40111,29,18,1080.0,1135.0,55.0
40112,29,2,1017.0,1072.0,55.0
40113,29,18,1100.0,1155.0,55.0
40114,29,2,1024.0,1079.0,55.0
40115,29,18,1107.0,1162.0,55.0
40116,29,2,1031.0,1086.0,55.0
40117,29,18,1128.0,1183.0,55.0
40118,29,2,1038.0,1093.0,55.0
40119,29,18,1135.0,1190.0,55.0
40120,29,2,1052.0,1107.0,55.0
40121,29,18,1142.0,1197.0,55.0
40122,29,2,1059.0,1114.0,55.0
40123,29,18,1156.0,1211.0,55.0
40124,29,2,1073.0,1128.0,55.0
40125,29,18,1164.0,1219.0,55.0
40126,29,2,1080.0,1135.0,55.0
40127,29,18,1180.0,1235.0,55.0
40128,29,2,1088.0,1143.0,55.0
40129,29,18,1188.0,1243.0,55.0
40130,29,2,1105.0,1160.0,55.0
40131,29,18,1204.0,1259.0,55.0
40132,29,2,1115.0,1170.0,55.0
40133,29,18,1212.0,1267.0,55.0
40134,29,2,1125.0,1180.0,55.0
40135,29,18,1228.0,1283.0,55.0
40136,29,2,1143.0,1198.0,55.0
40137,29,18,1236.0,1291.0,55.0
40138,29,6,1151.0,1206.0,55.0
40139,29,18,1244.0,1299.0,55.0
40140,29,6,1167.0,1222.0,55.0
40141,29,18,1260.0,1315.0,55.0
40142,29,6,1183.0,1238.0,55.0
40143,29,18,1270.0,1325.0,55.0
40144,29,2,1200.0,1255.0,55.0
40145,29,18,1290.0,1345.0,55.0
40146,29,2,1220.0,1275.0,55.0
40147,29,18,1325.0,1380.0,55.0
40148,29,2,1230.0,1285.0,55.0
40150,29,2,1280.0,1335.0,55.0
40151,29,18,1345.0,1400.0,55.0
40152,29,6,1295.0,1350.0,55.0
40153,29,18,1385.0,0.0,55.0
40154,29,2,1345.0,1400.0,55.0
40155,29,18,1410.0,25.0,55.0
40156,29,2,1365.0,1420.0,55.0
40157,29,18,1439.0,54.0,55.0
40158,29,2,1410.0,25.0,55.0
40301,29,18,255.0,310.0,55.0
40302,29,2,240.0,295.0,55.0
40303,29,18,340.0,395.0,55.0
40304,29,2,260.0,315.0,55.0
40305,29,18,375.0,430.0,55.0
40306,29,2,275.0,330.0,55.0
40307,29,18,415.0,470.0,55.0
40308,29,2,315.0,370.0,55.0
40309,29,18,435.0,490.0,55.0
40310,29,2,360.0,415.0,55.0
40311,29,18,445.0,500.0,55.0
40312,29,6,390.0,445.0,55.0
40313,29,18,470.0,525.0,55.0
40314,29,2,420.0,475.0,55.0
40315,29,18,480.0,535.0,55.0
40316,29,2,450.0,505.0,55.0
40317,29,18,495.0,550.0,55.0
40318,29,2,490.0,545.0,55.0
40319,29,18,518.0,573.0,55.0
40320,29,2,530.0,585.0,55.0
40321,29,18,530.0,585.0,55.0
40322,29,2,560.0,615.0,55.0
40323,29,18,552.0,607.0,55.0
40324,29,6,575.0,630.0,55.0
40325,29,18,565.0,620.0,55.0
40326,29,2,590.0,645.0,55.0
40327,29,18,582.0,637.0,55.0
40328,29,2,600.0,655.0,55.0
40329,29,18,600.0,655.0,55.0
40330,29,2,610.0,665.0,55.0
40331,29,18,620.0,675.0,55.0
40332,29,2,620.0,675.0,55.0
40333,29,18,630.0,685.0,55.0
40334,29,2,640.0,695.0,55.0
40335,29,18,640.0,695.0,55.0
40336,29,2,650.0,705.0,55.0
40337,29,18,645.0,700.0,55.0
40338,29,2,660.0,715.0,55.0
40339,29,18,650.0,705.0,55.0
40340,29,2,670.0,725.0,55.0
40341,29,18,670.0,725.0,55.0
40342,29,2,680.0,735.0,55.0
40343,29,18,680.0,735.0,55.0
40344,29,6,690.0,745.0,55.0
40345,29,18,690.0,745.0,55.0
40346,29,2,710.0,765.0,55.0
40347,29,18,700.0,755.0,55.0
40348,29,2,720.0,775.0,55.0
40349,29,18,710.0,765.0,55.0
40350,29,2,730.0,785.0,55.0
40351,29,18,730.0,785.0,55.0
40352,29,2,750.0,805.0,55.0
40353,29,18,740.0,795.0,55.0
40354,29,2,770.0,825.0,55.0
40355,29,18,760.0,815.0,55.0
40356,29,2,795.0,850.0,55.0
40357,29,18,770.0,825.0,55.0
40358,29,2,810.0,865.0,55.0
40359,29,18,780.0,835.0,55.0
40360,29,2,840.0,895.0,55.0
40361,29,18,840.0,895.0,55.0
40362,29,2,855.0,910.0,55.0
40363,29,18,870.0,925.0,55.0
40364,29,2,870.0,925.0,55.0
40365,29,18,900.0,955.0,55.0
40366,29,2,900.0,955.0,55.0
40367,29,18,915.0,970.0,55.0
40368,29,2,920.0,975.0,55.0
40369,29,18,930.0,985.0,55.0
40370,29,2,930.0,985.0,55.0
40371,29,18,950.0,1005.0,55.0
40372,29,6,950.0,1005.0,55.0
40373,29,18,960.0,1015.0,55.0
40374,29,2,970.0,1025.0,55.0
40375,29,18,980.0,1035.0,55.0
40376,29,2,980.0,1035.0,55.0
40377,29,18,990.0,1045.0,55.0
40378,29,2,1000.0,1055.0,55.0
40379,29,18,1000.0,1055.0,55.0
40380,29,2,1010.0,1065.0,55.0
40381,29,18,1020.0,1075.0,55.0
40382,29,2,1020.0,1075.0,55.0
40383,29,18,1030.0,1085.0,55.0
40384,29,2,1030.0,1085.0,55.0
40385,29,18,1050.0,1105.0,55.0
40386,29,2,1040.0,1095.0,55.0
40387,29,18,1070.0,1125.0,55.0
40388,29,2,1060.0,1115.0,55.0
40389,29,18,1100.0,1155.0,55.0
40390,29,2,1080.0,1135.0,55.0
40391,29,18,1120.0,1175.0,55.0
40392,29,2,1100.0,1155.0,55.0
40393,29,18,1140.0,1195.0,55.0
40394,29,2,1110.0,1165.0,55.0
40395,29,18,1160.0,1215.0,55.0
40396,29,2,1120.0,1175.0,55.0
40397,29,18,1170.0,1225.0,55.0
40398,29,2,1130.0,1185.0,55.0
40399,29,18,1190.0,1245.0,55.0
40400,29,2,1147.0,1202.0,55.0
40401,29,18,1200.0,1255.0,55.0
40402,29,2,1160.0,1215.0,55.0
40403,29,18,1215.0,1270.0,55.0
40404,29,2,1180.0,1235.0,55.0
40405,29,18,1230.0,1285.0,55.0
40406,29,2,1190.0,1245.0,55.0
40407,29,18,1240.0,1295.0,55.0
40408,29,2,1200.0,1255.0,55.0
40409,29,18,1260.0,1315.0,55.0
40410,29,2,1220.0,1275.0,55.0
40411,29,18,1275.0,1330.0,55.0
40412,29,2,1230.0,1285.0,55.0
40413,29,18,1320.0,1375.0,55.0
40414,29,2,1250.0,1305.0,55.0
40415,29,18,1335.0,1390.0,55.0
40416,29,2,1260.0,1315.0,55.0
40417,29,18,1350.0,1405.0,55.0
40418,29,6,1290.0,1345.0,55.0
40419,29,18,1400.0,15.0,55.0
40420,29,2,1350.0,1405.0,55.0
40421,29,18,1439.0,54.0,55.0
40422,29,2,1410.0,25.0,55.0
40501,59,2,235.0,335.0,100.0
40502,59,2,235.0,350.0,115.0
40503,59,2,280.0,385.0,105.0
40504,59,6,275.0,385.0,110.0
40505,59,2,300.0,405.0,105.0
40506,59,3,295.0,400.0,105.0
40507,59,2,320.0,425.0,105.0
40508,59,3,310.0,425.0,115.0
40509,59,3,355.0,455.0,100.0
40510,59,2,350.0,460.0,110.0
40511,59,2,370.0,470.0,100.0
40512,59,3,400.0,507.0,107.0
40513,59,2,390.0,495.0,105.0
40514,59,3,420.0,512.0,92.0
40515,59,2,405.0,505.0,100.0
40516,59,2,445.0,537.0,92.0
40517,59,2,415.0,515.0,100.0
40518,59,3,470.0,560.0,90.0
40519,59,3,458.0,560.0,102.0
40520,59,2,485.0,587.0,102.0
40522,59,2,505.0,595.0,90.0
40523,59,2,536.0,640.0,104.0
40524,59,3,520.0,620.0,100.0
40525,59,3,578.0,685.0,107.0
40526,59,3,530.0,620.0,90.0
40527,59,2,614.0,720.0,106.0
40528,59,2,580.0,690.0,110.0
40529,59,3,662.0,765.0,103.0
40531,59,3,715.0,815.0,100.0
40532,59,11,650.0,758.0,108.0
40533,59,3,750.0,850.0,100.0
40534,59,7,710.0,810.0,100.0
40535,59,2,789.0,900.0,111.0
40536,59,2,735.0,835.0,100.0
40538,59,2,780.0,882.0,102.0
40539,59,3,827.0,930.0,103.0
40540,59,2,830.0,930.0,100.0
40541,59,2,853.0,960.0,107.0
40542,59,2,865.0,970.0,105.0
40543,59,3,887.0,990.0,103.0
40544,59,2,915.0,1015.0,100.0
40545,59,3,935.0,1040.0,105.0
40547,59,3,975.0,1075.0,100.0
40548,59,2,940.0,1042.0,102.0
40549,59,3,992.0,1105.0,113.0
40550,59,3,995.0,1100.0,105.0
40551,59,11,1010.0,1125.0,115.0
40552,59,2,1020.0,1121.0,101.0
40553,59,7,1040.0,1150.0,110.0
40554,59,2,1050.0,1150.0,100.0
40555,59,3,1058.0,1165.0,107.0
40556,59,3,1085.0,1190.0,105.0
40557,59,2,1087.0,1190.0,103.0
40558,59,9,1120.0,1230.0,110.0
40559,59,3,1113.0,1210.0,97.0
40560,59,11,1140.0,1246.0,106.0
40561,59,3,1120.0,1230.0,110.0
40562,59,3,1165.0,1265.0,100.0
40563,59,2,1172.0,1290.0,118.0
40564,59,2,1185.0,1297.0,112.0
40565,59,3,1196.0,1300.0,104.0
40566,59,2,1210.0,1310.0,100.0
40567,59,3,1252.0,1360.0,108.0
40568,59,10,1250.0,1365.0,115.0
40569,59,7,1280.0,1380.0,100.0
40570,59,3,1270.0,1380.0,110.0
40571,59,3,1305.0,1405.0,100.0
40572,59,2,1335.0,0.0,105.0
40573,59,3,1365.0,45.0,120.0
40574,59,3,1390.0,50.0,100.0
40601,59,11,235.0,335.0,100.0
40602,59,3,235.0,350.0,115.0
40603,59,11,280.0,385.0,105.0
40604,59,11,275.0,385.0,110.0
40605,59,11,300.0,405.0,105.0
40606,59,11,295.0,400.0,105.0
40607,59,2,320.0,425.0,105.0
40608,59,3,310.0,425.0,115.0
40609,59,3,355.0,455.0,100.0
40610,59,11,350.0,460.0,110.0
40612,59,9,400.0,520.0,120.0
40613,59,2,390.0,495.0,105.0
40614,59,2,420.0,535.0,115.0
40615,59,11,405.0,505.0,100.0
40616,59,2,445.0,560.0,115.0
40617,59,2,458.0,570.0,112.0
40618,59,11,470.0,570.0,100.0
40619,59,2,540.0,640.0,100.0
40621,59,2,575.0,685.0,110.0
40622,59,2,505.0,605.0,100.0
40623,59,2,615.0,720.0,105.0
40624,59,2,525.0,625.0,100.0
40625,59,3,660.0,765.0,105.0
40626,59,2,580.0,685.0,105.0
40627,59,2,720.0,820.0,100.0
40628,59,11,650.0,755.0,105.0
40629,59,2,750.0,850.0,100.0
40630,59,11,710.0,815.0,105.0
40631,59,11,795.0,900.0,105.0
40632,59,2,735.0,835.0,100.0
40633,59,2,825.0,930.0,105.0
40634,59,2,780.0,880.0,100.0
40635,59,2,855.0,960.0,105.0
40636,59,4,830.0,940.0,110.0
40637,59,10,885.0,990.0,105.0
40638,59,2,865.0,965.0,100.0
40639,59,2,940.0,1040.0,100.0
40640,59,11,915.0,1015.0,100.0
40641,59,2,970.0,1075.0,105.0
40642,59,2,940.0,1045.0,105.0
40643,59,11,1010.0,1125.0,115.0
40644,59,3,995.0,1105.0,110.0
40645,59,11,1040.0,1150.0,110.0
40646,59,2,1020.0,1125.0,105.0
40647,59,11,1060.0,1165.0,105.0
40648,59,2,1050.0,1145.0,95.0
40649,59,3,1090.0,1200.0,110.0
40650,59,3,1085.0,1195.0,110.0
40651,59,2,1110.0,1215.0,105.0
40652,59,2,1120.0,1225.0,105.0
40653,59,2,1130.0,1230.0,100.0
40654,59,2,1165.0,1265.0,100.0
40655,59,11,1180.0,1290.0,110.0
40656,59,3,1185.0,1295.0,110.0
40657,59,2,1210.0,1310.0,100.0
40658,59,2,1225.0,1330.0,105.0
40659,59,2,1252.0,1360.0,108.0
40660,59,11,1250.0,1365.0,115.0
40661,59,2,1290.0,1395.0,105.0
40662,59,3,1275.0,1380.0,105.0
40663,59,2,1305.0,1405.0,100.0
40664,59,2,1335.0,1435.0,100.0
40665,59,11,1370.0,45.0,115.0
40666,59,2,1390.0,50.0,100.0
40701,108,3,425.0,605.0,180.0
40702,108,4,315.0,492.0,177.0
40704,108,4,425.0,570.0,145.0
40705,108,15,815.0,995.0,180.0
40706,108,10,480.0,628.0,148.0
40707,108,8,1093.0,1240.0,147.0
40708,108,8,625.0,797.0,172.0
40709,108,5,1149.0,1335.0,186.0
40711,108,7,1220.0,1385.0,165.0
40712,108,12,1030.0,1214.0,184.0
40751,108,4,425.0,605.0,180.0
40752,108,6,315.0,490.0,175.0
40754,108,5,425.0,595.0,170.0
40755,108,15,810.0,995.0,185.0
40756,108,8,480.0,635.0,155.0
40757,108,14,1080.0,1240.0,160.0
40758,108,4,625.0,795.0,170.0
40759,108,3,1150.0,1335.0,185.0
40761,108,2,1220.0,1385.0,165.0
40762,108,4,1030.0,1208.0,178.0
40801,95,3,340.0,495.0,155.0
40802,95,6,550.0,711.0,161.0
40803,95,6,925.0,1080.0,155.0
40804,95,14,1160.0,1325.0,165.0
40901,48,10,315.0,405.0,90.0
40902,48,10,1260.0,1320.0,60.0
41001,14,3,235.0,280.0,45.0
41003,14,3,280.0,325.0,45.0
41006,14,3,345.0,390.0,45.0
41008,14,3,385.0,430.0,45.0
41009,14,3,350.0,395.0,45.0
41012,14,3,400.0,445.0,45.0
41013,14,3,380.0,425.0,45.0
41014,14,3,415.0,460.0,45.0
41015,14,3,400.0,445.0,45.0
41016,14,3,430.0,475.0,45.0
41017,14,3,435.0,480.0,45.0
41020,14,3,455.0,500.0,45.0
41021,14,3,450.0,495.0,45.0
41022,14,3,475.0,520.0,45.0
41023,14,3,465.0,510.0,45.0
41024,14,3,485.0,530.0,45.0
41028,14,3,515.0,560.0,45.0
41029,14,3,505.0,550.0,45.0
41033,14,3,525.0,570.0,45.0
41035,14,3,535.0,580.0,45.0
41036,14,3,565.0,610.0,45.0
41038,14,3,575.0,620.0,45.0
41040,14,3,590.0,635.0,45.0
41042,14,3,605.0,650.0,45.0
41043,14,3,575.0,620.0,45.0
41046,14,3,630.0,675.0,45.0
41048,14,3,645.0,690.0,45.0
41050,14,3,660.0,705.0,45.0
41051,14,3,615.0,660.0,45.0
41055,14,3,645.0,690.0,45.0
41056,14,3,715.0,760.0,45.0
41057,14,3,660.0,705.0,45.0
41060,14,3,755.0,800.0,45.0
41061,14,3,690.0,735.0,45.0
41063,14,3,705.0,750.0,45.0
41064,14,3,795.0,840.0,45.0
41065,14,3,725.0,770.0,45.0
41069,14,3,765.0,810.0,45.0
41070,14,3,855.0,900.0,45.0
41073,14,3,805.0,850.0,45.0
41076,14,3,905.0,950.0,45.0
41077,14,3,845.0,890.0,45.0
41078,14,3,925.0,970.0,45.0
41079,14,3,865.0,910.0,45.0
41080,14,3,945.0,990.0,45.0
41081,14,3,885.0,930.0,45.0
41082,14,3,960.0,1005.0,45.0
41084,14,3,970.0,1015.0,45.0
41085,14,3,925.0,970.0,45.0
41086,14,2,985.0,1030.0,45.0
41089,14,3,960.0,1005.0,45.0
41091,14,3,975.0,1020.0,45.0
41092,14,3,1025.0,1070.0,45.0
41093,14,3,990.0,1040.0,50.0
41095,14,3,1005.0,1050.0,45.0
41096,14,3,1045.0,1090.0,45.0
41097,14,3,1020.0,1065.0,45.0
41102,14,3,1075.0,1120.0,45.0
41103,14,3,1060.0,1105.0,45.0
41104,14,3,1085.0,1130.0,45.0
41105,14,3,1070.0,1115.0,45.0
41108,14,3,1110.0,1155.0,45.0
41110,14,3,1125.0,1170.0,45.0
41111,14,3,1105.0,1150.0,45.0
41113,14,3,1115.0,1160.0,45.0
41116,14,3,1160.0,1205.0,45.0
41117,14,3,1135.0,1180.0,45.0
41119,14,3,1150.0,1195.0,45.0
41120,14,3,1190.0,1235.0,45.0
41122,14,3,1210.0,1255.0,45.0
41127,14,3,1220.0,1265.0,45.0
41128,14,3,1270.0,1315.0,45.0
41129,14,3,1240.0,1285.0,45.0
41130,14,3,1290.0,1335.0,45.0
41131,14,3,1260.0,1305.0,45.0
41132,14,3,1310.0,1355.0,45.0
41134,14,3,1330.0,1375.0,45.0
41135,14,3,1300.0,1345.0,45.0
41138,14,3,1370.0,1415.0,45.0
41140,14,3,1390.0,1435.0,45.0
41501,14,3,360.0,405.0,45.0
41502,14,3,410.0,455.0,45.0
41503,14,3,380.0,425.0,45.0
41504,14,3,430.0,475.0,45.0
41505,14,3,400.0,445.0,45.0
41506,14,3,450.0,495.0,45.0
41507,14,3,420.0,465.0,45.0
41508,14,3,470.0,515.0,45.0
41509,14,3,440.0,485.0,45.0
41510,14,3,490.0,535.0,45.0
41511,14,2,460.0,505.0,45.0
41512,14,3,510.0,555.0,45.0
41513,14,3,480.0,525.0,45.0
41514,14,3,530.0,575.0,45.0
41515,14,3,500.0,545.0,45.0
41516,14,3,550.0,595.0,45.0
41517,14,3,520.0,565.0,45.0
41518,14,3,570.0,615.0,45.0
41519,14,3,540.0,585.0,45.0
41520,14,3,590.0,635.0,45.0
41521,14,3,560.0,605.0,45.0
41522,14,3,610.0,655.0,45.0
41523,14,3,580.0,625.0,45.0
41524,14,3,630.0,675.0,45.0
41525,14,3,590.0,635.0,45.0
41526,14,3,640.0,685.0,45.0
41527,14,3,600.0,645.0,45.0
41528,14,3,650.0,695.0,45.0
41529,14,3,620.0,665.0,45.0
41530,14,3,670.0,715.0,45.0
41531,14,2,640.0,685.0,45.0
41532,14,3,690.0,735.0,45.0
41533,14,3,660.0,705.0,45.0
41534,14,3,710.0,755.0,45.0
41535,14,3,680.0,725.0,45.0
41536,14,3,730.0,775.0,45.0
41537,14,3,700.0,745.0,45.0
41538,14,3,750.0,795.0,45.0
41539,14,3,720.0,765.0,45.0
41540,14,3,770.0,815.0,45.0
41541,14,3,740.0,785.0,45.0
41542,14,3,790.0,835.0,45.0
41543,14,3,760.0,805.0,45.0
41544,14,3,810.0,855.0,45.0
41545,14,3,780.0,825.0,45.0
41546,14,3,830.0,875.0,45.0
41547,14,3,800.0,845.0,45.0
41548,14,3,850.0,895.0,45.0
41549,14,3,820.0,865.0,45.0
41550,14,3,870.0,915.0,45.0
41551,14,3,840.0,885.0,45.0
41552,14,3,890.0,935.0,45.0
41553,14,3,860.0,905.0,45.0
41554,14,3,910.0,955.0,45.0
41555,14,3,880.0,925.0,45.0
41556,14,3,930.0,975.0,45.0
41557,14,3,900.0,945.0,45.0
41558,14,3,950.0,995.0,45.0
41559,14,3,920.0,965.0,45.0
41560,14,3,970.0,1015.0,45.0
41561,14,3,940.0,985.0,45.0
41562,14,3,990.0,1035.0,45.0
41563,14,3,960.0,1005.0,45.0
41564,14,3,1010.0,1055.0,45.0
41565,14,3,980.0,1025.0,45.0
41566,14,3,1030.0,1075.0,45.0
41567,14,3,1000.0,1045.0,45.0
41568,14,3,1050.0,1095.0,45.0
41569,14,3,1020.0,1065.0,45.0
41570,14,3,1070.0,1115.0,45.0
41571,14,3,1040.0,1085.0,45.0
41572,14,3,1090.0,1135.0,45.0
41573,14,3,1060.0,1105.0,45.0
41574,14,3,1110.0,1155.0,45.0
41575,14,3,1080.0,1125.0,45.0
41576,14,3,1130.0,1175.0,45.0
41577,14,3,1100.0,1145.0,45.0
41578,14,3,1150.0,1195.0,45.0
41579,14,3,1120.0,1165.0,45.0
41580,14,3,1170.0,1215.0,45.0
41581,14,3,1140.0,1185.0,45.0
41582,14,3,1190.0,1235.0,45.0
41583,14,3,1160.0,1205.0,45.0
41584,14,3,1210.0,1255.0,45.0
41585,14,3,1180.0,1225.0,45.0
41586,14,3,1230.0,1275.0,45.0
41587,14,3,1200.0,1245.0,45.0
41588,14,3,1250.0,1295.0,45.0
41589,14,3,1230.0,1275.0,45.0
41590,14,3,1280.0,1325.0,45.0
41593,14,3,1260.0,1305.0,45.0
41594,14,3,1310.0,1355.0,45.0
41597,14,3,1290.0,1335.0,45.0
41598,14,3,1340.0,1385.0,45.0
41599,14,3,1320.0,1365.0,45.0
41600,14,3,1370.0,1415.0,45.0
42001,47,16,15.0,95.0,80.0
42002,47,15,165.0,250.0,85.0
42003,47,16,355.0,460.0,105.0
42004,47,16,240.0,330.0,90.0
42005,47,16,400.0,490.0,90.0
42006,47,16,295.0,395.0,100.0
42007,47,12,420.0,500.0,80.0
42008,47,16,320.0,410.0,90.0
42009,47,16,495.0,575.0,80.0
42010,47,16,350.0,440.0,90.0
42011,47,16,540.0,630.0,90.0
42012,47,15,415.0,515.0,100.0
42013,47,16,570.0,670.0,100.0
42014,47,16,475.0,575.0,100.0
42015,47,16,625.0,710.0,85.0
42016,47,16,505.0,600.0,95.0
42017,47,16,695.0,790.0,95.0
42018,47,16,590.0,680.0,90.0
42019,47,16,740.0,830.0,90.0
42020,47,16,650.0,740.0,90.0
42021,47,16,805.0,890.0,85.0
42022,47,16,680.0,770.0,90.0
42023,47,16,875.0,965.0,90.0
42024,47,12,775.0,865.0,90.0
42025,47,16,915.0,1010.0,95.0
42026,47,12,815.0,905.0,90.0
42027,47,16,990.0,1075.0,85.0
42028,47,16,880.0,975.0,95.0
42029,47,16,1025.0,1110.0,85.0
42030,47,12,915.0,1005.0,90.0
42031,47,16,1055.0,1155.0,100.0
42032,47,16,940.0,1030.0,90.0
42033,47,16,1115.0,1200.0,85.0
42034,47,16,1020.0,1105.0,85.0
42035,47,16,1175.0,1260.0,85.0
42036,47,16,1050.0,1135.0,85.0
42037,47,16,1215.0,1300.0,85.0
42038,47,16,1090.0,1175.0,85.0
42039,47,16,1275.0,1360.0,85.0
42040,47,16,1120.0,1205.0,85.0
42041,47,16,1305.0,1395.0,90.0
42042,47,16,1170.0,1260.0,90.0
42043,47,16,1365.0,10.0,85.0
42044,47,16,1210.0,1295.0,85.0
42045,47,16,1400.0,55.0,95.0
42046,47,16,1310.0,1405.0,95.0
42301,34,14,855.0,930.0,75.0
42302,34,14,480.0,555.0,75.0
42401,82,21,260.0,385.0,125.0
42402,82,21,345.0,480.0,135.0
42403,82,21,300.0,430.0,130.0
42404,82,16,400.0,530.0,130.0
42406,82,21,600.0,730.0,130.0
42407,82,21,450.0,590.0,140.0
42408,82,21,675.0,800.0,125.0
42409,82,21,515.0,655.0,140.0
42411,82,21,595.0,730.0,135.0
42412,82,21,795.0,930.0,135.0
42413,82,21,760.0,895.0,135.0
42414,82,21,910.0,1060.0,150.0
42416,82,21,1090.0,1225.0,135.0
42417,82,21,935.0,1070.0,135.0
42419,82,21,1080.0,1215.0,135.0
42420,82,21,1230.0,1355.0,125.0
42421,82,20,1145.0,1280.0,135.0
42422,82,21,1300.0,1435.0,135.0
42423,82,21,1235.0,1365.0,130.0
42451,35,2,280.0,330.0,50.0
42452,35,6,1380.0,1425.0,45.0
42601,47,17,580.0,675.0,95.0
42602,47,17,535.0,620.0,85.0
42603,47,17,945.0,1040.0,95.0
42604,47,17,990.0,1080.0,90.0
42605,47,17,1115.0,1210.0,95.0
42606,47,17,1220.0,1305.0,85.0
42607,47,17,1200.0,1290.0,90.0
42608,47,17,1300.0,1395.0,95.0
42651,62,15,530.0,675.0,145.0
42652,62,15,530.0,675.0,145.0
42653,62,15,895.0,1040.0,145.0
42654,62,15,990.0,1125.0,135.0
42655,62,15,1065.0,1205.0,140.0
42656,62,15,1220.0,1365.0,145.0
42657,62,15,1150.0,1290.0,140.0
42701,35,11,335.0,405.0,70.0
42702,34,15,420.0,485.0,65.0
42751,50,13,285.0,400.0,115.0
42752,49,13,420.0,535.0,115.0
42801,82,22,880.0,1020.0,140.0
42802,82,22,445.0,585.0,140.0
42804,82,22,1040.0,1170.0,130.0
42851,97,19,835.0,1025.0,190.0
42852,97,19,445.0,635.0,190.0
42854,97,19,1035.0,1225.0,190.0
42901,16,8,340.0,385.0,45.0
43001,20,11,15.0,65.0,50.0
43002,21,11,240.0,290.0,50.0
43003,20,11,470.0,515.0,45.0
43005,20,11,535.0,580.0,45.0
43006,21,11,310.0,355.0,45.0
43007,20,11,540.0,585.0,45.0
43008,21,11,325.0,375.0,50.0
43009,20,11,565.0,610.0,45.0
43011,20,11,605.0,655.0,50.0
43013,20,11,615.0,665.0,50.0
43014,21,11,555.0,615.0,60.0
43015,20,11,645.0,695.0,50.0
43016,21,11,595.0,640.0,45.0
43017,20,11,755.0,800.0,45.0
43018,21,11,665.0,710.0,45.0
43019,20,11,960.0,1000.0,40.0
43020,21,11,990.0,1040.0,50.0
43021,20,7,1320.0,1370.0,50.0
43022,21,11,1025.0,1075.0,50.0
43023,20,11,1405.0,15.0,50.0
43025,20,7,1320.0,1370.0,50.0
43029,20,7,1405.0,15.0,50.0
43101,30,14,255.0,320.0,65.0
43102,31,14,200.0,275.0,75.0
43103,30,14,300.0,380.0,80.0
43104,31,14,330.0,405.0,75.0
43105,30,14,380.0,450.0,70.0
43106,31,14,395.0,465.0,70.0
43107,30,14,445.0,515.0,70.0
43108,31,14,460.0,535.0,75.0
43109,30,14,675.0,745.0,70.0
43110,31,14,630.0,695.0,65.0
43111,30,14,740.0,810.0,70.0
43112,31,14,685.0,755.0,70.0
43113,30,14,780.0,850.0,70.0
43114,31,14,770.0,845.0,75.0
43115,30,14,905.0,975.0,70.0
43116,31,14,820.0,890.0,70.0
43117,30,14,970.0,1040.0,70.0
43118,31,14,860.0,930.0,70.0
43119,30,14,1095.0,1165.0,70.0
43120,31,14,910.0,980.0,70.0
43121,30,14,1155.0,1225.0,70.0
43122,31,14,985.0,1050.0,65.0
43123,25,9,1230.0,1300.0,70.0
43124,31,14,1050.0,1120.0,70.0
43125,25,8,1285.0,1355.0,70.0
43126,31,14,1130.0,1200.0,70.0
43127,25,8,1355.0,1425.0,70.0
43128,31,14,1176.0,1235.0,59.0
43130,31,14,1310.0,1380.0,70.0
43132,31,14,1365.0,1430.0,65.0
43201,46,18,270.0,350.0,80.0
43202,46,19,230.0,305.0,75.0
43203,46,19,315.0,395.0,80.0
43204,46,19,330.0,410.0,80.0
43205,46,19,355.0,430.0,75.0
43206,46,19,355.0,435.0,80.0
43207,46,19,410.0,485.0,75.0
43208,46,19,405.0,485.0,80.0
43209,46,19,465.0,540.0,75.0
43210,46,19,435.0,510.0,75.0
43211,46,19,485.0,560.0,75.0
43212,46,19,465.0,545.0,80.0
43213,46,19,520.0,595.0,75.0
43214,46,19,490.0,570.0,80.0
43215,46,19,555.0,635.0,80.0
43216,41,6,495.0,560.0,65.0
43217,46,19,570.0,650.0,80.0
43218,46,19,510.0,590.0,80.0
43219,46,19,585.0,665.0,80.0
43220,46,19,550.0,630.0,80.0
43221,46,19,690.0,770.0,80.0
43222,41,6,565.0,620.0,55.0
43223,46,19,730.0,810.0,80.0
43224,46,19,605.0,685.0,80.0
43225,46,19,800.0,880.0,80.0
43226,46,19,650.0,730.0,80.0
43227,41,18,840.0,920.0,80.0
43228,46,19,685.0,765.0,80.0
43229,46,19,880.0,960.0,80.0
43230,46,19,720.0,805.0,85.0
43231,46,19,900.0,980.0,80.0
43232,46,19,785.0,865.0,80.0
43233,46,19,945.0,1025.0,80.0
43234,46,19,880.0,960.0,80.0
43235,46,19,990.0,1070.0,80.0
43236,46,19,910.0,990.0,80.0
43237,46,19,1015.0,1090.0,75.0
43238,46,19,940.0,1020.0,80.0
43239,46,19,1045.0,1125.0,80.0
43240,46,18,960.0,1035.0,75.0
43241,46,19,1075.0,1155.0,80.0
43242,46,19,1005.0,1085.0,80.0
43243,46,19,1110.0,1190.0,80.0
43244,46,19,1020.0,1100.0,80.0
43245,46,19,1130.0,1210.0,80.0
43246,46,19,1040.0,1120.0,80.0
43247,41,10,1200.0,1280.0,80.0
43248,46,19,1090.0,1170.0,80.0
43250,46,19,1135.0,1215.0,80.0
43251,41,9,1255.0,1335.0,80.0
43252,46,19,1175.0,1260.0,85.0
43253,41,9,1300.0,1380.0,80.0
43254,46,19,1200.0,1280.0,80.0
43255,41,9,1390.0,30.0,80.0
43256,46,19,1230.0,1310.0,80.0
43257,41,11,1425.0,65.0,80.0
43258,46,19,1250.0,1330.0,80.0
43260,46,19,1315.0,1395.0,80.0
43401,68,11,330.0,415.0,85.0
43402,73,27,225.0,345.0,120.0
43403,73,27,360.0,480.0,120.0
43404,73,27,280.0,400.0,120.0
43405,73,27,405.0,525.0,120.0
43406,73,27,305.0,415.0,110.0
43407,73,27,500.0,615.0,115.0
43408,68,7,400.0,505.0,105.0
43409,73,27,550.0,670.0,120.0
43410,68,10,430.0,540.0,110.0
43411,73,27,665.0,785.0,120.0
43412,73,27,490.0,610.0,120.0
43413,73,27,770.0,895.0,125.0
43414,73,27,535.0,655.0,120.0
43415,73,27,820.0,945.0,125.0
43418,73,27,720.0,830.0,110.0
43419,73,27,960.0,1080.0,120.0
43420,73,27,830.0,950.0,120.0
43421,73,27,1005.0,1125.0,120.0
43422,73,27,940.0,1060.0,120.0
43423,68,14,1035.0,1150.0,115.0
43424,68,14,1010.0,1130.0,120.0
43425,73,27,1085.0,1205.0,120.0
43426,68,12,1090.0,1210.0,120.0
43427,73,27,1085.0,1205.0,120.0
43428,73,27,1135.0,1255.0,120.0
43429,68,12,1120.0,1245.0,125.0
43430,73,27,1170.0,1290.0,120.0
43431,68,10,1170.0,1260.0,90.0
43433,68,12,1185.0,1310.0,125.0
43434,73,24,1225.0,1345.0,120.0
43435,68,10,1210.0,1285.0,75.0
43436,73,27,1285.0,1405.0,120.0
43437,68,12,1275.0,1395.0,120.0
43438,73,27,1305.0,1425.0,120.0
43439,68,14,1330.0,15.0,125.0
43501,86,28,240.0,375.0,135.0
43502,86,29,340.0,480.0,140.0
43503,86,29,425.0,560.0,135.0
43504,86,29,390.0,530.0,140.0
43505,86,28,600.0,740.0,140.0
43506,86,28,580.0,720.0,140.0
43507,86,28,705.0,845.0,140.0
43508,86,28,795.0,925.0,130.0
43509,86,29,860.0,1000.0,140.0
43510,86,28,870.0,1005.0,135.0
43511,86,29,930.0,1075.0,145.0
43512,86,28,945.0,1080.0,135.0
43513,86,28,1060.0,1210.0,150.0
43514,86,28,1015.0,1155.0,140.0
43515,86,29,1140.0,1290.0,150.0
43516,86,28,1085.0,1225.0,140.0
43517,80,13,1220.0,1360.0,140.0
43518,81,14,1220.0,1360.0,140.0
43520,81,15,1305.0,1439.0,134.0
43551,12,2,255.0,275.0,20.0
43552,12,2,285.0,305.0,20.0
43553,12,3,310.0,330.0,20.0
43554,12,2,1265.0,1290.0,25.0
43556,12,2,1380.0,1400.0,20.0
43601,22,12,410.0,470.0,60.0
43602,22,12,250.0,305.0,55.0
43603,22,12,490.0,540.0,50.0
43604,22,12,265.0,315.0,50.0
43605,22,12,665.0,715.0,50.0
43606,22,12,370.0,420.0,50.0
43607,22,12,1175.0,1230.0,55.0
43608,22,12,430.0,480.0,50.0
43610,22,12,495.0,545.0,50.0
43611,22,2,1220.0,1270.0,50.0
43612,22,12,525.0,580.0,55.0
43613,22,8,1305.0,1360.0,55.0
43614,22,12,730.0,780.0,50.0
43615,22,8,1395.0,5.0,50.0
43616,22,12,880.0,935.0,55.0
43618,22,12,980.0,1030.0,50.0
43620,22,12,1000.0,1050.0,50.0
43622,22,12,1075.0,1125.0,50.0
43650,22,8,460.0,510.0,50.0
43651,36,10,365.0,470.0,105.0
43652,37,10,250.0,355.0,105.0
43653,36,10,445.0,545.0,100.0
43654,37,10,265.0,375.0,110.0
43655,36,10,615.0,720.0,105.0
43656,37,10,365.0,465.0,100.0
43657,36,10,1170.0,1280.0,110.0
43658,37,10,430.0,525.0,95.0
43659,36,10,1230.0,1335.0,105.0
43660,37,10,460.0,560.0,100.0
43661,36,10,1250.0,1360.0,110.0
43662,37,10,495.0,600.0,105.0
43663,36,10,1350.0,10.0,100.0
43664,37,10,525.0,630.0,105.0
43666,37,10,730.0,830.0,100.0
43668,37,10,880.0,990.0,110.0
43670,37,10,980.0,1080.0,100.0
43672,37,10,1000.0,1095.0,95.0
43674,37,10,1070.0,1170.0,100.0
43701,48,20,335.0,420.0,85.0
43702,48,20,665.0,750.0,85.0
43703,48,20,380.0,465.0,85.0
43704,48,20,820.0,905.0,85.0
43705,48,20,590.0,675.0,85.0
43706,48,20,1075.0,1160.0,85.0
43707,48,20,785.0,870.0,85.0
43708,48,20,1105.0,1185.0,80.0
43709,48,20,930.0,1010.0,80.0
43710,48,20,1185.0,1270.0,85.0
43711,48,20,1060.0,1145.0,85.0
43713,42,10,1150.0,1235.0,85.0
43715,48,20,1190.0,1270.0,80.0
43751,32,15,550.0,620.0,70.0
43752,32,15,520.0,592.0,72.0
43753,32,15,605.0,675.0,70.0
43754,32,15,1235.0,1315.0,80.0
43755,32,15,830.0,900.0,70.0
43757,32,15,1045.0,1110.0,65.0
43761,57,14,330.0,465.0,135.0
43762,57,14,665.0,790.0,125.0
43763,57,14,545.0,675.0,130.0
43764,57,14,820.0,950.0,130.0
43765,57,14,735.0,870.0,135.0
43766,57,14,1075.0,1210.0,135.0
43767,57,14,875.0,1010.0,135.0
43768,57,14,1100.0,1245.0,145.0
43769,57,14,1015.0,1150.0,135.0
43770,57,14,1185.0,1325.0,140.0
43771,57,14,1100.0,1235.0,135.0
43773,57,14,1140.0,1275.0,135.0
43791,46,13,500.0,620.0,120.0
43792,47,17,525.0,650.0,125.0
43793,46,13,555.0,675.0,120.0
43794,42,12,1235.0,1385.0,150.0
43795,46,13,775.0,900.0,125.0
43797,46,13,1000.0,1120.0,120.0
43801,74,28,80.0,210.0,130.0
43802,75,28,240.0,365.0,125.0
43803,74,28,260.0,390.0,130.0
43804,70,9,470.0,565.0,95.0
43805,74,28,865.0,995.0,130.0
43806,70,15,970.0,1095.0,125.0
43820,82,14,535.0,675.0,140.0
43821,82,16,730.0,880.0,150.0
43823,82,13,1105.0,1225.0,120.0
43831,20,5,435.0,470.0,35.0
43832,20,8,1285.0,1315.0,30.0
43841,52,17,1000.0,1080.0,80.0
43842,47,16,680.0,745.0,65.0
43844,47,2,1315.0,1390.0,75.0
43847,65,18,385.0,500.0,115.0
43851,70,17,940.0,1065.0,125.0
43852,75,29,320.0,470.0,150.0
43861,51,13,400.0,500.0,100.0
43872,29,13,522.0,575.0,53.0
43882,34,13,500.0,555.0,55.0
43891,4,3,170.0,190.0,20.0
43892,10,4,1435.0,15.0,20.0
43901,52,21,630.0,715.0,85.0
43902,52,21,370.0,455.0,85.0
43903,52,21,720.0,805.0,85.0
43904,52,21,820.0,905.0,85.0
43912,53,22,725.0,815.0,90.0
43921,5,2,350.0,360.0,10.0
43932,84,17,240.0,410.0,170.0
43934,84,16,415.0,585.0,170.0
43936,84,11,470.0,610.0,140.0
43938,84,17,975.0,1135.0,160.0
43941,97,17,680.0,885.0,205.0
43942,97,18,530.0,725.0,195.0
43943,97,15,1055.0,1230.0,175.0
43952,63,15,725.0,870.0,145.0
47100,25,13,275.0,320.0,45.0
47101,25,13,340.0,385.0,45.0
47102,25,13,380.0,425.0,45.0
47103,25,13,420.0,470.0,50.0
47104,25,13,466.0,511.0,45.0
47105,25,13,495.0,545.0,50.0
47106,25,13,540.0,585.0,45.0
47107,25,13,576.0,621.0,45.0
47108,25,13,612.0,657.0,45.0
47109,25,13,655.0,700.0,45.0
47110,25,13,682.0,727.0,45.0
47111,25,13,720.0,775.0,55.0
47112,25,13,805.0,850.0,45.0
47113,25,13,860.0,905.0,45.0
47114,25,13,920.0,965.0,45.0
47115,25,13,945.0,990.0,45.0
47116,25,13,970.0,1025.0,55.0
47117,25,13,1025.0,1070.0,45.0
47118,25,13,1060.0,1105.0,45.0
47119,25,13,1088.0,1133.0,45.0
47120,25,13,1137.0,1185.0,48.0
47121,25,13,1175.0,1220.0,45.0
47122,25,13,1200.0,1250.0,50.0
47123,25,13,1253.0,1298.0,45.0
47124,25,13,1310.0,1355.0,45.0
47125,25,13,1335.0,1380.0,45.0
47126,23,13,325.0,370.0,45.0
47127,23,13,350.0,400.0,50.0
47128,23,13,398.0,450.0,52.0
47129,23,13,440.0,485.0,45.0
47130,23,13,480.0,530.0,50.0
47131,23,13,523.0,568.0,45.0
47132,23,13,559.0,604.0,45.0
47133,23,13,595.0,645.0,50.0
47134,23,13,629.0,674.0,45.0
47135,23,13,665.0,712.0,47.0
47136,23,13,708.0,753.0,45.0
47137,23,13,750.0,795.0,45.0
47138,23,13,785.0,835.0,50.0
47139,23,13,900.0,945.0,45.0
47140,23,13,973.0,1020.0,47.0
47141,23,13,1035.0,1080.0,45.0
47142,23,13,1080.0,1130.0,50.0
47143,23,13,1120.0,1165.0,45.0
47144,23,13,1141.0,1186.0,45.0
47145,23,13,1195.0,1245.0,50.0
47146,23,13,1260.0,1305.0,45.0
47147,23,13,1315.0,1360.0,45.0
47148,23,13,1365.0,1410.0,45.0
47149,37,22,265.0,347.0,82.0
47150,37,22,330.0,407.0,77.0
47151,37,22,350.0,432.0,82.0
47152,37,22,450.0,525.0,75.0
47153,37,22,405.0,495.0,90.0
47154,37,22,470.0,547.0,77.0
47155,37,22,552.0,635.0,83.0
47156,37,22,635.0,712.0,77.0
47157,37,22,655.0,740.0,85.0
47158,37,22,730.0,810.0,80.0
47159,37,22,1270.0,1360.0,90.0
47160,37,22,805.0,882.0,77.0
47161,37,22,915.0,995.0,80.0
47162,37,22,974.0,1055.0,81.0
47163,37,22,1030.0,1110.0,80.0
47164,37,22,1058.0,1143.0,85.0
47165,37,22,595.0,682.0,87.0
47166,37,22,1128.0,1210.0,82.0
47167,37,22,1185.0,1265.0,80.0
47168,14,11,1370.0,1415.0,45.0
47169,37,22,782.0,865.0,83.0
47170,37,22,1305.0,1390.0,85.0
47171,37,22,265.0,342.0,77.0
47172,14,11,360.0,390.0,30.0
47173,37,22,355.0,432.0,77.0
47174,37,22,425.0,510.0,85.0
47175,37,22,465.0,542.0,77.0
47176,37,22,503.0,587.0,84.0
47177,37,22,540.0,627.0,87.0
47178,37,22,565.0,642.0,77.0
47179,37,22,645.0,722.0,77.0
47180,37,22,720.0,797.0,77.0
47181,37,22,760.0,840.0,80.0
47182,37,22,800.0,880.0,80.0
47183,37,22,870.0,952.0,82.0
47184,37,22,890.0,966.0,76.0
47185,37,22,945.0,1022.0,77.0
47186,37,22,985.0,1070.0,85.0
47187,37,22,1025.0,1110.0,85.0
47188,37,22,1090.0,1177.0,87.0
47189,37,22,690.0,773.0,83.0
47190,37,22,1115.0,1200.0,85.0
47191,37,22,1155.0,1237.0,82.0
47192,37,22,1220.0,1297.0,77.0
47193,37,22,1245.0,1327.0,82.0
47194,37,22,1305.0,1395.0,90.0
47195,22,12,1345.0,1400.0,55.0
47196,9,7,290.0,320.0,30.0
47197,24,17,520.0,590.0,70.0
47198,37,22,680.0,770.0,90.0
47199,24,17,836.0,903.0,67.0
47200,24,17,855.0,935.0,80.0
47201,24,17,960.0,1025.0,65.0
47202,24,17,1210.0,1275.0,65.0
47203,37,22,1250.0,1330.0,80.0
47204,14,11,1350.0,1395.0,45.0
47205,14,11,270.0,300.0,30.0
47206,25,17,348.0,415.0,67.0
47207,37,22,1150.0,1230.0,80.0
47208,25,17,605.0,672.0,67.0
47209,25,17,761.0,828.0,67.0
47210,37,22,1055.0,1132.0,77.0
47211,37,22,510.0,590.0,80.0
47212,37,22,605.0,685.0,80.0
47213,37,22,390.0,470.0,80.0
47214,37,22,695.0,780.0,85.0
47215,37,22,790.0,870.0,80.0
47216,37,22,880.0,960.0,80.0
47217,37,22,960.0,1040.0,80.0
47218,37,22,1080.0,1165.0,85.0
47219,37,22,1178.0,1255.0,77.0
47220,37,22,1265.0,1370.0,105.0
50101,251,22,200.0,595.0,395.0
50102,244,22,1150.0,15.0,305.0
50103,347,38,940.0,25.0,525.0
50104,349,38,330.0,860.0,530.0
50105,486,49,385.0,1070.0,685.0
50106,476,49,510.0,1210.0,700.0
50107,78,9,1075.0,1230.0,155.0
50108,83,9,375.0,505.0,130.0
50119,27,6,20.0,70.0,50.0
50120,27,7,285.0,330.0,45.0
51027,430,26,1375.0,630.0,695.0
51028,430,29,1045.0,250.0,645.0
51029,565,31,1375.0,740.0,805.0
51030,566,34,890.0,250.0,800.0
51033,187,8,380.0,655.0,275.0
51034,187,7,970.0,1250.0,280.0
51111,56,9,360.0,435.0,75.0
51112,56,9,470.0,545.0,75.0
51113,56,9,590.0,665.0,75.0
51114,56,9,700.0,775.0,75.0
51115,56,9,820.0,895.0,75.0
51116,56,9,930.0,1005.0,75.0
51135,9,2,90.0,105.0,15.0
51136,9,2,135.0,150.0,15.0
51137,9,2,200.0,215.0,15.0
51138,9,2,235.0,250.0,15.0
51139,9,2,385.0,400.0,15.0
51140,9,2,435.0,450.0,15.0
51141,9,2,660.0,675.0,15.0
51142,9,2,750.0,765.0,15.0
51145,9,2,1080.0,1095.0,15.0
51146,9,2,1130.0,1145.0,15.0
51147,9,2,1190.0,1205.0,15.0
51148,9,2,1225.0,1240.0,15.0
51149,9,2,1375.0,1390.0,15.0
51150,9,2,1420.0,1435.0,15.0
51151,108,8,325.0,525.0,200.0
51152,109,11,1080.0,1260.0,180.0
51153,444,48,325.0,1075.0,750.0
51154,444,47,425.0,1145.0,720.0
51157,306,37,1240.0,375.0,575.0
51158,306,37,1160.0,515.0,795.0
51181,262,30,290.0,605.0,315.0
51182,262,30,1035.0,1380.0,345.0
51183,361,36,390.0,960.0,570.0
51184,339,37,555.0,1135.0,580.0
51187,642,71,570.0,205.0,1075.0
51188,642,71,1340.0,1020.0,1120.0
51189,610,64,690.0,580.0,1330.0
51190,609,64,1160.0,930.0,1210.0
51195,132,15,360.0,585.0,225.0
51196,132,16,1050.0,1270.0,220.0
51197,318,35,870.0,1300.0,430.0
51198,318,36,1380.0,480.0,540.0
51239,22,4,425.0,460.0,35.0
51240,22,4,1055.0,1095.0,40.0
51253,115,16,480.0,720.0,240.0
51254,115,12,1060.0,1250.0,190.0
51255,88,12,905.0,1035.0,130.0
51256,88,12,750.0,880.0,130.0
51259,78,12,1090.0,1210.0,120.0
51260,78,11,480.0,585.0,105.0
51261,104,11,910.0,1085.0,175.0
51262,104,12,605.0,860.0,255.0
51285,397,46,1170.0,525.0,795.0
51286,397,47,290.0,895.0,605.0
51293,167,20,1085.0,1350.0,265.0
51294,167,18,270.0,555.0,285.0
51317,91,19,910.0,1095.0,185.0
51318,91,20,675.0,855.0,180.0
51347,120,16,1125.0,1315.0,190.0
51348,43,6,1335.0,1410.0,75.0
51350,77,11,425.0,530.0,105.0
51401,314,34,30.0,590.0,560.0
51402,311,34,1275.0,450.0,615.0
51405,212,24,1045.0,1390.0,345.0
51406,212,24,370.0,690.0,320.0
51407,47,8,1015.0,1090.0,75.0
51408,47,6,1290.0,1370.0,80.0
51409,325,42,555.0,1170.0,615.0
51410,326,41,285.0,985.0,700.0
51411,229,29,860.0,1250.0,390.0
51412,208,24,465.0,835.0,370.0
51419,278,35,450.0,900.0,450.0
51420,279,33,760.0,1205.0,445.0
51421,769,83,865.0,635.0,1210.0
51422,769,76,1420.0,1255.0,1275.0
51423,123,15,1065.0,1235.0,170.0
51424,123,15,830.0,1035.0,205.0
51425,427,36,445.0,1100.0,655.0
51426,437,35,1230.0,375.0,585.0
51427,47,7,830.0,915.0,85.0
51428,47,7,650.0,725.0,75.0
51429,54,8,1235.0,1335.0,100.0
51430,54,9,1115.0,1210.0,95.0
51431,188,22,370.0,685.0,315.0
51432,188,21,705.0,985.0,280.0
51433,523,52,805.0,300.0,935.0
51434,511,52,360.0,1385.0,1025.0
51435,145,19,1025.0,1300.0,275.0
51436,145,19,270.0,530.0,260.0
51437,189,17,655.0,930.0,275.0
51438,189,17,365.0,625.0,260.0
51441,180,24,320.0,595.0,275.0
51442,180,24,1010.0,1310.0,300.0
51451,120,16,430.0,620.0,190.0
51452,121,16,640.0,835.0,195.0
51458,20,2,1330.0,1375.0,45.0
51461,137,17,590.0,795.0,205.0
51462,137,16,360.0,550.0,190.0
51463,137,16,1165.0,1370.0,205.0
51464,137,16,870.0,1080.0,210.0
51601,261,31,480.0,915.0,435.0
51602,264,31,820.0,1310.0,490.0
51603,263,32,810.0,1200.0,390.0
51604,266,32,1020.0,40.0,460.0
51605,256,28,990.0,30.0,480.0
51606,253,28,190.0,685.0,495.0
51607,118,17,380.0,555.0,175.0
51608,118,17,585.0,760.0,175.0
51609,118,17,910.0,1085.0,175.0
51610,118,17,1135.0,1315.0,180.0
51611,303,38,495.0,1025.0,530.0
51612,303,38,600.0,1130.0,530.0
51671,434,44,265.0,850.0,585.0
51672,434,44,670.0,1280.0,610.0
51673,434,40,240.0,760.0,520.0
51674,434,40,810.0,20.0,650.0
51675,316,34,1275.0,380.0,545.0
51676,316,34,1260.0,440.0,620.0
51678,81,11,840.0,1010.0,170.0
51679,316,36,615.0,1210.0,595.0
51680,316,36,445.0,1025.0,580.0
51685,32,5,795.0,845.0,50.0
51686,33,5,585.0,640.0,55.0
51687,32,5,1090.0,1145.0,55.0
51688,33,5,915.0,970.0,55.0
51701,238,26,440.0,820.0,380.0
51702,238,26,860.0,1230.0,370.0
51703,124,18,340.0,580.0,240.0
51704,121,17,360.0,575.0,215.0
51705,121,17,655.0,890.0,235.0
51706,121,17,825.0,1050.0,225.0
51708,124,18,1110.0,1360.0,250.0
51753,401,30,1080.0,330.0,690.0
51754,403,30,900.0,280.0,820.0
51755,86,11,375.0,550.0,175.0
51756,86,11,660.0,855.0,195.0
51763,77,10,360.0,485.0,125.0
51764,77,10,505.0,670.0,165.0
51765,77,10,970.0,1155.0,185.0
51766,77,10,1180.0,1300.0,120.0
51803,221,26,500.0,875.0,375.0
51804,221,26,370.0,750.0,380.0
51805,291,31,1045.0,30.0,425.0
51806,291,31,140.0,605.0,465.0
51807,191,20,750.0,1010.0,260.0
51811,151,20,900.0,1135.0,235.0
51812,151,20,410.0,660.0,250.0
51813,295,38,170.0,685.0,515.0
51814,295,39,995.0,25.0,470.0
51815,204,25,450.0,760.0,310.0
51816,204,25,885.0,1215.0,330.0
51817,254,26,430.0,930.0,500.0
51818,254,27,465.0,900.0,435.0
51821,63,6,645.0,720.0,75.0
51822,63,6,755.0,830.0,75.0
51827,381,44,1090.0,590.0,940.0
51828,381,44,1090.0,680.0,1030.0
51829,297,35,480.0,1065.0,585.0
51830,297,30,720.0,1235.0,515.0
51831,204,25,960.0,1420.0,460.0
51832,204,25,380.0,685.0,305.0
51861,13,2,340.0,375.0,35.0
51862,13,2,395.0,430.0,35.0
51863,13,2,470.0,505.0,35.0
51864,13,2,525.0,560.0,35.0
51865,13,2,670.0,705.0,35.0
51866,13,2,865.0,900.0,35.0
51867,13,2,1045.0,1080.0,35.0
51868,13,2,1190.0,1225.0,35.0
51869,13,2,1330.0,1365.0,35.0
51870,13,2,240.0,275.0,35.0
51881,107,14,1090.0,1290.0,200.0
51882,107,14,455.0,615.0,160.0
51883,345,31,725.0,1355.0,630.0
51884,345,31,510.0,1065.0,555.0
51885,152,18,1080.0,1310.0,230.0
51886,154,18,345.0,560.0,215.0
51901,190,31,540.0,960.0,420.0
51902,194,32,420.0,805.0,385.0
51905,93,24,1135.0,1335.0,200.0
51906,90,16,120.0,270.0,150.0
51907,70,13,1125.0,1250.0,125.0
51908,70,13,980.0,1095.0,115.0
51909,163,36,320.0,660.0,340.0
51910,163,36,415.0,735.0,320.0
51911,163,36,765.0,1070.0,305.0
51912,163,36,1095.0,1430.0,335.0
51913,163,32,1085.0,1415.0,330.0
51914,160,28,195.0,490.0,295.0
51915,52,12,10.0,115.0,105.0
51916,51,12,250.0,375.0,125.0
51971,122,13,595.0,780.0,185.0
51972,123,13,830.0,995.0,165.0
51973,273,34,405.0,835.0,430.0
51974,273,34,860.0,1330.0,470.0
52073,202,15,320.0,690.0,370.0
52074,202,15,1130.0,55.0,365.0
52075,202,16,840.0,1200.0,360.0
52076,202,16,420.0,775.0,355.0
52171,186,28,390.0,1045.0,655.0
52172,186,28,370.0,1030.0,660.0
52173,92,15,920.0,1230.0,310.0
52174,92,15,375.0,675.0,300.0
52175,92,8,570.0,850.0,280.0
52176,92,7,915.0,1195.0,280.0
52177,103,14,370.0,710.0,340.0
52178,103,14,845.0,1175.0,330.0
52179,70,9,240.0,420.0,180.0
52180,70,9,440.0,615.0,175.0
52181,58,9,640.0,785.0,145.0
52182,27,5,800.0,870.0,70.0
52183,39,5,885.0,985.0,100.0
52184,70,9,1000.0,1175.0,175.0
52205,67,13,660.0,795.0,135.0
52206,67,8,1250.0,1380.0,130.0
52207,67,13,460.0,595.0,135.0
52208,67,13,810.0,960.0,150.0
52221,67,13,900.0,1045.0,145.0
52222,67,13,615.0,760.0,145.0
52223,67,13,1060.0,1200.0,140.0
52224,67,13,380.0,515.0,135.0
52225,67,8,1260.0,1380.0,120.0
52226,67,13,1070.0,1205.0,135.0
52229,84,15,390.0,560.0,170.0
52230,84,16,570.0,765.0,195.0
52231,84,15,440.0,600.0,160.0
52232,84,15,645.0,815.0,170.0
52233,83,15,840.0,1010.0,170.0
52234,84,16,815.0,1010.0,195.0
52235,83,14,1070.0,1255.0,185.0
52236,84,13,1050.0,1215.0,165.0
52239,78,6,380.0,570.0,190.0
52240,78,6,1110.0,1260.0,150.0
52241,205,18,375.0,825.0,450.0
52242,205,18,915.0,1335.0,420.0
52251,205,18,645.0,1080.0,435.0
52252,205,19,420.0,855.0,435.0
52253,205,18,795.0,1275.0,480.0
52254,205,18,625.0,1035.0,410.0
52255,205,19,1080.0,75.0,435.0
52256,205,18,1230.0,180.0,390.0
52257,205,16,1380.0,330.0,390.0
52258,205,16,220.0,600.0,380.0
52259,205,16,270.0,705.0,435.0
52260,205,16,10.0,420.0,410.0
52263,54,6,900.0,1020.0,120.0
52264,54,6,420.0,540.0,120.0
52265,54,6,1245.0,1365.0,120.0
52266,54,6,1065.0,1185.0,120.0
52267,54,6,465.0,600.0,135.0
52268,54,6,840.0,960.0,120.0
52297,84,6,300.0,435.0,135.0
52298,84,6,485.0,650.0,165.0
52451,95,3,320.0,600.0,280.0
52452,95,3,1070.0,1355.0,285.0
52453,95,12,360.0,665.0,305.0
52454,95,14,1110.0,1410.0,300.0
52455,95,11,730.0,1050.0,320.0
52456,95,10,625.0,970.0,345.0
52457,95,18,210.0,535.0,325.0
52458,95,18,865.0,1210.0,345.0
52461,93,17,1070.0,1305.0,235.0
52462,104,17,285.0,510.0,225.0
52463,156,28,240.0,645.0,405.0
52464,176,27,240.0,650.0,410.0
52465,162,30,405.0,840.0,435.0
52466,185,30,440.0,860.0,420.0
52467,162,30,800.0,1255.0,455.0
52468,185,30,850.0,1225.0,375.0
52469,164,25,950.0,1350.0,400.0
52470,169,23,1055.0,1435.0,380.0
52471,192,30,135.0,685.0,550.0
52472,215,34,440.0,1050.0,610.0
52473,191,34,600.0,1185.0,585.0
52474,213,33,740.0,1355.0,615.0
52540,87,12,480.0,910.0,430.0
52541,87,12,510.0,935.0,425.0
52570,30,5,555.0,750.0,195.0
52571,30,5,840.0,1065.0,225.0
52587,30,5,390.0,545.0,155.0
52588,30,5,960.0,1110.0,150.0
52591,12,3,460.0,565.0,105.0
52592,12,3,570.0,695.0,125.0
52593,12,3,580.0,700.0,120.0
52594,12,3,600.0,720.0,120.0
52595,12,3,730.0,850.0,120.0
52596,12,3,740.0,860.0,120.0
52597,12,3,765.0,870.0,105.0
52598,12,3,965.0,1085.0,120.0
52599,12,3,980.0,1100.0,120.0
52911,134,14,330.0,595.0,265.0
52912,134,14,1055.0,1290.0,235.0
52913,134,14,745.0,1035.0,290.0
52914,134,14,460.0,715.0,255.0
52929,189,17,585.0,1005.0,420.0
52930,189,17,725.0,1080.0,355.0
52931,104,11,465.0,620.0,155.0
52932,104,11,1050.0,1195.0,145.0
52933,189,17,835.0,1215.0,380.0
52934,154,21,295.0,580.0,285.0
52935,154,20,950.0,1215.0,265.0
52938,175,14,1015.0,1315.0,300.0
52939,175,14,365.0,675.0,310.0
52940,154,20,840.0,1125.0,285.0
52941,154,20,525.0,790.0,265.0
52942,154,12,430.0,650.0,220.0
52943,154,12,1075.0,1270.0,195.0
52944,154,17,270.0,505.0,235.0
52945,154,17,1150.0,1375.0,225.0
52946,189,17,450.0,795.0,345.0
52947,104,11,1215.0,1355.0,140.0
52948,104,11,425.0,560.0,135.0
52949,95,12,980.0,1195.0,215.0
52950,95,12,485.0,680.0,195.0
52951,159,19,865.0,1235.0,370.0
52952,159,19,435.0,800.0,365.0
52953,70,7,895.0,1120.0,225.0
52954,70,7,715.0,870.0,155.0
52955,133,12,370.0,620.0,250.0
52956,133,12,1080.0,1310.0,230.0
52963,63,8,405.0,545.0,140.0
52964,63,8,840.0,990.0,150.0
52973,63,8,1170.0,1320.0,150.0
52974,63,8,365.0,515.0,150.0
52975,63,8,840.0,990.0,150.0
52976,63,8,1125.0,1275.0,150.0
52987,63,8,1170.0,1320.0,150.0
52988,63,8,365.0,515.0,150.0
53001,209,42,960.0,1320.0,360.0
53002,216,36,1265.0,230.0,405.0
53005,65,17,485.0,620.0,135.0
53006,72,16,210.0,320.0,110.0
53007,131,28,540.0,810.0,270.0
53008,131,29,540.0,870.0,330.0
53009,65,18,715.0,840.0,125.0
53010,72,19,280.0,410.0,130.0
53011,65,15,830.0,950.0,120.0
53012,72,20,440.0,575.0,135.0
53013,72,17,960.0,1080.0,120.0
53014,72,17,535.0,655.0,120.0
53015,65,16,1125.0,1245.0,120.0
53016,72,16,785.0,925.0,140.0
53017,72,17,1160.0,1295.0,135.0
53018,72,20,915.0,1048.0,133.0
53019,65,13,1315.0,1425.0,110.0
53020,65,15,1000.0,1122.0,122.0
53021,142,25,195.0,505.0,310.0
53022,142,25,855.0,1170.0,315.0
53023,59,11,340.0,455.0,115.0
53024,59,10,1345.0,5.0,100.0
53025,59,11,555.0,665.0,110.0
53026,59,11,1070.0,1200.0,130.0
53027,112,22,965.0,1185.0,220.0
53028,112,22,430.0,660.0,230.0
53029,217,42,985.0,80.0,535.0
53030,217,41,285.0,775.0,490.0
53031,59,11,1105.0,1225.0,120.0
53034,59,11,945.0,1050.0,105.0
53035,87,18,1280.0,95.0,255.0
53036,87,20,225.0,390.0,165.0
53037,74,14,525.0,665.0,140.0
53038,74,14,700.0,845.0,145.0
53041,718,118,435.0,755.0,1760.0
53042,718,107,1210.0,1380.0,1610.0
53043,653,83,670.0,655.0,1425.0
53044,653,73,750.0,730.0,1420.0
53045,286,21,985.0,1335.0,350.0
53046,287,20,330.0,695.0,365.0
53047,218,23,1000.0,1285.0,285.0
53048,218,23,310.0,610.0,300.0
53049,453,53,1390.0,670.0,720.0
53050,454,50,730.0,180.0,890.0
53061,348,50,375.0,1090.0,715.0
53062,346,50,475.0,1250.0,775.0
53063,194,31,390.0,690.0,300.0
53064,194,31,885.0,1240.0,355.0
53068,111,19,575.0,730.0,155.0
53069,111,19,1215.0,1375.0,160.0
53073,137,22,1245.0,20.0,215.0
53074,137,22,285.0,500.0,215.0
53075,82,13,1380.0,55.0,115.0
53076,82,13,130.0,260.0,130.0
53081,64,8,690.0,790.0,100.0
53131,571,70,350.0,15.0,1105.0
53132,572,70,460.0,205.0,1185.0
53137,82,13,280.0,395.0,115.0
53138,82,13,590.0,720.0,130.0
53139,324,18,1345.0,350.0,445.0
53140,325,18,420.0,815.0,395.0
53171,231,40,225.0,575.0,350.0
53172,229,38,1320.0,270.0,390.0
53175,231,35,760.0,1110.0,350.0
53176,229,36,410.0,757.0,347.0
53177,230,29,1000.0,1320.0,320.0
53178,229,36,540.0,910.0,370.0
53179,223,35,840.0,1175.0,335.0
53180,222,39,855.0,1220.0,365.0
53181,230,34,1410.0,310.0,340.0
53186,229,33,440.0,765.0,325.0
53207,42,5,840.0,980.0,140.0
53208,42,5,690.0,785.0,95.0
53209,71,8,420.0,630.0,210.0
53210,71,8,1040.0,1270.0,230.0
53211,146,13,910.0,1180.0,270.0
53212,146,13,330.0,680.0,350.0
53213,94,26,840.0,1025.0,185.0
53214,88,25,1080.0,1270.0,190.0
53221,53,8,1300.0,10.0,150.0
53222,53,8,960.0,1110.0,150.0
53223,53,8,570.0,750.0,180.0
53224,53,7,345.0,525.0,180.0
53225,140,13,845.0,1175.0,330.0
53226,140,13,487.0,840.0,353.0
53229,108,19,300.0,600.0,300.0
53230,108,18,1100.0,1395.0,295.0
53231,154,20,930.0,5.0,515.0
53232,154,20,515.0,900.0,385.0
53323,27,7,510.0,590.0,80.0
53324,27,7,370.0,455.0,85.0
53327,56,12,820.0,945.0,125.0
53328,56,12,975.0,1110.0,135.0
53333,27,6,1175.0,1265.0,90.0
53334,27,6,720.0,790.0,70.0
53343,460,59,340.0,1140.0,800.0
53344,460,58,395.0,1185.0,790.0
53345,223,23,260.0,775.0,515.0
53346,223,23,890.0,1365.0,475.0
53347,258,36,590.0,1010.0,420.0
53348,258,35,350.0,835.0,485.0
53349,159,24,1040.0,1295.0,255.0
53350,159,24,335.0,610.0,275.0
53351,304,31,180.0,715.0,535.0
53352,304,31,840.0,1400.0,560.0
53357,316,43,410.0,900.0,490.0
53358,316,42,940.0,1435.0,495.0
53363,85,14,610.0,735.0,125.0
53364,85,14,800.0,930.0,130.0
53365,87,9,570.0,720.0,150.0
53366,87,9,360.0,510.0,150.0
53369,87,9,1095.0,1245.0,150.0
53370,87,9,885.0,1035.0,150.0
53371,139,16,360.0,630.0,270.0
53372,139,16,360.0,620.0,260.0
53373,139,16,770.0,1020.0,250.0
53374,139,16,1080.0,1340.0,260.0
53401,103,19,360.0,555.0,195.0
53402,103,19,980.0,1165.0,185.0
53403,433,66,340.0,2.0,1102.0
53404,174,21,380.0,770.0,390.0
53405,137,22,465.0,671.0,206.0
53406,137,22,1165.0,1410.0,245.0
53408,259,46,785.0,1310.0,525.0
53411,54,10,750.0,840.0,90.0
53412,54,10,730.0,820.0,90.0
53415,127,31,925.0,1195.0,270.0
53416,127,31,450.0,695.0,245.0
53417,233,39,300.0,660.0,360.0
53418,233,39,900.0,1300.0,400.0
53423,45,13,720.0,795.0,75.0
53424,44,13,825.0,910.0,85.0
53431,127,31,425.0,715.0,290.0
53432,127,31,930.0,1165.0,235.0
53433,87,19,520.0,715.0,195.0
53434,87,19,860.0,1025.0,165.0
53435,65,19,360.0,500.0,140.0
53436,65,18,1120.0,1265.0,145.0
53441,71,16,640.0,815.0,175.0
53442,72,16,240.0,415.0,175.0
53443,71,16,930.0,1095.0,165.0
53444,73,18,725.0,905.0,180.0
53445,71,16,1320.0,60.0,180.0
53446,72,16,1125.0,1300.0,175.0
53447,50,15,1180.0,1315.0,135.0
53448,51,15,1005.0,1145.0,140.0
53449,50,15,565.0,700.0,135.0
53450,51,15,400.0,540.0,140.0
53451,41,6,555.0,635.0,80.0
53452,41,6,420.0,505.0,85.0
53479,45,13,320.0,400.0,80.0
53480,44,13,460.0,545.0,85.0
53481,11,2,230.0,255.0,25.0
53482,11,2,120.0,145.0,25.0
53483,11,2,345.0,370.0,25.0
53484,11,2,275.0,300.0,25.0
53485,11,2,590.0,618.0,28.0
53486,11,2,390.0,415.0,25.0
53487,11,2,827.0,855.0,28.0
53488,11,2,720.0,745.0,25.0
53489,11,2,980.0,1005.0,25.0
53490,11,2,895.0,920.0,25.0
53491,11,2,1150.0,1175.0,25.0
53492,11,2,1030.0,1058.0,28.0
53493,11,2,1290.0,1315.0,25.0
53494,11,2,1200.0,1225.0,25.0
53495,11,2,1410.0,1435.0,25.0
53496,11,2,1340.0,1365.0,25.0
53497,52,18,1285.0,1385.0,100.0
53498,52,18,1138.0,1265.0,127.0
53511,38,7,200.0,260.0,60.0
53512,37,7,290.0,345.0,55.0
53513,38,7,480.0,540.0,60.0
53514,37,7,560.0,620.0,60.0
53515,38,7,735.0,795.0,60.0
53516,37,7,815.0,875.0,60.0
53517,38,7,980.0,1040.0,60.0
53518,37,7,1060.0,1115.0,55.0
53519,38,7,1295.0,1350.0,55.0
53520,37,7,1370.0,1425.0,55.0
53523,188,35,990.0,1365.0,375.0
53524,188,35,180.0,590.0,410.0
53525,453,63,240.0,1060.0,820.0
53526,453,62,420.0,1230.0,810.0
53551,70,9,565.0,665.0,100.0
53552,70,9,445.0,545.0,100.0
53553,70,9,805.0,905.0,100.0
53554,70,9,685.0,785.0,100.0
53555,70,9,1080.0,1185.0,105.0
53556,70,9,950.0,1055.0,105.0
53611,159,24,330.0,605.0,275.0
53612,159,24,1145.0,1430.0,285.0
53615,174,19,495.0,860.0,365.0
53616,174,19,900.0,1220.0,320.0
53623,183,20,840.0,1225.0,385.0
53624,183,21,305.0,780.0,475.0
53625,129,13,295.0,610.0,315.0
53626,129,13,440.0,730.0,290.0
53627,129,12,370.0,695.0,325.0
53628,129,12,675.0,1020.0,345.0
53629,129,12,795.0,1080.0,285.0
53630,129,13,1140.0,1425.0,285.0
53631,129,12,1080.0,1325.0,245.0
53632,129,12,1255.0,90.0,275.0
53641,53,9,1160.0,1305.0,145.0
53642,53,9,395.0,485.0,90.0
53643,18,4,495.0,555.0,60.0
53644,18,4,585.0,645.0,60.0
53645,18,4,730.0,790.0,60.0
53646,18,4,820.0,880.0,60.0
53647,18,4,990.0,1050.0,60.0
53648,18,4,1080.0,1140.0,60.0
54001,73,20,1115.0,1275.0,160.0
54002,73,20,375.0,523.0,148.0
54005,119,23,255.0,490.0,235.0
54006,141,25,275.0,550.0,275.0
54007,141,25,570.0,830.0,260.0
54008,141,25,600.0,850.0,250.0
54009,141,25,1070.0,1350.0,280.0
54010,33,5,1370.0,1415.0,45.0
54011,227,39,1065.0,25.0,400.0
54012,227,39,160.0,548.0,388.0
54013,49,7,845.0,910.0,65.0
54014,49,7,445.0,540.0,95.0
54015,49,7,1065.0,1160.0,95.0
54016,49,7,590.0,665.0,75.0
54018,49,7,955.0,1040.0,85.0
54019,81,8,305.0,405.0,100.0
54023,57,9,420.0,500.0,80.0
54024,127,25,1060.0,1335.0,275.0
54025,60,6,675.0,840.0,165.0
54026,71,6,890.0,995.0,105.0
54031,127,25,705.0,920.0,215.0
54032,127,25,440.0,660.0,220.0
54033,160,29,1045.0,1345.0,300.0
54034,127,25,950.0,1185.0,235.0
54035,199,35,940.0,1300.0,360.0
54036,199,35,285.0,620.0,335.0
54037,120,17,465.0,670.0,205.0
54038,119,17,255.0,435.0,180.0
54039,120,17,745.0,940.0,195.0
54040,119,17,505.0,690.0,185.0
54041,120,17,1100.0,1285.0,185.0
54042,119,17,785.0,975.0,190.0
54043,327,40,1000.0,40.0,480.0
54044,327,40,300.0,890.0,590.0
54045,257,34,205.0,755.0,550.0
54046,257,36,880.0,1320.0,440.0
54047,120,10,1310.0,45.0,175.0
54048,119,17,1065.0,1265.0,200.0
54049,141,25,245.0,505.0,260.0
54050,141,25,965.0,1220.0,255.0
54051,123,14,605.0,790.0,185.0
54052,123,14,840.0,1010.0,170.0
54053,128,19,320.0,515.0,195.0
54054,128,19,1130.0,1345.0,215.0
54055,160,26,975.0,1330.0,355.0
54056,160,26,600.0,935.0,335.0
54057,93,24,1260.0,40.0,220.0
54058,93,24,195.0,415.0,220.0
54059,90,16,1385.0,95.0,150.0
54060,93,24,390.0,610.0,220.0
54075,408,40,865.0,220.0,795.0
54076,408,44,1430.0,815.0,825.0
54077,110,18,1075.0,1340.0,265.0
54078,110,19,285.0,575.0,290.0
54085,82,18,415.0,575.0,160.0
54086,82,18,625.0,815.0,190.0
54091,24,3,1205.0,1255.0,50.0
54092,24,3,420.0,470.0,50.0
54101,208,34,1015.0,1390.0,375.0
54102,208,34,175.0,540.0,365.0
54103,120,16,370.0,555.0,185.0
54104,120,16,1110.0,1300.0,190.0
54107,113,19,1020.0,1330.0,310.0
54108,113,19,335.0,610.0,275.0
54109,214,33,985.0,1400.0,415.0
54110,214,33,200.0,625.0,425.0
54152,77,13,1085.0,1250.0,165.0
54153,167,27,170.0,520.0,350.0
54154,167,27,992.0,1330.0,338.0
54155,138,27,760.0,1025.0,265.0
54156,139,27,610.0,860.0,250.0
54158,136,26,1255.0,35.0,220.0
54159,397,44,430.0,1125.0,695.0
54161,261,27,245.0,640.0,395.0
54162,261,28,980.0,1380.0,400.0
54201,37,7,810.0,875.0,65.0
54211,128,23,375.0,635.0,260.0
54212,128,23,860.0,1140.0,280.0
54221,57,10,305.0,415.0,110.0
54222,57,10,445.0,580.0,135.0
54223,57,10,1050.0,1195.0,145.0
54224,57,10,1240.0,1360.0,120.0
54225,37,5,595.0,645.0,50.0
54226,37,5,515.0,565.0,50.0
54227,37,5,1035.0,1110.0,75.0
54228,37,5,945.0,995.0,50.0
54231,127,18,340.0,560.0,220.0
54232,127,18,280.0,535.0,255.0
54233,127,18,960.0,1150.0,190.0
54234,127,18,1025.0,1285.0,260.0
54237,46,7,1220.0,1310.0,90.0
54238,45,7,285.0,375.0,90.0
54239,38,5,505.0,565.0,60.0
54240,38,5,595.0,650.0,55.0
54243,38,5,1030.0,1090.0,60.0
54244,38,5,1125.0,1190.0,65.0
54251,508,74,1200.0,1130.0,1370.0
54252,518,75,495.0,245.0,1190.0
54253,225,32,905.0,15.0,550.0
54254,225,32,290.0,730.0,440.0
54255,301,43,360.0,895.0,535.0
54256,301,42,670.0,1280.0,610.0
54261,75,14,1170.0,1350.0,180.0
54262,57,11,195.0,315.0,120.0
54263,143,21,420.0,630.0,210.0
54264,143,21,395.0,615.0,220.0
54265,143,21,975.0,1210.0,235.0
54266,143,21,1110.0,1365.0,255.0
54267,18,4,535.0,585.0,50.0
54268,18,4,460.0,510.0,50.0
54270,18,4,1105.0,1152.0,47.0
54271,198,31,720.0,1150.0,430.0
54272,198,31,1162.0,70.0,348.0
54273,97,17,190.0,395.0,205.0
54274,97,17,420.0,680.0,260.0
54281,139,19,330.0,575.0,245.0
54282,139,18,365.0,620.0,255.0
54283,139,18,1170.0,40.0,310.0
54284,139,18,1135.0,1365.0,230.0
54291,128,18,1035.0,1255.0,220.0
54292,128,18,305.0,560.0,255.0
54293,172,25,395.0,730.0,335.0
54294,172,27,830.0,1225.0,395.0
54303,266,41,920.0,1430.0,510.0
54304,331,47,425.0,1180.0,755.0
54307,160,23,1020.0,1390.0,370.0
54308,160,23,100.0,480.0,380.0
54309,82,18,320.0,490.0,170.0
54310,82,18,570.0,740.0,170.0
54311,110,20,740.0,950.0,210.0
54312,110,20,470.0,695.0,225.0
54313,43,9,1135.0,1250.0,115.0
54314,43,9,990.0,1095.0,105.0
54321,64,13,460.0,753.0,293.0
54322,64,13,1095.0,1265.0,170.0
54323,98,11,940.0,1085.0,145.0
54324,97,14,760.0,900.0,140.0
54325,176,30,660.0,1205.0,545.0
54326,176,30,315.0,855.0,540.0
54327,86,11,1060.0,1230.0,170.0
54328,86,11,425.0,565.0,140.0
54329,95,16,1070.0,1275.0,205.0
54330,95,16,500.0,695.0,195.0
54331,68,11,1025.0,1170.0,145.0
54332,68,10,440.0,585.0,145.0
54333,323,46,225.0,975.0,750.0
54334,323,46,660.0,1300.0,640.0
54335,117,20,420.0,650.0,230.0
54336,117,20,880.0,1115.0,235.0
54341,131,21,850.0,1235.0,385.0
54342,131,21,465.0,785.0,320.0
54351,164,27,690.0,1060.0,370.0
54352,164,27,270.0,615.0,345.0
54353,164,22,1065.0,1415.0,350.0
54354,164,27,540.0,890.0,350.0
54355,78,13,365.0,500.0,135.0
54356,78,13,1120.0,1310.0,190.0
54371,150,21,240.0,645.0,405.0
54372,150,21,800.0,1110.0,310.0
54373,150,21,465.0,760.0,295.0
54374,150,21,1065.0,1395.0,330.0
54375,107,18,410.0,655.0,245.0
54376,107,18,1020.0,1255.0,235.0
54377,429,62,55.0,925.0,870.0
54378,429,62,485.0,1415.0,930.0
54381,106,17,475.0,700.0,225.0
54382,106,18,495.0,770.0,275.0
54383,106,18,885.0,1125.0,240.0
54384,106,17,1025.0,1255.0,230.0
54385,24,3,535.0,585.0,50.0
54386,24,3,610.0,660.0,50.0
54387,24,3,685.0,735.0,50.0
54388,24,3,760.0,810.0,50.0
54389,24,3,1035.0,1085.0,50.0
54390,24,3,1110.0,1160.0,50.0
54391,142,24,295.0,570.0,275.0
54392,142,24,1040.0,1325.0,285.0
54393,53,9,600.0,730.0,130.0
54394,53,9,855.0,995.0,140.0
54395,159,23,1150.0,85.0,375.0
54396,159,23,215.0,545.0,330.0
54397,47,9,965.0,1125.0,160.0
54398,47,9,800.0,940.0,140.0
54401,92,14,360.0,575.0,215.0
54402,92,14,340.0,600.0,260.0
54403,92,14,775.0,965.0,190.0
54404,92,14,645.0,820.0,175.0
54405,92,14,1060.0,1270.0,210.0
54406,92,13,1075.0,1250.0,175.0
54411,160,37,895.0,1240.0,345.0
54412,160,37,405.0,730.0,325.0
54413,82,18,195.0,345.0,150.0
54414,82,18,425.0,580.0,155.0
54416,82,18,790.0,940.0,150.0
54417,82,18,970.0,1125.0,155.0
54420,82,18,1165.0,1340.0,175.0
54421,82,18,675.0,865.0,190.0
54423,119,23,1020.0,1235.0,215.0
54424,119,23,300.0,520.0,220.0
54461,415,55,890.0,390.0,940.0
54462,416,56,1275.0,720.0,885.0
54463,233,38,260.0,840.0,580.0
54464,233,36,705.0,1375.0,670.0
54465,142,21,945.0,1195.0,250.0
54466,142,21,345.0,620.0,275.0
54467,73,10,340.0,480.0,140.0
54468,73,10,510.0,610.0,100.0
54469,73,10,650.0,760.0,110.0
54470,73,10,960.0,1070.0,110.0
54471,283,45,1055.0,280.0,665.0
54472,283,46,355.0,1070.0,715.0
54473,189,33,1095.0,10.0,355.0
54474,189,28,235.0,540.0,305.0
54475,243,50,590.0,1310.0,720.0
54476,243,50,260.0,970.0,710.0
54481,22,5,250.0,315.0,65.0
54482,22,5,420.0,480.0,60.0
54483,22,5,615.0,675.0,60.0
54484,22,5,875.0,945.0,70.0
54485,22,5,1010.0,1080.0,70.0
54486,22,5,1110.0,1165.0,55.0
54531,69,8,1110.0,1220.0,110.0
54532,69,8,785.0,885.0,100.0
54539,272,42,180.0,855.0,675.0
54540,272,40,875.0,60.0,625.0
54541,194,28,315.0,670.0,355.0
54542,194,28,985.0,1410.0,425.0
54551,201,26,660.0,965.0,305.0
54552,201,26,450.0,765.0,315.0
54553,106,14,955.0,1105.0,150.0
54555,95,13,375.0,515.0,140.0
54556,201,24,1070.0,1390.0,320.0
54557,53,7,460.0,540.0,80.0
54558,53,7,1035.0,1115.0,80.0
54559,116,12,565.0,745.0,180.0
54560,116,12,765.0,950.0,185.0
54561,87,13,410.0,535.0,125.0
54562,87,13,395.0,540.0,145.0
54563,87,13,850.0,980.0,130.0
54564,87,13,1060.0,1200.0,140.0
54571,123,20,1040.0,1245.0,205.0
54572,123,20,660.0,890.0,230.0
54575,77,15,1150.0,1295.0,145.0
54576,77,15,350.0,500.0,150.0
54581,43,7,1080.0,1150.0,70.0
54582,43,7,555.0,630.0,75.0
54601,345,38,40.0,600.0,560.0
54602,415,39,990.0,300.0,750.0
54603,209,29,270.0,615.0,345.0
54604,209,29,875.0,1210.0,335.0
54605,279,35,390.0,855.0,465.0
54606,209,29,1035.0,1380.0,345.0
54611,106,16,280.0,455.0,175.0
54612,106,17,315.0,490.0,175.0
54613,106,17,405.0,585.0,180.0
54614,106,17,480.0,660.0,180.0
54615,106,17,1055.0,1255.0,200.0
54616,106,17,1035.0,1220.0,185.0
54621,115,18,1050.0,1230.0,180.0
54622,115,18,505.0,705.0,200.0
54625,87,17,300.0,495.0,195.0
54626,87,17,1030.0,1230.0,200.0
54631,207,24,965.0,1295.0,330.0
54632,229,27,300.0,675.0,375.0
54633,291,36,700.0,1125.0,425.0
54634,269,34,330.0,825.0,495.0
54635,209,28,960.0,1325.0,365.0
54636,209,29,575.0,910.0,335.0
54637,42,7,720.0,810.0,90.0
54638,42,7,625.0,695.0,70.0
54641,384,60,430.0,1175.0,745.0
54642,384,59,690.0,1370.0,680.0
54643,117,18,890.0,1100.0,210.0
54644,117,18,385.0,590.0,205.0
54645,123,14,1225.0,1395.0,170.0
54646,123,20,310.0,515.0,205.0
54651,53,6,655.0,735.0,80.0
54654,53,6,1105.0,1195.0,90.0
54701,319,31,645.0,1095.0,450.0
54702,394,39,510.0,1120.0,610.0
54703,661,60,1150.0,810.0,1100.0
54704,601,56,875.0,325.0,890.0
54751,413,48,805.0,60.0,695.0
54752,412,48,85.0,730.0,645.0
54753,126,18,640.0,830.0,190.0
54754,126,18,375.0,560.0,185.0
54755,126,18,435.0,620.0,185.0
54756,126,18,970.0,1160.0,190.0
54757,327,43,385.0,955.0,570.0
54758,327,43,655.0,1175.0,520.0
54759,137,17,540.0,720.0,180.0
54760,125,16,750.0,925.0,175.0
54761,125,16,990.0,1170.0,180.0
54762,125,16,465.0,645.0,180.0
54763,190,31,685.0,1055.0,370.0
54764,190,26,300.0,645.0,345.0
54765,95,11,225.0,360.0,135.0
54766,95,11,1180.0,1340.0,160.0
54781,300,38,1050.0,110.0,500.0
54782,300,42,550.0,1010.0,460.0
54783,422,60,515.0,1250.0,735.0
54784,423,60,280.0,965.0,685.0
54785,88,14,335.0,490.0,155.0
54786,88,14,1040.0,1185.0,145.0
54787,82,13,400.0,520.0,120.0
54788,82,10,1305.0,1415.0,110.0
54789,384,45,285.0,805.0,520.0
54790,384,45,850.0,1375.0,525.0
54791,279,32,810.0,1260.0,450.0
54792,279,34,275.0,760.0,485.0
54793,212,22,305.0,670.0,365.0
54794,212,23,840.0,1185.0,345.0
54803,457,58,525.0,1295.0,770.0
54804,455,58,375.0,1225.0,850.0
54805,618,86,1410.0,1370.0,1400.0
54806,621,81,335.0,225.0,1330.0
54809,542,64,775.0,110.0,775.0
54810,543,64,70.0,885.0,815.0
54813,208,24,540.0,830.0,290.0
54819,300,22,900.0,1320.0,420.0
54820,300,22,420.0,870.0,450.0
54822,21,2,555.0,615.0,60.0
54825,88,12,1080.0,1275.0,195.0
54826,87,12,300.0,525.0,225.0
54833,367,41,1105.0,245.0,580.0
54834,367,41,1415.0,555.0,580.0
54835,142,21,390.0,610.0,220.0
54836,143,21,1065.0,1290.0,225.0
54881,118,8,450.0,580.0,130.0
54882,118,8,630.0,765.0,135.0
55001,164,26,460.0,795.0,335.0
55002,164,24,825.0,1135.0,310.0
55007,290,50,1065.0,270.0,645.0
55008,290,50,80.0,647.0,567.0
55009,108,17,1065.0,1235.0,170.0
55010,109,17,370.0,595.0,225.0
55011,118,18,330.0,555.0,225.0
55012,119,18,1110.0,1340.0,230.0
55013,200,33,805.0,1295.0,490.0
55014,201,33,290.0,780.0,490.0
55017,132,23,1045.0,1300.0,255.0
55018,134,23,299.0,580.0,281.0
55019,178,27,680.0,1025.0,345.0
55020,179,27,510.0,860.0,350.0
55021,225,40,960.0,1400.0,440.0
55022,225,40,240.0,720.0,480.0
55025,152,25,320.0,600.0,280.0
55026,153,25,255.0,565.0,310.0
55027,152,25,1095.0,1425.0,330.0
55028,153,25,1040.0,1280.0,240.0
55029,150,21,1155.0,5.0,290.0
55030,150,21,1085.0,1415.0,330.0
55031,339,58,465.0,1280.0,815.0
55032,332,55,1045.0,315.0,710.0
55033,160,24,680.0,910.0,230.0
55034,163,25,375.0,685.0,310.0
55035,159,22,290.0,545.0,255.0
55036,158,22,1090.0,1350.0,260.0
55037,103,16,1140.0,1315.0,175.0
55038,97,14,935.0,1075.0,140.0
55041,150,16,110.0,365.0,255.0
55042,189,26,160.0,495.0,335.0
55043,81,19,1100.0,1295.0,195.0
55044,81,19,375.0,575.0,200.0
55045,90,14,555.0,790.0,235.0
55046,90,13,885.0,1080.0,195.0
55049,332,55,1365.0,560.0,635.0
55050,340,58,315.0,1080.0,765.0
55051,81,19,915.0,1105.0,190.0
55052,81,19,1195.0,1380.0,185.0
55055,39,6,735.0,870.0,135.0
55056,38,6,585.0,645.0,60.0
55071,150,21,930.0,1230.0,300.0
55072,150,21,430.0,725.0,295.0
55073,150,21,270.0,570.0,300.0
55074,150,14,1380.0,210.0,270.0
55075,166,28,210.0,600.0,390.0
55076,166,28,1155.0,80.0,365.0
55077,112,22,635.0,870.0,235.0
55078,112,22,920.0,1130.0,210.0
55079,189,28,525.0,900.0,375.0
55080,150,21,750.0,1035.0,285.0
55081,150,16,1380.0,310.0,370.0
55082,150,21,1045.0,1335.0,290.0
55101,30,7,310.0,380.0,70.0
55102,30,7,650.0,745.0,95.0
55103,30,7,930.0,1010.0,80.0
55104,30,7,1200.0,1275.0,75.0
55105,20,5,540.0,595.0,55.0
55106,20,5,410.0,465.0,55.0
55107,28,5,385.0,435.0,50.0
55108,28,5,480.0,530.0,50.0
55109,28,5,570.0,630.0,60.0
55110,28,5,810.0,865.0,55.0
55111,28,5,940.0,990.0,50.0
55112,28,5,1040.0,1090.0,50.0
55113,28,5,1135.0,1190.0,55.0
55114,28,5,1235.0,1290.0,55.0
55115,108,17,460.0,710.0,250.0
55116,109,17,1050.0,1245.0,195.0
55119,227,34,910.0,1410.0,500.0
55120,227,34,685.0,1285.0,600.0
55122,164,26,390.0,720.0,330.0
55123,156,24,845.0,1170.0,325.0
55125,118,22,365.0,605.0,240.0
55126,118,22,395.0,640.0,245.0
55127,118,22,730.0,975.0,245.0
55128,118,22,740.0,980.0,240.0
55129,118,22,1070.0,1270.0,200.0
55130,118,22,1080.0,1330.0,250.0
55131,200,33,450.0,930.0,480.0
55132,201,33,765.0,1210.0,445.0
55133,136,22,345.0,565.0,220.0
55134,136,22,970.0,1245.0,275.0
55135,131,20,300.0,595.0,295.0
55136,131,20,1090.0,1370.0,280.0
55137,167,26,325.0,675.0,350.0
55138,168,26,370.0,655.0,285.0
55139,167,26,1030.0,1335.0,305.0
55140,168,26,920.0,1350.0,430.0
55141,81,19,480.0,670.0,190.0
55142,81,19,705.0,870.0,165.0
55143,56,9,450.0,555.0,105.0
55144,58,9,1110.0,1200.0,90.0
55145,20,5,1120.0,1170.0,50.0
55146,20,5,1040.0,1095.0,55.0
55149,227,27,1400.0,385.0,425.0
55150,227,28,1435.0,445.0,450.0
55159,56,9,925.0,1030.0,105.0
55160,58,9,585.0,675.0,90.0
55163,157,24,1425.0,340.0,355.0
55164,157,24,1370.0,285.0,355.0
55165,43,8,345.0,415.0,70.0
55166,43,8,1220.0,1320.0,100.0
55167,17,3,580.0,605.0,25.0
55168,17,3,640.0,665.0,25.0
55169,17,3,1015.0,1045.0,30.0
55170,17,3,1095.0,1115.0,20.0
55171,6,2,455.0,480.0,25.0
55172,6,2,510.0,535.0,25.0
55173,6,2,685.0,710.0,25.0
55174,6,2,740.0,765.0,25.0
55175,6,2,795.0,820.0,25.0
55176,6,2,850.0,875.0,25.0
55177,6,2,905.0,930.0,25.0
55178,6,2,960.0,985.0,25.0
55179,6,2,1125.0,1145.0,20.0
55180,6,2,1170.0,1195.0,25.0
55181,106,27,555.0,770.0,215.0
55182,106,27,300.0,515.0,215.0
55183,106,27,1110.0,1330.0,220.0
55184,106,27,850.0,1070.0,220.0
55207,159,19,130.0,387.0,257.0
55208,159,24,1200.0,65.0,305.0
55209,159,18,930.0,1290.0,360.0
55211,129,22,515.0,795.0,280.0
55212,129,15,855.0,1140.0,285.0
55213,159,19,770.0,1140.0,370.0
55214,159,19,1365.0,240.0,315.0
55215,74,15,475.0,630.0,155.0
55216,74,15,1100.0,1290.0,190.0
55217,74,14,900.0,1060.0,160.0
55218,74,14,675.0,865.0,190.0
55220,159,19,505.0,870.0,365.0
55221,179,24,1055.0,1335.0,280.0
55222,179,25,205.0,550.0,345.0
55223,267,41,735.0,1317.0,582.0
55224,267,41,195.0,822.0,627.0
55225,129,21,1110.0,1365.0,255.0
55226,129,20,355.0,645.0,290.0
55227,51,10,392.0,470.0,78.0
55228,51,9,1295.0,1395.0,100.0
55229,108,22,375.0,610.0,235.0
55230,108,22,1025.0,1295.0,270.0
55231,12,4,690.0,780.0,90.0
55232,12,4,950.0,1010.0,60.0
55237,50,9,410.0,520.0,110.0
55238,50,9,1230.0,1320.0,90.0
55239,51,9,855.0,985.0,130.0
55240,51,10,1075.0,1195.0,120.0
55301,116,13,855.0,1100.0,245.0
55302,116,13,440.0,755.0,315.0
55303,125,14,390.0,725.0,335.0
55304,125,13,995.0,1335.0,340.0
55305,76,7,270.0,390.0,120.0
55306,85,12,440.0,590.0,150.0
55307,76,8,625.0,760.0,135.0
55308,85,12,675.0,815.0,140.0
55309,85,12,1050.0,1200.0,150.0
55310,76,8,835.0,965.0,130.0
55311,58,9,820.0,915.0,95.0
55312,58,9,1070.0,1170.0,100.0
55313,27,4,935.0,970.0,35.0
55314,27,4,1020.0,1055.0,35.0
55315,54,7,525.0,605.0,80.0
55316,54,7,345.0,425.0,80.0
55317,54,7,840.0,920.0,80.0
55318,54,7,725.0,800.0,75.0
55319,54,6,1245.0,1320.0,75.0
55320,54,6,1100.0,1190.0,90.0
55321,85,12,440.0,575.0,135.0
55322,76,7,1255.0,1400.0,145.0
55323,76,6,1245.0,1380.0,135.0
55324,76,6,225.0,345.0,120.0
55325,319,55,270.0,885.0,615.0
55326,320,55,905.0,60.0,595.0
55327,138,27,1140.0,1375.0,235.0
55328,139,27,325.0,570.0,245.0
55329,213,33,960.0,1415.0,455.0
55330,214,33,300.0,650.0,350.0
55331,107,17,300.0,455.0,155.0
55332,107,17,1055.0,1225.0,170.0
55333,166,22,465.0,750.0,285.0
55334,166,22,935.0,1240.0,305.0
55335,81,10,380.0,515.0,135.0
55336,81,10,1230.0,1365.0,135.0
55337,139,18,310.0,550.0,240.0
55338,139,18,640.0,880.0,240.0
55339,105,14,730.0,885.0,155.0
55340,105,7,1265.0,1410.0,145.0
55341,167,22,1055.0,1380.0,325.0
55342,167,22,335.0,670.0,335.0
55343,141,19,360.0,570.0,210.0
55344,141,19,450.0,660.0,210.0
55345,141,19,575.0,785.0,210.0
55346,141,19,600.0,820.0,220.0
55347,81,10,630.0,780.0,150.0
55348,81,10,450.0,585.0,135.0
55349,81,10,1045.0,1195.0,150.0
55350,81,10,830.0,975.0,145.0
55351,81,10,845.0,990.0,145.0
55352,81,10,615.0,765.0,150.0
55353,105,7,1275.0,1410.0,135.0
55354,105,14,360.0,510.0,150.0
55355,141,19,775.0,990.0,215.0
55356,141,19,810.0,1010.0,200.0
55357,141,19,1030.0,1230.0,200.0
55358,141,19,1030.0,1255.0,225.0
55359,119,8,1305.0,30.0,165.0
55360,119,8,1245.0,1425.0,180.0
55361,55,9,430.0,550.0,120.0
55362,55,9,440.0,555.0,115.0
55363,55,9,665.0,785.0,120.0
55364,55,9,600.0,715.0,115.0
55365,55,9,885.0,1005.0,120.0
55366,55,9,825.0,940.0,115.0
55367,55,9,1080.0,1200.0,120.0
55368,55,9,1095.0,1215.0,120.0
55369,55,7,1290.0,1390.0,100.0
55370,55,7,1295.0,1405.0,110.0
55371,25,3,435.0,480.0,45.0
55372,25,3,510.0,555.0,45.0
55373,25,3,630.0,675.0,45.0
55374,25,3,760.0,805.0,45.0
55375,25,3,1035.0,1080.0,45.0
55376,25,3,1125.0,1170.0,45.0
55421,106,14,435.0,610.0,175.0
55422,106,14,1035.0,1220.0,185.0
55465,72,14,375.0,530.0,155.0
55466,72,14,960.0,1125.0,165.0
55467,233,34,435.0,930.0,495.0
55468,233,34,560.0,1090.0,530.0
55513,105,16,1095.0,1335.0,240.0
55514,105,23,455.0,695.0,240.0
55517,68,9,1050.0,1260.0,210.0
55518,68,9,775.0,955.0,180.0
55519,105,16,365.0,600.0,235.0
55520,105,16,1035.0,1260.0,225.0
55525,50,10,475.0,575.0,100.0
55526,50,10,1115.0,1235.0,120.0
55527,266,37,195.0,855.0,660.0
55528,266,37,930.0,110.0,620.0
55533,138,23,450.0,735.0,285.0
55534,139,23,1320.0,165.0,285.0
55537,230,34,510.0,960.0,450.0
55538,230,35,765.0,1215.0,450.0
55539,267,44,240.0,925.0,685.0
55540,267,43,850.0,5.0,595.0
55541,159,28,935.0,1320.0,385.0
55542,159,28,375.0,833.0,458.0
55549,87,17,1350.0,210.0,300.0
55550,87,18,255.0,440.0,185.0
55553,138,23,1315.0,195.0,320.0
55554,139,23,815.0,1080.0,265.0
55555,139,20,330.0,575.0,245.0
55556,139,23,930.0,1275.0,345.0
55559,139,19,825.0,1155.0,330.0
55560,139,23,510.0,790.0,280.0
55563,100,13,360.0,585.0,225.0
55564,100,13,75.0,285.0,210.0
55565,139,19,1095.0,1380.0,285.0
55566,139,19,270.0,575.0,305.0
55567,139,19,625.0,960.0,335.0
55568,139,19,1095.0,1425.0,330.0
55569,21,3,665.0,710.0,45.0
55570,21,3,600.0,640.0,40.0
55571,100,13,615.0,850.0,235.0
55572,100,13,345.0,570.0,225.0
55575,54,5,495.0,645.0,150.0
55576,54,5,1125.0,1305.0,180.0
55577,54,5,960.0,1100.0,140.0
55578,54,5,720.0,885.0,165.0
55583,100,13,1155.0,1355.0,200.0
55584,100,13,885.0,1080.0,195.0
55601,181,26,380.0,735.0,355.0
55602,180,26,865.0,1270.0,405.0
55603,160,29,1090.0,1390.0,300.0
55604,160,29,275.0,575.0,300.0
55615,380,33,1435.0,840.0,845.0
55616,379,33,420.0,1215.0,795.0
55661,60,12,1125.0,1295.0,170.0
55662,60,12,360.0,505.0,145.0
55663,256,35,645.0,1200.0,555.0
55664,255,35,510.0,1020.0,510.0
55665,67,10,660.0,810.0,150.0
55666,56,9,835.0,975.0,140.0
55667,103,14,1005.0,1250.0,245.0
55668,103,14,330.0,560.0,230.0
55675,140,14,1065.0,1305.0,240.0
55676,140,14,345.0,585.0,240.0
55677,115,22,1050.0,1365.0,315.0
55678,115,22,330.0,620.0,290.0
55679,140,14,375.0,600.0,225.0
55680,140,14,945.0,1200.0,255.0
55681,42,5,525.0,600.0,75.0
55682,42,5,390.0,460.0,70.0
55683,42,5,1200.0,1275.0,75.0
55684,42,5,1065.0,1130.0,65.0
55685,60,12,540.0,715.0,175.0
55686,60,12,925.0,1085.0,160.0
55687,101,10,1045.0,1325.0,280.0
55688,101,10,300.0,525.0,225.0
55689,71,15,550.0,775.0,225.0
55690,71,15,825.0,1005.0,180.0
55701,90,20,420.0,645.0,225.0
55702,90,20,870.0,1050.0,180.0
55703,90,20,840.0,1034.0,194.0
55704,90,20,495.0,695.0,200.0
55707,109,24,300.0,525.0,225.0
55708,109,24,1115.0,1340.0,225.0
55709,24,4,510.0,580.0,70.0
55710,24,4,375.0,440.0,65.0
55711,232,41,930.0,1380.0,450.0
55712,232,41,360.0,840.0,480.0
55713,363,45,440.0,1340.0,900.0
55714,363,45,215.0,960.0,745.0
55719,49,8,660.0,790.0,130.0
55720,49,8,830.0,960.0,130.0
55721,95,18,360.0,630.0,270.0
55722,94,18,1005.0,1275.0,270.0
55725,168,23,1060.0,1395.0,335.0
55726,168,23,300.0,605.0,305.0
55727,93,20,375.0,555.0,180.0
55728,94,20,615.0,790.0,175.0
55729,93,20,840.0,1020.0,180.0
55730,94,20,1110.0,1310.0,200.0
55733,108,15,180.0,350.0,170.0
55734,108,19,390.0,575.0,185.0
55735,107,19,420.0,595.0,175.0
55736,108,19,635.0,815.0,180.0
55740,108,19,920.0,1100.0,180.0
55741,108,15,870.0,1035.0,165.0
55742,108,15,1080.0,1260.0,180.0
55743,107,19,1065.0,1245.0,180.0
55744,108,15,270.0,445.0,175.0
55749,56,10,540.0,645.0,105.0
55750,56,10,715.0,825.0,110.0
55751,56,10,885.0,985.0,100.0
55752,56,10,1030.0,1125.0,95.0
55753,268,34,165.0,685.0,520.0
55754,268,34,860.0,1330.0,470.0
55755,107,19,540.0,725.0,185.0
55756,108,19,180.0,365.0,185.0
55763,107,19,1230.0,1410.0,180.0
55764,108,15,765.0,945.0,180.0
55769,90,20,1005.0,1230.0,225.0
55770,90,20,365.0,565.0,200.0
55771,61,9,630.0,735.0,105.0
55772,60,9,855.0,960.0,105.0
55801,156,22,290.0,555.0,265.0
55802,156,22,1050.0,1320.0,270.0
55803,208,19,1025.0,1300.0,275.0
55804,208,19,440.0,720.0,280.0
55809,156,22,1000.0,1280.0,280.0
55810,156,22,300.0,605.0,305.0
55811,309,21,420.0,910.0,490.0
55812,309,21,1320.0,380.0,500.0
55813,343,42,245.0,825.0,580.0
55814,343,42,885.0,25.0,580.0
55817,156,17,870.0,1215.0,345.0
55818,156,17,510.0,805.0,295.0
55819,126,14,420.0,700.0,280.0
55820,126,14,980.0,1210.0,230.0
55823,6,4,360.0,400.0,40.0
55824,6,4,1320.0,1360.0,40.0
55861,95,18,750.0,1000.0,250.0
55862,94,18,435.0,705.0,270.0
55893,89,15,1100.0,1285.0,185.0
55894,88,15,300.0,465.0,165.0
55895,426,53,495.0,1220.0,725.0
55896,425,53,360.0,1065.0,705.0
55901,336,49,390.0,1200.0,810.0
55902,335,49,470.0,1290.0,820.0
55903,155,23,880.0,1240.0,360.0
55904,155,23,390.0,750.0,360.0
55909,102,13,395.0,555.0,160.0
55910,102,13,990.0,1150.0,160.0
55913,176,27,330.0,715.0,385.0
55914,176,27,880.0,1245.0,365.0
56001,68,6,790.0,880.0,90.0
56002,68,5,1335.0,1430.0,95.0
56003,62,6,350.0,435.0,85.0
56004,62,3,1225.0,1320.0,95.0
56005,62,6,1050.0,1150.0,100.0
56006,62,6,500.0,595.0,95.0
56007,60,8,1260.0,1365.0,105.0
56008,60,10,275.0,385.0,110.0
56009,70,13,430.0,545.0,115.0
56010,70,13,995.0,1125.0,130.0
56011,193,27,425.0,760.0,335.0
56012,193,27,885.0,1255.0,370.0
56013,70,14,785.0,925.0,140.0
56014,70,14,580.0,715.0,135.0
56033,76,11,1000.0,1135.0,135.0
56034,76,11,510.0,660.0,150.0
56035,61,12,555.0,660.0,105.0
56036,61,12,960.0,1060.0,100.0
56037,196,18,395.0,655.0,260.0
56038,196,17,935.0,1210.0,275.0
56041,279,33,265.0,850.0,585.0
56042,284,31,800.0,1365.0,565.0
56043,22,3,1030.0,1060.0,30.0
56044,22,3,1135.0,1170.0,35.0
56100,99,11,300.0,505.0,205.0
56101,99,11,1140.0,1325.0,185.0
56102,40,4,1050.0,1115.0,65.0
56103,40,4,530.0,595.0,65.0
56105,84,9,365.0,495.0,130.0
56106,85,7,515.0,645.0,130.0
56107,85,7,1050.0,1170.0,120.0
56108,85,7,1190.0,1310.0,120.0
56109,141,25,970.0,1200.0,230.0
56110,141,22,470.0,710.0,240.0
56111,178,23,910.0,1185.0,275.0
56112,180,23,385.0,745.0,360.0
56113,120,26,375.0,580.0,205.0
56114,120,26,1085.0,1280.0,195.0
56115,70,17,435.0,555.0,120.0
56116,70,17,1095.0,1230.0,135.0
56136,45,7,430.0,720.0,290.0
56137,45,7,840.0,1055.0,215.0
56138,18,6,960.0,1035.0,75.0
56139,18,6,555.0,625.0,70.0
56140,18,6,1050.0,1120.0,70.0
56141,18,6,465.0,545.0,80.0
56142,18,6,735.0,800.0,65.0
56143,18,6,755.0,830.0,75.0
56144,35,4,1075.0,1125.0,50.0
56145,35,4,495.0,545.0,50.0
56146,35,4,570.0,620.0,50.0
56147,35,4,640.0,690.0,50.0
56148,35,4,710.0,760.0,50.0
56149,35,4,780.0,835.0,55.0
56150,35,4,915.0,965.0,50.0
56151,35,4,990.0,1040.0,50.0
56201,60,13,1250.0,1350.0,100.0
56202,60,13,300.0,400.0,100.0
56203,60,13,640.0,745.0,105.0
56204,60,13,440.0,550.0,110.0
56205,25,7,615.0,670.0,55.0
56206,25,7,540.0,590.0,50.0
56207,60,13,1015.0,1115.0,100.0
56208,60,13,890.0,1000.0,110.0
56209,60,13,1080.0,1190.0,110.0
56210,60,13,750.0,855.0,105.0
56215,294,34,765.0,1200.0,435.0
56216,294,34,510.0,945.0,435.0
56217,96,7,600.0,750.0,150.0
56218,96,7,820.0,990.0,170.0
56221,69,14,560.0,665.0,105.0
56222,69,14,695.0,800.0,105.0
56223,165,29,1100.0,1370.0,270.0
56224,165,29,300.0,550.0,250.0
56225,69,14,830.0,955.0,125.0
56226,69,14,985.0,1095.0,110.0
56227,273,41,990.0,1415.0,425.0
56228,273,41,240.0,680.0,440.0
56231,138,20,350.0,555.0,205.0
56232,138,22,560.0,755.0,195.0
56237,138,22,885.0,1085.0,200.0
56238,138,21,1140.0,1340.0,200.0
56241,220,22,320.0,645.0,325.0
56242,219,22,965.0,1300.0,335.0
56261,290,43,480.0,1125.0,645.0
56262,290,41,555.0,1065.0,510.0
56263,138,17,1435.0,255.0,260.0
56264,138,17,1435.0,240.0,245.0
56265,167,21,1050.0,1285.0,235.0
56266,167,21,435.0,670.0,235.0
56267,167,21,300.0,565.0,265.0
56268,167,21,1100.0,1350.0,250.0
56269,275,16,620.0,990.0,370.0
56270,275,16,620.0,1000.0,380.0
56271,114,11,1095.0,1285.0,190.0
56272,114,11,400.0,570.0,170.0
56273,305,36,290.0,785.0,495.0
56274,303,36,925.0,1360.0,435.0
56275,372,32,315.0,870.0,555.0
56276,372,31,790.0,1335.0,545.0
56277,244,20,460.0,855.0,395.0
56278,244,20,930.0,1335.0,405.0
56281,198,27,420.0,735.0,315.0
56282,198,27,930.0,1235.0,305.0
56300,84,14,210.0,340.0,130.0
56301,85,14,1040.0,1160.0,120.0
56302,56,12,440.0,535.0,95.0
56303,56,12,940.0,1035.0,95.0
56304,231,44,740.0,1190.0,450.0
56305,96,14,335.0,495.0,160.0
56307,64,18,415.0,540.0,125.0
56308,64,18,1080.0,1200.0,120.0
56309,64,18,915.0,1025.0,110.0
56310,71,14,390.0,510.0,120.0
56311,72,14,410.0,530.0,120.0
56313,72,14,1085.0,1195.0,110.0
56315,72,14,1035.0,1155.0,120.0
56316,71,14,1100.0,1215.0,115.0
56317,78,16,790.0,955.0,165.0
56318,77,16,475.0,620.0,145.0
56319,531,39,430.0,1250.0,820.0
56320,532,46,440.0,1220.0,780.0
56323,404,54,450.0,1130.0,680.0
56324,404,54,455.0,1175.0,720.0
56331,44,10,495.0,575.0,80.0
56332,44,10,390.0,475.0,85.0
56333,52,11,660.0,780.0,120.0
56334,52,11,520.0,630.0,110.0
56335,52,11,825.0,940.0,115.0
56336,52,11,680.0,785.0,105.0
56337,44,10,1150.0,1235.0,85.0
56338,44,10,1045.0,1130.0,85.0
56361,107,22,260.0,450.0,190.0
56362,173,33,445.0,780.0,335.0
56363,173,33,895.0,1205.0,310.0
56364,107,22,1055.0,1265.0,210.0
56365,302,43,355.0,920.0,565.0
56366,302,43,995.0,190.0,635.0
56370,96,18,360.0,520.0,160.0
56371,96,17,405.0,560.0,155.0
56373,22,3,545.0,575.0,30.0
56374,22,3,655.0,690.0,35.0
56375,96,18,785.0,960.0,175.0
56376,96,17,1180.0,1345.0,165.0
56377,43,8,425.0,490.0,65.0
56378,43,6,1340.0,1405.0,65.0
56379,56,12,465.0,570.0,105.0
56380,100,19,515.0,670.0,155.0
56381,100,11,605.0,750.0,145.0
56382,100,12,790.0,935.0,145.0
56383,100,19,1085.0,1260.0,175.0
56384,56,12,1075.0,1170.0,95.0
56385,58,12,435.0,540.0,105.0
56386,59,9,305.0,410.0,105.0
56387,114,14,720.0,895.0,175.0
56388,114,17,1030.0,1205.0,175.0
56389,58,10,1240.0,1350.0,110.0
56390,59,9,1030.0,1140.0,110.0
56391,155,25,1110.0,1370.0,260.0
56392,155,25,240.0,515.0,275.0
56393,96,14,1070.0,1225.0,155.0
56394,95,14,515.0,665.0,150.0
56501,693,66,430.0,335.0,1345.0
56502,691,68,1410.0,1150.0,1180.0
56503,747,78,440.0,355.0,1355.0
56504,749,79,1240.0,1030.0,1230.0
56505,17,6,780.0,815.0,35.0
56506,16,6,590.0,625.0,35.0
56507,84,17,380.0,565.0,185.0
56508,85,17,1080.0,1235.0,155.0
56509,84,17,840.0,1020.0,180.0
56510,85,17,420.0,570.0,150.0
56511,17,6,330.0,365.0,35.0
56512,16,6,1250.0,1285.0,35.0
56513,568,57,220.0,1140.0,920.0
56514,567,58,435.0,1350.0,915.0
56515,470,63,465.0,1245.0,780.0
56516,469,63,420.0,1210.0,790.0
56517,93,13,1090.0,1240.0,150.0
56518,93,12,430.0,585.0,155.0
56519,33,5,930.0,1005.0,75.0
56520,33,5,660.0,720.0,60.0
56600,85,16,305.0,445.0,140.0
56601,85,16,1065.0,1200.0,135.0
56602,175,35,885.0,1240.0,355.0
56603,207,41,355.0,735.0,380.0
56604,98,14,480.0,650.0,170.0
56605,131,20,1000.0,1245.0,245.0
56610,110,19,1025.0,1245.0,220.0
56611,109,19,355.0,520.0,165.0
56612,66,12,410.0,510.0,100.0
56613,66,12,560.0,655.0,95.0
56614,66,12,550.0,645.0,95.0
56616,66,12,675.0,775.0,100.0
56617,66,12,905.0,1000.0,95.0
56619,66,12,1030.0,1125.0,95.0
56620,66,12,1150.0,1250.0,100.0
56621,66,12,1170.0,1270.0,100.0
56640,326,30,350.0,760.0,410.0
56641,324,30,780.0,1255.0,475.0
56642,49,5,475.0,565.0,90.0
56643,48,5,365.0,450.0,85.0
56644,49,4,1210.0,1300.0,90.0
56645,48,4,1100.0,1180.0,80.0
56646,91,11,805.0,965.0,160.0
56647,90,11,605.0,745.0,140.0
56650,273,40,340.0,805.0,465.0
56651,273,40,850.0,1295.0,445.0
56652,89,20,1040.0,1205.0,165.0
56653,89,20,400.0,545.0,145.0
56654,220,40,335.0,695.0,360.0
56655,131,22,435.0,635.0,200.0
56656,131,23,990.0,1195.0,205.0
56657,89,20,845.0,980.0,135.0
56659,48,11,1030.0,1100.0,70.0
56661,83,13,380.0,510.0,130.0
56663,118,22,1055.0,1285.0,230.0
56664,119,22,440.0,645.0,205.0
56665,182,20,395.0,710.0,315.0
56666,179,20,785.0,1090.0,305.0
56700,410,46,1395.0,665.0,710.0
56701,409,49,950.0,405.0,895.0
56703,93,12,1105.0,1250.0,145.0
56704,94,11,375.0,510.0,135.0
56705,333,43,930.0,40.0,550.0
56706,334,42,180.0,685.0,505.0
56707,62,8,475.0,555.0,80.0
56708,62,8,1100.0,1190.0,90.0
56709,120,12,1005.0,1210.0,205.0
56710,120,12,465.0,640.0,175.0
56711,145,26,750.0,1050.0,300.0
56714,145,18,370.0,675.0,305.0
56715,196,19,375.0,725.0,350.0
56716,188,19,875.0,1210.0,335.0
56717,88,9,1095.0,1240.0,145.0
56718,73,8,415.0,530.0,115.0
56719,15,2,805.0,825.0,20.0
56721,161,17,760.0,995.0,235.0
56722,161,17,680.0,910.0,230.0
56723,161,17,410.0,630.0,220.0
56724,161,17,330.0,560.0,230.0
56725,161,17,1090.0,1360.0,270.0
56726,161,17,1080.0,1320.0,240.0
56731,173,14,435.0,645.0,210.0
56732,173,14,420.0,645.0,225.0
56733,173,14,690.0,910.0,220.0
56734,173,14,720.0,945.0,225.0
56735,173,14,1020.0,1270.0,250.0
56736,173,14,940.0,1175.0,235.0
56741,59,10,1070.0,1240.0,170.0
56742,60,10,450.0,575.0,125.0
56761,61,12,430.0,535.0,105.0
56762,61,12,440.0,545.0,105.0
56763,61,12,570.0,660.0,90.0
56764,61,12,980.0,1075.0,95.0
56765,61,12,1115.0,1230.0,115.0
56766,61,12,1075.0,1180.0,105.0
56767,121,20,525.0,790.0,265.0
56768,121,20,860.0,1110.0,250.0
56769,459,43,270.0,960.0,690.0
56770,458,43,670.0,1350.0,680.0
56796,72,17,395.0,520.0,125.0
56797,78,18,555.0,710.0,155.0
56798,78,18,885.0,1065.0,180.0
56799,72,17,1105.0,1240.0,135.0
56800,72,17,615.0,750.0,135.0
56801,72,17,445.0,585.0,140.0
56802,72,17,1075.0,1210.0,135.0
56803,72,17,830.0,990.0,160.0
56811,120,25,375.0,585.0,210.0
56812,120,25,1085.0,1280.0,195.0
56819,39,10,485.0,555.0,70.0
56820,39,10,1090.0,1170.0,80.0
56821,214,20,685.0,980.0,295.0
56822,214,20,725.0,1035.0,310.0
56823,120,24,1200.0,1420.0,220.0
56824,120,24,430.0,645.0,215.0
56825,358,28,785.0,1360.0,575.0
56826,358,28,330.0,880.0,550.0
56829,263,25,400.0,765.0,365.0
56830,264,25,835.0,1225.0,390.0
56839,178,23,920.0,1185.0,265.0
56840,180,23,385.0,750.0,365.0
56841,141,25,410.0,670.0,260.0
56842,141,25,995.0,1215.0,220.0
56843,141,22,970.0,1200.0,230.0
56844,141,22,470.0,695.0,225.0
56845,178,23,330.0,635.0,305.0
56846,180,23,970.0,1280.0,310.0
56859,133,11,1090.0,1270.0,180.0
56860,133,11,325.0,510.0,185.0
56861,37,5,415.0,465.0,50.0
56862,37,5,490.0,535.0,45.0
56863,37,5,855.0,905.0,50.0
56864,37,5,960.0,1015.0,55.0
56865,37,5,1065.0,1110.0,45.0
56866,37,5,1175.0,1225.0,50.0
56871,38,6,380.0,445.0,65.0
56872,38,6,490.0,555.0,65.0
56873,121,22,355.0,550.0,195.0
56874,121,22,340.0,550.0,210.0
56875,121,22,870.0,1060.0,190.0
56876,121,22,945.0,1125.0,180.0
56877,121,22,1060.0,1255.0,195.0
56878,121,22,1065.0,1250.0,185.0
56879,38,6,1090.0,1150.0,60.0
56880,38,6,1185.0,1245.0,60.0
56881,160,14,295.0,555.0,260.0
56882,264,30,290.0,760.0,470.0
56883,160,14,400.0,670.0,270.0
56884,264,27,995.0,1420.0,425.0
56885,264,27,830.0,1260.0,430.0
56886,160,15,1130.0,1380.0,250.0
56889,104,13,165.0,330.0,165.0
56902,20,5,520.0,570.0,50.0
56903,378,33,40.0,610.0,570.0
56904,377,34,1060.0,210.0,590.0
56905,357,42,285.0,840.0,555.0
56906,356,42,780.0,1360.0,580.0
56907,20,5,1135.0,1175.0,40.0
56909,516,36,1335.0,700.0,805.0
56910,516,35,840.0,315.0,915.0
56911,191,19,325.0,615.0,290.0
56912,189,19,1050.0,1360.0,310.0
56913,470,44,390.0,1125.0,735.0
56914,468,44,555.0,1275.0,720.0
56915,191,22,255.0,550.0,295.0
56916,189,22,1130.0,1430.0,300.0
56917,62,5,700.0,785.0,85.0
56918,62,5,840.0,918.0,78.0
56921,141,12,1080.0,1290.0,210.0
56922,141,10,360.0,580.0,220.0
56925,69,7,330.0,410.0,80.0
56926,69,6,495.0,595.0,100.0
56961,61,11,390.0,500.0,110.0
56962,58,11,455.0,545.0,90.0
56963,61,12,740.0,845.0,105.0
56964,58,12,790.0,900.0,110.0
56965,61,12,1035.0,1140.0,105.0
56966,58,12,1050.0,1150.0,100.0
57121,243,26,300.0,630.0,330.0
57122,191,21,915.0,1200.0,285.0
57123,332,39,345.0,885.0,540.0
57124,381,44,660.0,1275.0,615.0
57129,455,63,1110.0,525.0,855.0
57130,445,53,1185.0,670.0,925.0
57131,22,12,545.0,615.0,70.0
57133,366,42,745.0,1330.0,585.0
57134,366,38,420.0,1050.0,630.0
57135,450,47,1280.0,590.0,750.0
57136,453,48,1275.0,685.0,850.0
57145,56,8,530.0,610.0,80.0
57146,56,8,1050.0,1130.0,80.0
57155,223,29,225.0,650.0,425.0
57156,223,29,1045.0,1390.0,345.0
57225,350,58,505.0,1140.0,635.0
57226,350,55,580.0,1135.0,555.0
57229,372,35,1270.0,530.0,700.0
57230,371,36,1205.0,495.0,730.0
57231,217,27,1045.0,1350.0,305.0
57232,217,27,285.0,630.0,345.0
57237,225,28,240.0,555.0,315.0
57238,226,29,780.0,1145.0,365.0
57239,137,21,960.0,1340.0,380.0
57240,209,31,315.0,755.0,440.0
57241,220,35,240.0,555.0,315.0
57242,220,35,915.0,1245.0,330.0
57255,168,23,270.0,585.0,315.0
57256,168,23,1030.0,1300.0,270.0
57257,602,92,65.0,1245.0,1180.0
57258,603,90,420.0,165.0,1185.0
57264,29,7,1385.0,10.0,65.0
57265,29,7,230.0,305.0,75.0
57271,535,68,1260.0,865.0,1045.0
57272,535,71,915.0,540.0,1065.0
57273,578,59,360.0,1305.0,945.0
57274,577,60,365.0,1275.0,910.0
57277,292,45,370.0,775.0,405.0
57278,220,34,1095.0,1410.0,315.0
57305,622,78,880.0,525.0,1085.0
57306,622,56,1050.0,585.0,975.0
57307,32,18,605.0,690.0,85.0
57308,32,18,760.0,850.0,90.0
57317,130,17,480.0,705.0,225.0
57320,130,17,990.0,1185.0,195.0
57323,35,4,900.0,960.0,60.0
57324,35,4,785.0,845.0,60.0
57325,622,77,310.0,1350.0,1040.0
57326,622,79,315.0,1395.0,1080.0
57327,333,36,390.0,920.0,530.0
57328,333,36,730.0,1285.0,555.0
57329,379,49,900.0,180.0,720.0
57330,380,49,60.0,710.0,650.0
57381,171,31,995.0,1360.0,365.0
57382,171,26,365.0,700.0,335.0
57401,104,13,405.0,570.0,165.0
57402,104,13,880.0,1095.0,215.0
57403,104,14,1170.0,1340.0,170.0
57404,104,14,375.0,550.0,175.0
57405,104,13,660.0,840.0,180.0
57406,104,13,1095.0,1330.0,235.0
57411,83,7,825.0,960.0,135.0
57412,83,7,655.0,750.0,95.0
57425,358,50,580.0,1160.0,580.0
57426,356,49,345.0,950.0,605.0
57429,92,12,390.0,550.0,160.0
57430,93,12,1050.0,1190.0,140.0
57435,236,24,1055.0,1420.0,365.0
57436,236,41,420.0,770.0,350.0
57447,105,15,790.0,945.0,155.0
57448,182,43,970.0,1335.0,365.0
57451,234,22,870.0,1305.0,435.0
57452,234,22,425.0,790.0,365.0
57456,105,20,850.0,995.0,145.0
57473,191,40,970.0,1375.0,405.0
57474,297,62,285.0,815.0,530.0
57475,370,39,495.0,1215.0,720.0
57476,370,40,430.0,1035.0,605.0
57477,473,42,1350.0,720.0,810.0
57478,474,42,865.0,380.0,955.0
57486,77,27,350.0,520.0,170.0
57501,26,5,395.0,455.0,60.0
57502,114,16,475.0,685.0,210.0
57503,114,16,930.0,1140.0,210.0
57504,26,5,1180.0,1245.0,65.0
57512,58,8,580.0,705.0,125.0
57515,581,57,780.0,265.0,925.0
57516,581,58,1250.0,715.0,905.0
57517,115,15,735.0,900.0,165.0
57518,114,15,975.0,1150.0,175.0
57521,92,11,1245.0,1410.0,165.0
57522,92,11,975.0,1140.0,165.0
57539,298,36,855.0,1360.0,505.0
57540,299,36,795.0,1270.0,475.0
57541,325,34,320.0,920.0,600.0
57542,347,36,1125.0,280.0,595.0
57547,435,48,475.0,1265.0,790.0
57548,435,47,450.0,1205.0,755.0
57549,583,59,1295.0,855.0,1000.0
57550,583,57,935.0,425.0,930.0
57551,223,30,1105.0,1430.0,325.0
57552,225,30,915.0,1245.0,330.0
57553,316,41,270.0,775.0,505.0
57554,317,41,210.0,765.0,555.0
57557,110,16,365.0,595.0,230.0
57558,110,16,1095.0,1265.0,170.0
57561,623,88,290.0,1380.0,1090.0
57562,620,87,320.0,1365.0,1045.0
57563,340,45,1360.0,555.0,635.0
57564,279,29,1410.0,465.0,495.0
57581,206,26,390.0,680.0,290.0
57582,206,26,420.0,750.0,330.0
57583,206,26,1335.0,270.0,375.0
57584,206,26,1320.0,180.0,300.0
57590,19,3,1395.0,20.0,65.0
57593,243,36,910.0,1340.0,430.0
57594,243,36,295.0,730.0,435.0
57601,165,23,360.0,635.0,275.0
57602,165,21,1130.0,1380.0,250.0
57605,72,11,490.0,620.0,130.0
57606,79,12,655.0,825.0,170.0
57625,341,37,1120.0,270.0,590.0
57626,341,37,1425.0,565.0,580.0
57628,112,15,970.0,1170.0,200.0
57631,377,37,230.0,780.0,550.0
57632,265,31,930.0,1300.0,370.0
57641,299,39,710.0,1180.0,470.0
57642,299,25,120.0,570.0,450.0
57649,36,5,1375.0,1425.0,50.0
57650,149,19,405.0,645.0,240.0
57651,341,40,650.0,1210.0,560.0
57652,341,40,420.0,1020.0,600.0
57657,209,23,375.0,710.0,335.0
57658,209,23,785.0,1110.0,325.0
57659,347,52,625.0,1185.0,560.0
57660,235,38,300.0,760.0,460.0
57685,108,10,1210.0,1370.0,160.0
57686,108,8,5.0,160.0,155.0
57687,165,14,865.0,1110.0,245.0
57688,165,11,1135.0,1425.0,290.0
57689,165,12,300.0,565.0,265.0
57690,165,16,590.0,835.0,245.0
58001,526,91,5.0,930.0,925.0
58002,518,90,580.0,100.0,960.0
58003,299,38,925.0,1350.0,425.0
58004,298,39,275.0,690.0,415.0
58005,366,32,280.0,735.0,455.0
58006,366,32,980.0,1430.0,450.0
58007,182,28,395.0,660.0,265.0
58008,182,28,960.0,1200.0,240.0
58009,226,36,955.0,1335.0,380.0
58010,226,36,345.0,670.0,325.0
58011,442,45,1385.0,560.0,615.0
58012,441,45,1030.0,260.0,670.0
58013,82,12,365.0,540.0,175.0
58014,82,12,1155.0,1300.0,145.0
58015,284,28,1065.0,1400.0,335.0
58016,284,28,270.0,610.0,340.0
58017,209,31,330.0,680.0,350.0
58018,210,31,1025.0,1345.0,320.0
58019,41,9,870.0,955.0,85.0
58020,41,9,730.0,805.0,75.0
58021,137,18,555.0,790.0,235.0
58022,137,19,1100.0,1270.0,170.0
58023,161,26,900.0,1260.0,360.0
58024,162,26,270.0,630.0,360.0
58025,339,44,520.0,1170.0,650.0
58026,336,44,540.0,1075.0,535.0
58029,62,10,820.0,935.0,115.0
58030,62,10,705.0,790.0,85.0
58031,69,9,820.0,910.0,90.0
58032,69,9,680.0,765.0,85.0
58033,117,15,550.0,750.0,200.0
58034,114,15,945.0,1135.0,190.0
58103,148,18,1020.0,1270.0,250.0
58104,148,18,320.0,595.0,275.0
58109,147,19,450.0,690.0,240.0
58110,147,19,810.0,1155.0,345.0
58111,885,102,390.0,395.0,1445.0
58112,883,109,1275.0,5.0,1610.0
58113,470,60,1065.0,415.0,790.0
58114,469,61,1160.0,590.0,870.0
58117,503,65,435.0,1280.0,845.0
58118,496,64,305.0,1140.0,835.0
58131,520,78,480.0,1410.0,930.0
58132,526,78,265.0,1225.0,960.0
58133,101,15,890.0,1030.0,140.0
58134,101,15,550.0,735.0,185.0
58135,48,9,278.0,355.0,77.0
58136,48,9,450.0,540.0,90.0
58137,48,9,1043.0,1125.0,82.0
58138,48,9,1155.0,1235.0,80.0
58143,175,26,330.0,690.0,360.0
58151,96,12,435.0,630.0,195.0
58152,96,12,875.0,1070.0,195.0
58161,261,35,705.0,1160.0,455.0
58162,261,34,380.0,840.0,460.0
58163,272,23,345.0,780.0,435.0
58164,269,23,922.0,1280.0,358.0
58201,112,15,425.0,585.0,160.0
58202,111,15,1165.0,1350.0,185.0
58203,209,29,475.0,780.0,305.0
58204,209,29,1100.0,1435.0,335.0
58205,310,42,810.0,1265.0,455.0
58206,302,43,450.0,1050.0,600.0
58207,305,30,915.0,1405.0,490.0
58208,305,30,115.0,615.0,500.0
58209,96,12,675.0,830.0,155.0
58210,97,15,455.0,625.0,170.0
58212,97,15,860.0,1020.0,160.0
58213,431,48,510.0,1310.0,800.0
58214,433,48,410.0,1130.0,720.0
58217,204,13,1170.0,30.0,300.0
58218,204,14,120.0,445.0,325.0
58219,237,29,1380.0,470.0,530.0
58220,237,29,1230.0,330.0,540.0
58221,214,20,510.0,835.0,325.0
58222,213,20,855.0,1180.0,325.0
58223,143,15,445.0,720.0,275.0
58224,174,20,750.0,1020.0,270.0
58227,64,9,1065.0,1200.0,135.0
58301,494,41,435.0,1350.0,915.0
58302,494,41,180.0,1080.0,900.0
58303,54,6,780.0,905.0,125.0
58304,54,6,585.0,675.0,90.0
58401,82,14,1140.0,1250.0,110.0
58402,82,14,390.0,500.0,110.0
58403,43,11,420.0,510.0,90.0
58404,43,11,1065.0,1140.0,75.0
58405,82,11,900.0,995.0,95.0
58406,82,11,645.0,750.0,105.0
58408,142,30,1070.0,1285.0,215.0
58409,43,11,750.0,825.0,75.0
58410,43,11,1380.0,15.0,75.0
58411,165,27,595.0,855.0,260.0
58412,165,27,885.0,1115.0,230.0
58413,202,42,330.0,700.0,370.0
58414,202,43,990.0,1335.0,345.0
58415,90,21,1010.0,1180.0,170.0
58416,90,21,480.0,665.0,185.0
58417,380,59,455.0,1215.0,760.0
58418,380,59,385.0,1065.0,680.0
58419,239,36,1140.0,80.0,380.0
58420,239,36,345.0,685.0,340.0
58421,196,30,315.0,655.0,340.0
58422,196,30,975.0,1300.0,325.0
58423,115,23,825.0,1020.0,195.0
58424,115,23,545.0,750.0,205.0
58425,214,22,390.0,700.0,310.0
58426,214,22,960.0,1265.0,305.0
58427,88,9,180.0,355.0,175.0
58428,88,8,1245.0,35.0,230.0
58429,65,7,1170.0,1275.0,105.0
58430,65,7,300.0,405.0,105.0
58431,65,7,435.0,530.0,95.0
58432,65,7,560.0,665.0,105.0
58433,192,18,1050.0,1285.0,235.0
58434,192,17,450.0,675.0,225.0
58435,115,23,930.0,1110.0,180.0
58436,115,23,695.0,910.0,215.0
58501,471,53,410.0,1245.0,835.0
58502,471,53,375.0,1210.0,835.0
58503,184,25,300.0,560.0,260.0
58504,184,25,1015.0,1260.0,245.0
58505,267,28,755.0,1280.0,525.0
58506,267,28,320.0,725.0,405.0
58525,202,27,530.0,885.0,355.0
58526,202,26,695.0,1035.0,340.0
58527,528,56,330.0,1295.0,965.0
58528,528,56,175.0,1170.0,995.0
58529,570,64,1110.0,715.0,1045.0
58530,571,64,1300.0,805.0,945.0
58531,202,27,325.0,600.0,275.0
58532,202,27,1115.0,1410.0,295.0
58533,266,43,975.0,1420.0,445.0
58534,266,43,265.0,650.0,385.0
58535,82,14,675.0,785.0,110.0
58536,82,14,810.0,920.0,110.0
58537,357,39,350.0,945.0,595.0
58538,357,39,425.0,980.0,555.0
58601,168,22,1040.0,1270.0,230.0
58602,168,22,335.0,630.0,295.0
58603,248,40,855.0,1320.0,465.0
58604,249,40,400.0,840.0,440.0
58621,157,22,285.0,600.0,315.0
58622,157,22,855.0,1240.0,385.0
58651,66,10,300.0,390.0,90.0
58652,67,10,420.0,510.0,90.0
58653,110,12,535.0,690.0,155.0
58654,111,12,720.0,875.0,155.0
58655,66,10,900.0,990.0,90.0
58656,67,10,1020.0,1110.0,90.0
58657,66,10,1135.0,1225.0,90.0
58658,67,7,1255.0,1335.0,80.0
58659,160,21,1000.0,1330.0,330.0
58660,160,21,280.0,640.0,360.0
58661,222,29,690.0,1065.0,375.0
58662,219,29,260.0,640.0,380.0
58701,215,24,865.0,1210.0,345.0
58702,215,24,505.0,845.0,340.0
58711,51,8,470.0,610.0,140.0
58712,50,8,390.0,520.0,130.0
58713,51,8,810.0,955.0,145.0
58714,50,8,735.0,865.0,130.0
58715,51,8,1165.0,1310.0,145.0
58716,50,8,1090.0,1220.0,130.0
58717,22,4,1025.0,1100.0,75.0
58718,22,4,575.0,645.0,70.0
58719,17,3,510.0,560.0,50.0
58720,16,3,415.0,465.0,50.0
58721,17,3,1215.0,1265.0,50.0
58722,16,3,1115.0,1165.0,50.0
58801,249,28,855.0,1230.0,375.0
58802,249,28,420.0,825.0,405.0
58803,249,28,345.0,725.0,380.0
58804,249,28,1035.0,1380.0,345.0
58805,238,27,620.0,985.0,365.0
58806,103,14,1150.0,1300.0,150.0
58808,135,14,440.0,595.0,155.0
58809,38,7,450.0,525.0,75.0
58810,42,8,340.0,430.0,90.0
58811,43,8,1285.0,1390.0,105.0
58812,38,7,1150.0,1230.0,80.0
58813,38,7,840.0,940.0,100.0
58814,38,7,720.0,795.0,75.0
58815,123,20,790.0,1030.0,240.0
58816,124,20,485.0,695.0,210.0
58817,47,9,345.0,440.0,95.0
58818,46,9,1055.0,1135.0,80.0
58843,104,17,370.0,650.0,280.0
58844,104,17,375.0,630.0,255.0
58845,104,17,640.0,910.0,270.0
58846,104,17,750.0,1020.0,270.0
58847,104,17,1090.0,1355.0,265.0
58848,104,17,1005.0,1260.0,255.0
58877,104,17,840.0,1160.0,320.0
58878,104,17,480.0,795.0,315.0
59013,334,31,1415.0,555.0,580.0
59014,335,31,1105.0,250.0,585.0
59023,193,20,1090.0,1375.0,285.0
59024,193,21,290.0,555.0,265.0
59037,206,30,1030.0,1430.0,400.0
59038,206,31,255.0,595.0,340.0
59039,138,18,685.0,870.0,185.0
59040,114,14,835.0,975.0,140.0
59045,158,20,565.0,795.0,230.0
59046,182,23,990.0,1270.0,280.0
59048,68,13,1100.0,1205.0,105.0
59049,362,62,365.0,1210.0,845.0
59050,362,62,470.0,1245.0,775.0
59075,334,44,440.0,1160.0,720.0
59076,335,44,525.0,1185.0,660.0
59077,334,30,1005.0,110.0,545.0
59078,335,31,1275.0,455.0,620.0
59101,62,11,955.0,1165.0,210.0
59102,62,11,310.0,515.0,205.0
59103,62,11,555.0,770.0,215.0
59104,62,11,840.0,1045.0,205.0
59117,99,18,440.0,590.0,150.0
59118,105,19,375.0,545.0,170.0
59119,105,19,1070.0,1240.0,170.0
59120,99,18,1025.0,1175.0,150.0
59121,105,19,590.0,760.0,170.0
59122,105,19,645.0,820.0,175.0
59151,104,10,1105.0,1305.0,200.0
59152,104,10,360.0,560.0,200.0
59153,104,10,600.0,810.0,210.0
59154,104,10,855.0,1065.0,210.0
59161,105,20,345.0,540.0,195.0
59162,105,20,1065.0,1260.0,195.0
59163,13,3,735.0,795.0,60.0
59164,13,3,600.0,665.0,65.0
59167,62,14,990.0,1155.0,165.0
59168,62,14,375.0,540.0,165.0
59169,13,3,450.0,510.0,60.0
59170,13,3,965.0,1030.0,65.0
59201,47,8,700.0,780.0,80.0
59202,47,8,595.0,680.0,85.0
59203,169,22,1025.0,1260.0,235.0
59204,169,22,695.0,930.0,235.0
59205,114,11,855.0,1010.0,155.0
59206,108,11,610.0,745.0,135.0
59207,535,60,1295.0,785.0,930.0
59208,535,59,885.0,340.0,895.0
59211,222,21,850.0,1200.0,350.0
59212,216,21,420.0,815.0,395.0
59213,52,8,520.0,590.0,70.0
59214,52,7,380.0,460.0,80.0
59215,52,7,1275.0,1355.0,80.0
59216,52,8,1145.0,1225.0,80.0
59225,201,25,550.0,850.0,300.0
59226,201,25,860.0,1165.0,305.0
59227,91,12,1280.0,1405.0,125.0
59228,91,12,300.0,425.0,125.0
59229,206,23,220.0,540.0,320.0
59230,206,24,1135.0,5.0,310.0
59231,78,10,1130.0,1235.0,105.0
59232,78,10,435.0,550.0,115.0
59233,169,20,575.0,835.0,260.0
59234,169,20,865.0,1095.0,230.0
59235,152,22,385.0,590.0,205.0
59236,152,22,1040.0,1255.0,215.0
59243,38,7,700.0,775.0,75.0
59244,38,7,610.0,685.0,75.0
59267,47,8,490.0,580.0,90.0
59268,47,8,390.0,470.0,80.0
59269,47,8,1130.0,1210.0,80.0
59270,47,8,1025.0,1105.0,80.0
59271,169,18,815.0,1075.0,260.0
59272,169,18,500.0,745.0,245.0
59295,47,8,920.0,1000.0,80.0
59296,47,8,810.0,890.0,80.0
59297,236,23,360.0,705.0,345.0
59298,236,23,860.0,1255.0,395.0
59306,78,10,485.0,620.0,135.0
59307,78,10,1080.0,1205.0,125.0
59317,54,8,1080.0,1175.0,95.0
59318,54,8,420.0,510.0,90.0
59319,183,25,1025.0,1335.0,310.0
59320,183,25,400.0,665.0,265.0
59341,428,44,695.0,1405.0,710.0
59342,428,44,240.0,900.0,660.0
59345,44,6,620.0,680.0,60.0
59346,44,6,530.0,585.0,55.0
59353,54,8,1410.0,60.0,90.0
59354,54,8,1240.0,1335.0,95.0
59355,585,65,420.0,1425.0,1005.0
59356,585,65,300.0,1275.0,975.0
59357,86,16,550.0,725.0,175.0
59358,86,16,825.0,1020.0,195.0
59359,75,9,1040.0,1155.0,115.0
59360,75,9,400.0,520.0,120.0
59379,74,7,320.0,445.0,125.0
59380,74,7,630.0,740.0,110.0
59385,553,49,780.0,270.0,930.0
59386,553,48,1265.0,795.0,970.0
59387,133,17,915.0,1170.0,255.0
59388,133,17,485.0,765.0,280.0
59393,397,50,340.0,950.0,610.0
59394,398,50,730.0,1380.0,650.0
59395,133,13,815.0,1200.0,385.0
59396,137,15,480.0,785.0,305.0
59421,184,21,470.0,750.0,280.0
59422,189,22,260.0,570.0,310.0
59423,189,22,1095.0,1420.0,325.0
59424,184,21,1045.0,1325.0,280.0
59425,358,38,385.0,925.0,540.0
59426,358,38,810.0,1330.0,520.0
59439,490,72,735.0,240.0,945.0
59440,490,66,1390.0,900.0,950.0
59441,490,74,1360.0,895.0,975.0
59442,490,74,760.0,275.0,955.0
59473,111,15,210.0,430.0,220.0
59474,111,15,1200.0,1435.0,235.0
59475,40,6,585.0,640.0,55.0
59476,40,6,725.0,790.0,65.0
59477,40,6,920.0,975.0,55.0
59478,40,6,1025.0,1080.0,55.0
59481,40,6,1110.0,1165.0,55.0
59482,40,6,450.0,505.0,55.0
59483,40,6,365.0,430.0,65.0
59484,40,6,1200.0,1255.0,55.0
59503,429,48,760.0,50.0,730.0
59504,429,48,165.0,1005.0,840.0
59507,189,18,310.0,605.0,295.0
59508,189,18,660.0,960.0,300.0
59509,64,8,510.0,610.0,100.0
59510,64,8,360.0,455.0,95.0
59511,64,8,1200.0,1295.0,95.0
59512,64,8,1055.0,1155.0,100.0
59547,495,49,720.0,330.0,1050.0
59548,495,45,1330.0,850.0,960.0
59549,99,8,500.0,640.0,140.0
59550,99,8,910.0,1050.0,140.0
59601,139,19,310.0,540.0,230.0
59602,139,19,1100.0,1310.0,210.0
59603,306,39,420.0,1030.0,610.0
59604,306,39,570.0,1130.0,560.0
59605,114,13,345.0,515.0,170.0
59606,114,13,1170.0,1355.0,185.0
59607,31,5,590.0,650.0,60.0
59608,31,5,980.0,1040.0,60.0
59705,563,55,360.0,1260.0,900.0
59706,562,55,300.0,1090.0,790.0
59707,77,10,630.0,745.0,115.0
59708,66,9,505.0,610.0,105.0
59709,66,10,1010.0,1135.0,125.0
59710,77,11,870.0,990.0,120.0
59711,142,17,855.0,1075.0,220.0
59712,143,17,530.0,750.0,220.0
59713,54,10,420.0,495.0,75.0
59714,54,10,1125.0,1220.0,95.0
59715,215,28,210.0,510.0,300.0
59716,215,28,330.0,645.0,315.0
59717,215,28,1045.0,1360.0,315.0
59718,215,28,1180.0,55.0,315.0
59719,215,28,690.0,990.0,300.0
59720,215,28,545.0,865.0,320.0
59721,367,42,315.0,815.0,500.0
59722,367,42,845.0,1355.0,510.0
59727,213,25,460.0,815.0,355.0
59728,213,17,1420.0,280.0,300.0
59729,213,17,1225.0,120.0,335.0
59730,213,25,890.0,1200.0,310.0
59731,66,10,390.0,500.0,110.0
59732,66,10,265.0,370.0,105.0
59733,66,9,1230.0,1335.0,105.0
59734,66,9,1100.0,1210.0,110.0
59735,47,4,380.0,440.0,60.0
59736,47,4,300.0,360.0,60.0
59803,265,24,800.0,1185.0,385.0
59804,265,24,355.0,775.0,420.0
59805,268,23,400.0,775.0,375.0
59806,268,22,815.0,1200.0,385.0
59811,688,71,515.0,360.0,1285.0
59812,691,71,1120.0,935.0,1255.0
59813,330,42,435.0,1055.0,620.0
59814,328,41,465.0,1035.0,570.0
59821,499,42,1325.0,880.0,995.0
59822,499,47,1090.0,585.0,935.0
59823,87,14,380.0,530.0,150.0
59824,87,14,595.0,745.0,150.0
59825,87,14,870.0,1015.0,145.0
59826,87,14,1130.0,1285.0,155.0
59827,36,3,900.0,965.0,65.0
59828,36,3,1050.0,1110.0,60.0
59831,527,64,445.0,1350.0,905.0
59832,527,63,585.0,70.0,925.0
59833,227,15,1365.0,355.0,430.0
59834,227,15,1350.0,285.0,375.0
59835,169,20,410.0,705.0,295.0
59836,169,20,855.0,1205.0,350.0
59837,85,11,585.0,730.0,145.0
59838,85,11,420.0,560.0,140.0
59839,85,11,1110.0,1245.0,135.0
59840,85,11,945.0,1085.0,140.0
61631,138,16,540.0,740.0,200.0
61632,138,16,1065.0,1265.0,200.0
63105,230,31,1220.0,65.0,285.0
63108,229,34,270.0,597.0,327.0
63141,228,30,725.0,1085.0,360.0
63142,228,36,865.0,1190.0,325.0
63151,6,3,340.0,360.0,20.0
63153,6,3,525.0,545.0,20.0
63154,6,3,570.0,590.0,20.0
63155,6,3,600.0,620.0,20.0
63156,6,3,650.0,670.0,20.0
63157,6,3,750.0,770.0,20.0
63158,6,3,785.0,805.0,20.0
63159,6,3,880.0,900.0,20.0
63160,6,3,915.0,935.0,20.0
63161,6,3,1000.0,1020.0,20.0
63162,6,3,1030.0,1050.0,20.0
63163,6,3,1065.0,1085.0,20.0
63164,6,3,1105.0,1125.0,20.0
63165,6,3,1190.0,1210.0,20.0
63166,6,3,1230.0,1250.0,20.0
63167,6,2,1370.0,1385.0,15.0
63168,6,2,1410.0,1425.0,15.0
63169,6,3,215.0,230.0,15.0
63203,34,8,250.0,355.0,105.0
63204,34,8,1250.0,1360.0,110.0
63205,123,25,130.0,420.0,290.0
63206,123,22,1190.0,100.0,350.0
63207,177,30,335.0,765.0,430.0
63208,221,34,520.0,955.0,435.0
63209,177,29,490.0,900.0,410.0
63210,177,30,665.0,1040.0,375.0
63211,221,34,975.0,65.0,530.0
63212,177,29,870.0,1235.0,365.0
63213,49,11,1035.0,1130.0,95.0
63214,49,13,425.0,515.0,90.0
63217,98,18,365.0,585.0,220.0
63218,98,18,1075.0,1290.0,215.0
63219,75,14,595.0,745.0,150.0
63220,85,17,975.0,1175.0,200.0
63221,89,7,330.0,465.0,135.0
63222,89,7,1090.0,1240.0,150.0
63223,49,10,1310.0,1435.0,125.0
63224,49,10,210.0,300.0,90.0
63225,207,34,725.0,1155.0,430.0
63226,225,39,820.0,1265.0,445.0
63227,207,37,480.0,915.0,435.0
63228,207,31,935.0,1410.0,475.0
63231,207,33,1195.0,230.0,475.0
63232,117,18,400.0,660.0,260.0
63233,225,35,315.0,800.0,485.0
63234,207,29,450.0,1025.0,575.0
63235,89,11,240.0,395.0,155.0
63237,152,21,270.0,550.0,280.0
63238,152,20,1110.0,1380.0,270.0
63240,89,11,1220.0,15.0,235.0
63241,94,26,300.0,485.0,185.0
63242,91,13,300.0,480.0,180.0
63243,94,26,375.0,555.0,180.0
63244,94,26,345.0,525.0,180.0
63245,91,17,510.0,690.0,180.0
63246,91,17,510.0,690.0,180.0
63247,91,13,555.0,735.0,180.0
63248,94,26,570.0,740.0,170.0
63249,91,16,720.0,885.0,165.0
63250,85,14,705.0,860.0,155.0
63251,91,18,780.0,960.0,180.0
63252,91,17,765.0,925.0,160.0
63253,91,15,930.0,1110.0,180.0
63254,94,24,915.0,1080.0,165.0
63255,91,13,1110.0,1290.0,180.0
63256,91,13,990.0,1170.0,180.0
63257,94,26,1200.0,1380.0,180.0
63258,94,26,1140.0,1320.0,180.0
63259,91,18,1350.0,95.0,185.0
63260,94,21,1320.0,60.0,180.0
63261,139,27,980.0,1430.0,450.0
63262,139,24,295.0,615.0,320.0
63263,117,20,890.0,1145.0,255.0
63264,207,31,310.0,890.0,580.0
63271,89,15,930.0,1150.0,220.0
63272,89,15,305.0,585.0,280.0
63273,20,6,690.0,765.0,75.0
63274,18,7,590.0,660.0,70.0
63275,20,6,780.0,855.0,75.0
63276,18,7,780.0,845.0,65.0
63279,93,20,1050.0,1225.0,175.0
63280,120,25,1210.0,145.0,375.0
63283,120,25,900.0,1185.0,285.0
63284,120,25,490.0,745.0,255.0
63285,120,24,210.0,495.0,285.0
63286,93,20,425.0,610.0,185.0
63289,85,14,715.0,840.0,125.0
63290,85,14,900.0,1025.0,125.0
63291,85,14,450.0,575.0,125.0
63292,85,14,1096.0,1235.0,139.0
63293,118,18,585.0,750.0,165.0
63294,118,18,960.0,1091.0,131.0
63295,203,28,1075.0,1405.0,330.0
63296,203,28,240.0,615.0,375.0
63501,106,3,110.0,220.0,110.0
63502,106,34,1318.0,15.0,137.0
63505,104,14,240.0,355.0,115.0
63506,105,14,295.0,400.0,105.0
63507,104,14,315.0,425.0,110.0
63508,105,14,345.0,455.0,110.0
63509,104,14,450.0,555.0,105.0
63510,105,14,380.0,486.0,106.0
63511,104,14,520.0,635.0,115.0
63512,105,14,462.0,578.0,116.0
63513,104,14,590.0,700.0,110.0
63514,105,14,540.0,650.0,110.0
63515,104,14,725.0,835.0,110.0
63516,105,14,620.0,740.0,120.0
63517,104,14,795.0,905.0,110.0
63518,105,14,760.0,870.0,110.0
63519,104,14,920.0,1035.0,115.0
63520,105,14,845.0,960.0,115.0
63521,104,14,965.0,1075.0,110.0
63522,105,14,970.0,1085.0,115.0
63523,104,14,1045.0,1160.0,115.0
63524,105,14,1015.0,1125.0,110.0
63525,104,14,1205.0,1320.0,115.0
63526,105,14,1310.0,1430.0,120.0
63527,42,6,1345.0,1388.0,43.0
63528,42,6,1225.0,1270.0,45.0
63529,100,18,340.0,485.0,145.0
63530,101,17,510.0,655.0,145.0
63531,72,14,490.0,600.0,110.0
63532,73,14,240.0,350.0,110.0
63533,72,14,840.0,950.0,110.0
63534,73,14,640.0,750.0,110.0
63535,72,13,1030.0,1140.0,110.0
63536,73,14,1000.0,1110.0,110.0
63537,72,14,1145.0,1255.0,110.0
63538,73,14,1200.0,1310.0,110.0
63541,88,18,310.0,430.0,120.0
63542,88,18,440.0,560.0,120.0
63543,88,18,1090.0,1215.0,125.0
63544,88,17,1245.0,1385.0,140.0
63545,58,13,840.0,920.0,80.0
63546,58,12,590.0,670.0,80.0
63547,74,15,930.0,1044.0,114.0
63548,76,14,315.0,420.0,105.0
63549,124,22,1047.0,1240.0,193.0
63550,122,23,440.0,585.0,145.0
63551,58,13,1380.0,20.0,80.0
63552,58,13,192.0,285.0,93.0
63553,479,83,390.0,1285.0,895.0
63554,479,83,255.0,1220.0,965.0
63561,110,16,450.0,575.0,125.0
63562,116,16,240.0,400.0,160.0
63563,110,16,1230.0,1360.0,130.0
63564,110,16,1060.0,1190.0,130.0
63565,43,5,600.0,655.0,55.0
63566,43,5,685.0,745.0,60.0
63567,154,20,575.0,775.0,200.0
63568,154,20,800.0,995.0,195.0
63569,110,14,1045.0,1180.0,135.0
63570,116,16,370.0,530.0,160.0
63571,131,20,1210.0,45.0,275.0
63572,131,20,270.0,520.0,250.0
63573,97,13,680.0,810.0,130.0
63574,97,13,850.0,1005.0,155.0
63581,111,19,550.0,700.0,150.0
63582,111,19,380.0,527.0,147.0
63583,111,19,1060.0,1215.0,155.0
63584,111,19,795.0,945.0,150.0
63591,137,21,940.0,1130.0,190.0
63592,137,21,425.0,665.0,240.0
63593,80,15,845.0,1005.0,160.0
63594,80,15,652.0,785.0,133.0
63595,193,26,220.0,530.0,310.0
63596,193,26,1080.0,1390.0,310.0
63597,198,29,750.0,1060.0,310.0
63598,200,29,320.0,700.0,380.0
64001,88,18,1165.0,1300.0,135.0
64002,88,18,380.0,518.0,138.0
64003,44,10,300.0,370.0,70.0
64004,56,14,395.0,510.0,115.0
64011,65,16,375.0,500.0,125.0
64012,65,16,605.0,730.0,125.0
64013,65,16,755.0,880.0,125.0
64014,65,16,790.0,930.0,140.0
64015,65,16,875.0,1000.0,125.0
64016,65,16,870.0,1015.0,145.0
64017,65,16,935.0,1065.0,130.0
64018,11,6,1035.0,1072.0,37.0
64019,65,15,1340.0,60.0,160.0
64031,36,13,540.0,630.0,90.0
64032,36,12,900.0,985.0,85.0
64034,36,12,1225.0,1310.0,85.0
64036,36,10,1370.0,15.0,85.0
64051,77,16,1395.0,115.0,160.0
64052,77,17,690.0,845.0,155.0
64053,79,17,360.0,500.0,140.0
64055,79,18,500.0,665.0,165.0
64057,77,17,655.0,810.0,155.0
64061,57,13,1050.0,1160.0,110.0
64062,57,13,315.0,430.0,115.0
64064,57,13,1185.0,1285.0,100.0
64071,44,14,490.0,585.0,95.0
64073,94,16,1185.0,1330.0,145.0
64074,96,16,285.0,410.0,125.0
64075,53,11,435.0,530.0,95.0
64076,53,11,15.0,95.0,80.0
64077,53,11,475.0,570.0,95.0
64078,53,11,525.0,615.0,90.0
64080,53,11,1025.0,1110.0,85.0
64082,53,11,1080.0,1170.0,90.0
64084,53,11,1285.0,1365.0,80.0
64087,28,17,1107.0,1175.0,68.0
64088,7,4,1238.0,1265.0,27.0
64089,35,21,1005.0,1105.0,100.0
64090,35,21,555.0,655.0,100.0
64091,43,23,480.0,585.0,105.0
64092,35,21,1130.0,1235.0,105.0
64093,25,14,587.0,635.0,48.0
64094,25,14,510.0,553.0,43.0
64095,32,18,590.0,660.0,70.0
64096,25,14,655.0,705.0,50.0
64097,11,6,1185.0,1220.0,35.0
64098,25,14,1080.0,1128.0,48.0
64101,125,21,115.0,310.0,195.0
64102,125,21,1095.0,1280.0,185.0
64103,125,21,370.0,550.0,180.0
64104,54,10,310.0,405.0,95.0
64105,131,24,380.0,570.0,190.0
64106,82,15,1045.0,1185.0,140.0
64107,54,10,900.0,995.0,95.0
64108,82,15,1230.0,1380.0,150.0
64109,71,18,420.0,560.0,140.0
64110,131,24,1060.0,1245.0,185.0
64111,92,19,360.0,540.0,180.0
64112,64,14,680.0,830.0,150.0
64113,99,22,1190.0,1355.0,165.0
64114,131,24,1085.0,1265.0,180.0
64151,125,21,845.0,1020.0,175.0
64152,125,21,530.0,720.0,190.0
64153,139,16,395.0,575.0,180.0
64154,78,11,750.0,835.0,85.0
64155,86,11,605.0,740.0,135.0
64156,139,16,985.0,1165.0,180.0
64157,114,16,340.0,560.0,220.0
64158,86,11,865.0,955.0,90.0
64159,83,10,1090.0,1190.0,100.0
64160,115,18,980.0,1205.0,225.0
64161,106,13,1220.0,1360.0,140.0
64162,83,12,495.0,595.0,100.0
64163,12,3,275.0,300.0,25.0
64164,106,13,350.0,465.0,115.0
64165,78,11,580.0,700.0,120.0
64167,185,32,230.0,595.0,365.0
64168,185,32,1000.0,1310.0,310.0
64201,73,13,250.0,355.0,105.0
64202,73,13,300.0,420.0,120.0
64203,73,13,440.0,540.0,100.0
64204,73,13,440.0,555.0,115.0
64205,73,13,575.0,675.0,100.0
64206,73,13,550.0,655.0,105.0
64207,73,13,680.0,780.0,100.0
64208,73,13,650.0,755.0,105.0
64209,73,14,840.0,975.0,135.0
64210,73,13,715.0,815.0,100.0
64211,73,13,960.0,1060.0,100.0
64212,73,13,845.0,945.0,100.0
64213,73,13,1220.0,1325.0,105.0
64214,85,16,1065.0,1195.0,130.0
64216,85,16,1265.0,1405.0,140.0
64221,164,22,1150.0,20.0,310.0
64222,164,22,390.0,675.0,285.0
64231,28,5,610.0,670.0,60.0
64232,28,5,690.0,755.0,65.0
64234,28,5,825.0,875.0,50.0
64235,101,17,410.0,610.0,200.0
64236,101,17,1130.0,1285.0,155.0
64251,73,13,340.0,430.0,90.0
64252,73,13,980.0,1085.0,105.0
64253,84,16,915.0,1055.0,140.0
64254,73,13,1335.0,5.0,110.0
64255,84,16,1110.0,1255.0,145.0
64257,73,13,1330.0,1435.0,105.0
64260,86,15,360.0,500.0,140.0
64271,36,10,800.0,890.0,90.0
64272,36,10,510.0,590.0,80.0
64273,36,10,995.0,1090.0,95.0
64274,36,10,1095.0,1185.0,90.0
64275,36,10,1195.0,1305.0,110.0
64281,139,18,450.0,660.0,210.0
64282,139,18,1005.0,1265.0,260.0
64401,19,5,625.0,670.0,45.0
64402,19,5,430.0,480.0,50.0
64403,19,5,1035.0,1080.0,45.0
64404,19,5,580.0,640.0,60.0
64406,19,5,560.0,610.0,50.0
64407,19,5,1100.0,1145.0,45.0
64408,19,5,610.0,660.0,50.0
64409,23,7,1360.0,1425.0,65.0
64410,25,8,1105.0,1155.0,50.0
64411,21,8,540.0,600.0,60.0
64412,19,5,1220.0,1265.0,45.0
64414,19,5,520.0,570.0,50.0
64415,25,6,1380.0,1425.0,45.0
64417,28,10,430.0,505.0,75.0
64418,28,10,1125.0,1200.0,75.0
64419,30,10,945.0,1030.0,85.0
64420,30,9,10.0,95.0,85.0
64421,25,6,250.0,295.0,45.0
64422,25,6,10.0,60.0,50.0
64423,25,7,590.0,635.0,45.0
64424,25,7,550.0,595.0,45.0
64425,25,8,770.0,820.0,50.0
64426,25,8,590.0,650.0,60.0
64427,25,8,910.0,960.0,50.0
64428,25,7,575.0,630.0,55.0
64429,25,8,990.0,1040.0,50.0
64430,25,7,650.0,700.0,50.0
64431,25,7,1000.0,1050.0,50.0
64432,25,7,840.0,890.0,50.0
64433,25,8,1010.0,1065.0,55.0
64434,28,10,680.0,750.0,70.0
64437,28,9,365.0,428.0,63.0
64439,28,9,490.0,558.0,68.0
64441,25,7,1040.0,1090.0,50.0
64443,28,10,1110.0,1200.0,90.0
64445,19,5,1165.0,1205.0,40.0
64449,25,8,510.0,560.0,50.0
64450,25,8,1070.0,1120.0,50.0
64451,88,18,1000.0,1155.0,155.0
64452,155,28,355.0,575.0,220.0
64453,88,18,1060.0,1190.0,130.0
64454,155,28,765.0,1030.0,265.0
64461,164,32,1090.0,1345.0,255.0
64462,164,32,335.0,585.0,250.0
64463,156,18,80.0,280.0,200.0
64464,89,19,310.0,450.0,140.0
64465,156,29,490.0,725.0,235.0
64466,89,19,1270.0,5.0,175.0
64470,89,19,400.0,535.0,135.0
64471,114,26,1025.0,1220.0,195.0
64472,114,26,360.0,555.0,195.0
64481,108,17,1200.0,1370.0,170.0
64482,41,7,275.0,330.0,55.0
64483,41,7,1375.0,0.0,65.0
64491,53,11,505.0,600.0,95.0
64492,53,11,1070.0,1160.0,90.0
64493,46,8,995.0,1060.0,65.0
64494,46,8,615.0,690.0,75.0
64496,89,14,1275.0,1410.0,135.0
64501,81,13,330.0,430.0,100.0
64502,81,13,730.0,835.0,105.0
64504,81,13,1170.0,1270.0,100.0
64511,238,32,400.0,750.0,350.0
64512,238,32,840.0,1200.0,360.0
64513,238,32,1000.0,1355.0,355.0
64514,157,20,355.0,570.0,215.0
64515,157,20,370.0,610.0,240.0
64516,157,20,690.0,950.0,260.0
64517,157,20,700.0,930.0,230.0
64518,157,20,1010.0,1265.0,255.0
64521,113,14,350.0,495.0,145.0
64522,113,14,980.0,1125.0,145.0
64523,113,14,515.0,690.0,175.0
64524,113,14,1070.0,1210.0,140.0
64531,88,17,345.0,475.0,130.0
64532,108,17,410.0,570.0,160.0
64533,88,18,770.0,905.0,135.0
64534,114,26,1050.0,1260.0,210.0
64536,88,18,595.0,755.0,160.0
64541,108,17,345.0,500.0,155.0
64542,108,17,1250.0,1390.0,140.0
64543,108,17,1070.0,1240.0,170.0
64545,41,7,620.0,695.0,75.0
64546,41,7,465.0,535.0,70.0
64547,41,7,1070.0,1150.0,80.0
64548,41,7,970.0,1025.0,55.0
64551,135,21,505.0,730.0,225.0
64552,135,19,805.0,1060.0,255.0
64553,153,24,335.0,580.0,245.0
64554,153,24,1065.0,1350.0,285.0
64555,59,11,595.0,715.0,120.0
64556,59,11,855.0,975.0,120.0
64557,180,28,1005.0,1310.0,305.0
64558,180,28,265.0,535.0,270.0
64559,180,28,800.0,1150.0,350.0
64560,180,28,295.0,570.0,275.0
64561,261,40,685.0,1160.0,475.0
64562,261,40,360.0,890.0,530.0
64563,215,23,455.0,760.0,305.0
64564,215,23,780.0,1180.0,400.0
64565,192,30,1075.0,1390.0,315.0
64566,192,30,260.0,575.0,315.0
64567,103,20,345.0,563.0,218.0
64568,103,20,1090.0,1310.0,220.0
64569,87,13,775.0,985.0,210.0
64570,89,13,570.0,705.0,135.0
64581,161,26,355.0,600.0,245.0
64582,161,26,1065.0,1305.0,240.0
64583,203,31,390.0,780.0,390.0
64584,203,32,775.0,1090.0,315.0
64585,5,2,1320.0,1345.0,25.0
64586,5,2,300.0,325.0,25.0
64587,225,29,845.0,1225.0,380.0
64588,225,29,405.0,785.0,380.0
64589,78,12,1150.0,1255.0,105.0
64590,78,12,360.0,485.0,125.0
64591,194,31,390.0,690.0,300.0
64592,194,31,880.0,1185.0,305.0
64593,77,13,440.0,565.0,125.0
64594,77,13,1095.0,1245.0,150.0
64595,152,20,960.0,1215.0,255.0
64596,152,20,445.0,670.0,225.0
64901,118,22,480.0,720.0,240.0
64902,119,22,900.0,1105.0,205.0
64903,158,27,345.0,620.0,275.0
64904,160,27,965.0,1225.0,260.0
64905,134,21,300.0,500.0,200.0
64906,77,17,1010.0,1180.0,170.0
64908,44,14,350.0,455.0,105.0
64910,148,26,1100.0,1330.0,230.0
64911,71,17,565.0,690.0,125.0
64912,71,17,430.0,555.0,125.0
64913,69,17,300.0,420.0,120.0
64914,69,17,810.0,945.0,135.0
64915,69,17,610.0,740.0,130.0
64916,69,17,1260.0,1390.0,130.0
64931,69,17,1115.0,1255.0,140.0
64932,69,17,950.0,1090.0,140.0
64951,83,15,850.0,1040.0,190.0
64952,83,15,640.0,825.0,185.0
64953,180,26,975.0,1260.0,285.0
64955,28,8,465.0,570.0,105.0
64956,28,8,810.0,905.0,95.0
64957,133,19,1095.0,1290.0,195.0
64958,137,19,265.0,435.0,170.0
64959,94,14,450.0,625.0,175.0
66000,21,7,280.0,325.0,45.0
66001,41,11,1240.0,1320.0,80.0
66002,21,7,375.0,420.0,45.0
66003,20,7,1265.0,1310.0,45.0
66004,21,7,400.0,445.0,45.0
66005,20,7,1310.0,1355.0,45.0
66006,21,11,1095.0,1140.0,45.0
66007,20,7,1380.0,1425.0,45.0
66008,68,14,650.0,775.0,125.0
66009,68,14,1365.0,50.0,125.0
66010,68,14,1195.0,1315.0,120.0
66011,68,14,950.0,1070.0,120.0
66012,41,11,1110.0,1190.0,80.0
66013,68,9,1065.0,1160.0,95.0
66014,77,11,965.0,1115.0,150.0
66015,68,14,440.0,545.0,105.0
66016,70,12,385.0,500.0,115.0
66017,140,18,1080.0,1285.0,205.0
66018,140,18,360.0,575.0,215.0
66019,202,27,365.0,675.0,310.0
66020,204,27,930.0,1245.0,315.0
66021,68,6,1150.0,1235.0,85.0
66022,62,13,440.0,550.0,110.0
66025,82,16,330.0,465.0,135.0
66026,82,21,720.0,840.0,120.0
66027,82,16,820.0,950.0,130.0
66028,82,21,1195.0,1315.0,120.0
66029,93,12,480.0,585.0,105.0
66030,93,12,600.0,705.0,105.0
66031,93,12,945.0,1045.0,100.0
66032,93,12,1070.0,1190.0,120.0
66033,131,16,690.0,890.0,200.0
66034,131,16,750.0,955.0,205.0
66035,82,16,465.0,595.0,130.0
66036,82,21,1115.0,1245.0,130.0
66037,93,10,605.0,720.0,115.0
66038,93,12,960.0,1100.0,140.0
66039,78,12,555.0,675.0,120.0
66040,68,14,1120.0,1230.0,110.0
66041,108,15,590.0,785.0,195.0
66042,108,11,825.0,1000.0,175.0
66043,95,11,505.0,665.0,160.0
66044,95,14,930.0,1070.0,140.0
66045,67,5,690.0,785.0,95.0
66046,67,5,835.0,915.0,80.0
66047,148,14,590.0,785.0,195.0
66048,146,15,810.0,1025.0,215.0
66049,78,12,1240.0,1405.0,165.0
66050,77,12,310.0,430.0,120.0
66051,20,7,845.0,885.0,40.0
66052,21,7,890.0,935.0,45.0
66053,42,12,1000.0,1090.0,90.0
66054,20,5,1330.0,1360.0,30.0
66300,155,25,465.0,720.0,255.0
66301,155,25,880.0,1135.0,255.0
66302,140,25,530.0,740.0,210.0
66303,142,25,745.0,955.0,210.0
66304,151,32,580.0,860.0,280.0
66305,151,32,990.0,1300.0,310.0
66307,155,25,350.0,590.0,240.0
66308,155,25,670.0,925.0,255.0
66309,142,17,1180.0,1400.0,220.0
66310,140,17,1250.0,25.0,215.0
66511,85,17,740.0,905.0,165.0
66512,86,16,480.0,630.0,150.0
66513,17,6,430.0,465.0,35.0
66514,73,15,915.0,1030.0,115.0
66515,74,14,1045.0,1155.0,110.0
66516,16,6,1165.0,1195.0,30.0
66517,16,6,1360.0,1395.0,35.0
66518,17,6,240.0,275.0,35.0
66519,86,11,285.0,460.0,175.0
66520,87,11,1215.0,1350.0,135.0
66523,98,16,1065.0,1225.0,160.0
66524,98,16,390.0,565.0,175.0
66527,34,5,1295.0,1340.0,45.0
66528,34,5,350.0,395.0,45.0
66529,102,16,405.0,580.0,175.0
66530,68,12,590.0,675.0,85.0
66531,68,12,760.0,860.0,100.0
66532,85,17,885.0,1030.0,145.0
66533,73,14,1040.0,1155.0,115.0
66534,92,13,1170.0,1285.0,115.0
66535,44,8,300.0,365.0,65.0
66536,44,9,455.0,520.0,65.0
66537,44,9,1045.0,1110.0,65.0
66538,44,9,1120.0,1185.0,65.0
66539,44,9,1195.0,1260.0,65.0
66540,44,9,1355.0,1430.0,75.0
66541,21,7,630.0,670.0,40.0
66542,21,7,525.0,580.0,55.0
66543,102,17,885.0,1035.0,150.0
66544,102,16,705.0,845.0,140.0
66600,100,15,1105.0,1250.0,145.0
66601,100,15,415.0,580.0,165.0
66602,159,22,545.0,780.0,235.0
66603,159,22,820.0,1070.0,250.0
66604,98,14,895.0,1060.0,165.0
66605,98,14,585.0,750.0,165.0
66606,58,8,435.0,530.0,95.0
66607,58,8,1090.0,1195.0,105.0
66608,158,22,870.0,1145.0,275.0
66609,159,22,465.0,745.0,280.0
66611,149,28,500.0,745.0,245.0
66612,150,28,910.0,1165.0,255.0
67247,121,17,795.0,1000.0,205.0
67248,103,18,1245.0,1400.0,155.0
67249,113,16,375.0,550.0,175.0
67250,113,16,1080.0,1260.0,180.0
67251,31,7,300.0,350.0,50.0
67253,31,7,370.0,425.0,55.0
67254,32,6,500.0,560.0,60.0
67255,25,5,570.0,615.0,45.0
67256,106,20,685.0,840.0,155.0
67257,106,20,755.0,955.0,200.0
67258,25,5,1010.0,1080.0,70.0
67259,32,6,1110.0,1175.0,65.0
67260,138,27,875.0,1080.0,205.0
67261,149,26,1100.0,1340.0,240.0
67262,149,24,225.0,455.0,230.0
67263,138,27,480.0,700.0,220.0
67264,163,18,580.0,825.0,245.0
67265,163,18,315.0,550.0,235.0
67266,143,17,1120.0,1320.0,200.0
67267,163,18,840.0,1085.0,245.0
67269,104,12,400.0,520.0,120.0
67270,104,12,1270.0,1410.0,140.0
67271,121,16,540.0,730.0,190.0
67272,122,18,1095.0,1255.0,160.0
67273,32,6,750.0,810.0,60.0
67274,32,6,850.0,910.0,60.0
67275,59,16,375.0,480.0,105.0
67276,59,16,540.0,655.0,115.0
67277,96,21,850.0,1015.0,165.0
67278,96,21,1030.0,1210.0,180.0
67279,154,19,905.0,1095.0,190.0
67280,154,19,585.0,790.0,205.0
67282,142,18,780.0,935.0,155.0
67291,60,10,375.0,450.0,75.0
67292,60,10,1085.0,1165.0,80.0
67293,60,10,965.0,1060.0,95.0
67294,130,18,485.0,635.0,150.0
67295,79,15,675.0,780.0,105.0
67296,97,11,1100.0,1217.0,117.0
67297,138,25,1115.0,1340.0,225.0
67298,138,25,310.0,550.0,240.0
67299,149,27,1035.0,1325.0,290.0
67300,149,28,270.0,535.0,265.0
68001,148,14,405.0,575.0,170.0
68003,215,23,600.0,830.0,230.0
68004,214,23,845.0,1102.0,257.0
68005,137,18,920.0,1115.0,195.0
68006,137,19,530.0,710.0,180.0
68007,188,43,1020.0,1305.0,285.0
68008,147,14,590.0,747.0,157.0
68009,62,9,1125.0,1200.0,75.0
68010,62,9,360.0,460.0,100.0
68011,137,18,1100.0,1260.0,160.0
68012,137,18,195.0,350.0,155.0
68013,137,19,340.0,500.0,160.0
68014,137,18,840.0,1030.0,190.0
68015,137,18,1265.0,1415.0,150.0
68016,137,18,260.0,420.0,160.0
68017,238,39,890.0,1345.0,455.0
68018,238,39,320.0,780.0,460.0
68019,284,40,365.0,790.0,425.0
68020,284,41,920.0,1285.0,365.0
68021,120,18,565.0,725.0,160.0
68022,120,18,750.0,910.0,160.0
68023,188,27,280.0,560.0,280.0
68024,189,27,590.0,835.0,245.0
68047,40,6,1290.0,1340.0,50.0
68048,40,6,370.0,425.0,55.0
68053,71,11,905.0,995.0,90.0
68054,70,11,1005.0,1090.0,85.0
68055,171,29,505.0,810.0,305.0
68056,170,29,525.0,800.0,275.0
68057,39,7,345.0,395.0,50.0
68058,39,7,435.0,490.0,55.0
68059,112,19,1125.0,1300.0,175.0
68060,112,19,905.0,1105.0,200.0
68063,41,9,305.0,370.0,65.0
68069,41,9,1120.0,1185.0,65.0
68070,41,9,1355.0,1415.0,60.0
68071,70,16,435.0,575.0,140.0
68072,40,9,1090.0,1155.0,65.0
68073,11,5,990.0,1015.0,25.0
68074,40,12,585.0,675.0,90.0
68075,29,5,1350.0,1385.0,35.0
68076,29,5,220.0,260.0,40.0
68077,40,9,815.0,890.0,75.0
68078,40,9,900.0,965.0,65.0
68079,37,7,695.0,785.0,90.0
68080,37,7,875.0,980.0,105.0
68081,53,8,240.0,295.0,55.0
68082,84,13,1275.0,1370.0,95.0
68088,121,19,840.0,1070.0,230.0
68089,155,20,700.0,860.0,160.0
68090,155,20,500.0,680.0,180.0
68091,51,9,997.0,1080.0,83.0
68092,51,7,415.0,495.0,80.0
68093,51,10,180.0,270.0,90.0
68094,51,10,850.0,945.0,95.0
68097,108,15,1215.0,1325.0,110.0
68098,108,15,1055.0,1170.0,115.0
68643,8,2,365.0,380.0,15.0
68644,8,2,390.0,405.0,15.0
68645,8,2,1025.0,1037.0,12.0
68646,8,2,1055.0,1070.0,15.0
68685,130,22,468.0,655.0,187.0
68686,117,18,340.0,485.0,145.0
68688,117,18,405.0,560.0,155.0
68689,117,18,1172.0,1325.0,153.0
68690,130,22,675.0,848.0,173.0
68701,48,10,290.0,345.0,55.0
68702,41,11,385.0,440.0,55.0
68703,48,10,455.0,510.0,55.0
68704,41,11,560.0,620.0,60.0
68705,109,18,510.0,640.0,130.0
68706,214,33,700.0,1095.0,395.0
68707,48,10,755.0,815.0,60.0
68708,34,11,1020.0,1080.0,60.0
68709,109,18,1040.0,1175.0,135.0
68710,102,19,340.0,475.0,135.0
68711,73,9,305.0,395.0,90.0
68712,73,9,1335.0,1420.0,85.0
68713,127,17,405.0,565.0,160.0
68714,126,17,635.0,830.0,195.0
68715,127,17,910.0,1060.0,150.0
68716,126,17,1110.0,1275.0,165.0
68717,48,10,1105.0,1160.0,55.0
68718,41,7,1190.0,1240.0,50.0
68719,112,15,1005.0,1145.0,140.0
68721,109,18,1150.0,1290.0,140.0
68723,73,9,1300.0,1405.0,105.0
68724,175,27,420.0,680.0,260.0
68725,48,10,1250.0,1310.0,60.0
68726,41,10,1325.0,1390.0,65.0
68727,112,15,1145.0,1290.0,145.0
68728,111,15,435.0,565.0,130.0
68729,109,18,1310.0,1435.0,125.0
68730,102,19,240.0,390.0,150.0
68731,97,15,1260.0,1395.0,135.0
68732,97,15,1110.0,1245.0,135.0
68733,97,15,800.0,940.0,140.0
68734,97,15,620.0,755.0,135.0
68735,135,18,450.0,600.0,150.0
68736,135,17,1250.0,1400.0,150.0
68737,135,18,925.0,1100.0,175.0
68738,133,15,640.0,785.0,145.0
68739,100,13,675.0,835.0,160.0
68740,100,13,450.0,625.0,175.0
68741,133,17,405.0,575.0,170.0
68742,133,17,1060.0,1240.0,180.0
68743,127,17,580.0,750.0,170.0
68744,126,17,865.0,1040.0,175.0
68745,209,29,350.0,665.0,315.0
68746,209,28,790.0,1080.0,290.0
68747,320,37,360.0,860.0,500.0
68748,318,37,890.0,1365.0,475.0
68749,215,25,570.0,910.0,340.0
68750,215,25,975.0,1320.0,345.0
69101,99,20,355.0,530.0,175.0
69102,99,20,1010.0,1205.0,195.0
69104,35,9,240.0,330.0,90.0
69105,63,13,185.0,310.0,125.0
69106,63,13,45.0,140.0,95.0
69107,99,20,1220.0,1410.0,190.0
69108,99,20,490.0,655.0,165.0
69109,128,23,970.0,1180.0,210.0
69110,128,24,690.0,880.0,190.0
69111,128,23,1065.0,1255.0,190.0
69112,128,23,345.0,545.0,200.0
69113,99,20,1190.0,1370.0,180.0
69114,99,20,320.0,500.0,180.0
69115,99,20,525.0,695.0,170.0
69116,63,7,145.0,225.0,80.0
69117,146,21,670.0,895.0,225.0
69118,147,21,980.0,1170.0,190.0
69119,146,21,1100.0,1330.0,230.0
69120,147,21,375.0,580.0,205.0
69121,72,11,1200.0,1315.0,115.0
69122,72,11,355.0,470.0,115.0
69123,78,13,600.0,730.0,130.0
69124,78,13,255.0,390.0,135.0
69125,78,13,1150.0,1280.0,130.0
69126,78,13,780.0,920.0,140.0
69127,63,13,1020.0,1125.0,105.0
69128,63,13,820.0,920.0,100.0
69129,63,13,340.0,455.0,115.0
69130,63,13,1150.0,1250.0,100.0
69131,31,5,730.0,795.0,65.0
69132,31,5,900.0,965.0,65.0
69133,29,6,450.0,500.0,50.0
69134,29,6,515.0,565.0,50.0
69135,29,6,1000.0,1050.0,50.0
69136,29,6,1065.0,1115.0,50.0
69137,35,8,1375.0,10.0,75.0
69138,35,8,1275.0,1345.0,70.0
69139,232,34,410.0,780.0,370.0
69140,206,30,1100.0,1390.0,290.0
69141,117,22,405.0,585.0,180.0
69142,117,22,1045.0,1225.0,180.0
69143,89,12,280.0,390.0,110.0
69144,89,12,1240.0,1350.0,110.0
69145,78,13,300.0,430.0,130.0
69146,78,13,510.0,645.0,135.0
69147,78,13,860.0,1000.0,140.0
69149,265,41,240.0,670.0,430.0
69150,265,42,845.0,1290.0,445.0
69151,68,13,925.0,1035.0,110.0
69152,68,13,560.0,685.0,125.0
69153,54,9,830.0,915.0,85.0
69154,54,9,700.0,775.0,75.0
69161,137,20,1130.0,1345.0,215.0
69164,137,19,330.0,535.0,205.0
69165,65,11,560.0,665.0,105.0
69166,65,11,1005.0,1105.0,100.0
69167,65,9,875.0,970.0,95.0
69168,65,11,730.0,825.0,95.0
69169,160,23,1110.0,1375.0,265.0
69171,58,11,1110.0,1205.0,95.0
69172,58,12,395.0,505.0,110.0
69173,63,8,1375.0,11.0,76.0
69174,89,10,295.0,395.0,100.0
69181,114,14,995.0,1125.0,130.0
69182,114,14,505.0,650.0,145.0
69183,44,6,1135.0,1190.0,55.0
69184,44,6,430.0,490.0,60.0
69185,54,8,1205.0,1290.0,85.0
69186,54,8,330.0,415.0,85.0
69187,114,14,1340.0,85.0,185.0
69188,114,14,95.0,265.0,170.0
69189,152,23,690.0,935.0,245.0
69190,153,23,780.0,1045.0,265.0
69191,95,17,1090.0,1285.0,195.0
69192,95,17,450.0,625.0,175.0
69195,61,6,395.0,490.0,95.0
69196,61,6,1080.0,1175.0,95.0
70101,115,12,1055.0,1225.0,170.0
70102,119,12,360.0,495.0,135.0
70103,115,12,570.0,770.0,200.0
70104,119,12,865.0,1030.0,165.0
70105,324,30,300.0,725.0,425.0
70106,326,30,900.0,1320.0,420.0
71081,41,6,770.0,830.0,60.0
71082,86,13,344.0,490.0,146.0
71083,41,6,935.0,995.0,60.0
71084,41,6,873.0,925.0,52.0
71085,41,6,1155.0,1207.0,52.0
71086,41,6,1075.0,1135.0,60.0
71088,51,8,515.0,585.0,70.0
71089,105,13,550.0,735.0,185.0
71092,105,17,315.0,475.0,160.0
71093,41,6,590.0,650.0,60.0
71094,41,6,690.0,750.0,60.0
71095,105,13,1200.0,1355.0,155.0
71096,105,13,940.0,1125.0,185.0
71401,43,6,325.0,405.0,80.0
71402,121,16,425.0,615.0,190.0
71403,77,11,580.0,690.0,110.0
71404,121,16,980.0,1180.0,200.0
71405,43,6,875.0,955.0,80.0
71407,77,11,632.0,755.0,123.0
71408,77,11,765.0,863.0,98.0
71409,77,11,880.0,1018.0,138.0
71410,77,11,1030.0,1130.0,100.0
71411,77,11,1205.0,1313.0,108.0
71413,265,32,1370.0,485.0,555.0
71414,265,33,700.0,1215.0,515.0
71415,265,33,495.0,950.0,455.0
71416,265,31,1380.0,395.0,455.0
71901,51,8,350.0,415.0,65.0
71902,51,8,450.0,525.0,75.0
71903,148,22,565.0,785.0,220.0
71904,148,22,830.0,1025.0,195.0
71905,51,8,1205.0,1305.0,100.0
71906,51,8,1335.0,1415.0,80.0
71907,148,22,1030.0,1260.0,230.0
71908,148,22,365.0,560.0,195.0
71909,136,15,1030.0,1235.0,205.0
71910,136,15,370.0,595.0,225.0
72171,18,4,395.0,430.0,35.0
72172,18,4,445.0,480.0,35.0
72173,18,4,535.0,570.0,35.0
72174,18,4,580.0,615.0,35.0
72175,18,4,920.0,955.0,35.0
72176,18,4,970.0,1005.0,35.0
72177,18,4,1015.0,1050.0,35.0
72178,18,4,1060.0,1095.0,35.0
72179,18,4,1165.0,1200.0,35.0
72180,18,4,1230.0,1265.0,35.0
72203,34,6,375.0,460.0,85.0
72204,35,6,470.0,555.0,85.0
72205,34,6,610.0,700.0,90.0
72206,35,6,710.0,800.0,90.0
72207,34,6,870.0,960.0,90.0
72208,35,6,975.0,1060.0,85.0
72209,34,6,1125.0,1205.0,80.0
72210,35,6,1215.0,1295.0,80.0
72451,95,3,300.0,560.0,260.0
72452,95,3,1015.0,1285.0,270.0
73011,111,19,975.0,1125.0,150.0
73012,111,19,445.0,595.0,150.0
73021,59,11,325.0,435.0,110.0
73022,59,11,1170.0,1270.0,100.0
73031,65,13,885.0,995.0,110.0
73032,65,13,640.0,760.0,120.0
73033,44,9,1350.0,1425.0,75.0
73034,44,9,324.0,410.0,86.0
73035,127,23,780.0,1000.0,220.0
73036,127,23,270.0,484.0,214.0
73037,54,10,180.0,250.0,70.0
73038,54,10,1095.0,1185.0,90.0
73151,261,48,335.0,755.0,420.0
73152,261,48,810.0,1220.0,410.0
73211,10,5,1310.0,1375.0,65.0
73212,10,5,295.0,350.0,55.0
73213,19,12,395.0,510.0,115.0
73214,19,12,1160.0,1305.0,145.0
73215,6,7,690.0,740.0,50.0
73216,6,7,900.0,945.0,45.0
73261,64,12,390.0,570.0,180.0
73262,64,12,730.0,940.0,210.0
73263,64,12,1005.0,1160.0,155.0
73264,64,12,1180.0,1385.0,205.0
73421,45,13,450.0,532.0,82.0
73422,44,13,555.0,630.0,75.0
73425,45,10,1200.0,1285.0,85.0
73426,45,10,1325.0,1395.0,70.0
73427,45,11,190.0,280.0,90.0
73428,45,11,330.0,408.0,78.0
73429,47,13,745.0,830.0,85.0
73430,47,14,638.0,725.0,87.0
73451,56,10,425.0,530.0,105.0
73452,56,10,300.0,405.0,105.0
73453,56,10,912.0,1005.0,93.0
73454,56,10,780.0,885.0,105.0
73461,28,5,635.0,695.0,60.0
73462,28,5,555.0,615.0,60.0
73463,28,5,1110.0,1170.0,60.0
73464,28,5,1030.0,1090.0,60.0
73538,132,18,865.0,1090.0,225.0
73539,132,18,395.0,615.0,220.0
73581,61,9,625.0,735.0,110.0
73582,61,9,745.0,855.0,110.0
73901,39,2,220.0,290.0,70.0
73902,39,2,310.0,390.0,80.0
73903,39,2,980.0,1045.0,65.0
73904,39,2,1090.0,1165.0,75.0
73905,39,2,735.0,790.0,55.0
73911,28,6,315.0,385.0,70.0
73912,28,2,224.0,298.0,74.0
73913,28,2,1085.0,1165.0,80.0
73914,28,6,980.0,1050.0,70.0
73916,28,2,753.0,825.0,72.0
74001,82,18,1205.0,1355.0,150.0
74002,82,18,1020.0,1175.0,155.0
74003,82,18,830.0,990.0,160.0
74004,82,18,330.0,495.0,165.0
74011,69,17,1220.0,1355.0,135.0
74012,69,17,255.0,410.0,155.0
74013,246,41,995.0,1400.0,405.0
74014,247,41,270.0,680.0,410.0
74015,138,16,430.0,610.0,180.0
74016,138,16,975.0,1160.0,185.0
74017,81,8,1190.0,1295.0,105.0
74018,81,8,305.0,410.0,105.0
74019,89,14,810.0,960.0,150.0
74020,89,14,630.0,785.0,155.0
74021,163,36,455.0,765.0,310.0
74022,93,24,340.0,560.0,220.0
74023,93,24,1200.0,1380.0,180.0
74024,163,36,795.0,1110.0,315.0
74025,93,24,245.0,455.0,210.0
74026,93,24,600.0,805.0,205.0
74027,54,15,930.0,1065.0,135.0
74028,54,15,1135.0,1280.0,145.0
74029,89,14,645.0,810.0,165.0
74030,89,14,390.0,545.0,155.0
74031,11,3,380.0,405.0,25.0
74032,47,11,420.0,520.0,100.0
74033,47,11,530.0,625.0,95.0
74034,11,3,640.0,665.0,25.0
74035,11,3,915.0,940.0,25.0
74036,47,11,975.0,1070.0,95.0
74037,47,11,1080.0,1175.0,95.0
74038,11,3,1190.0,1215.0,25.0
74201,172,25,300.0,645.0,345.0
74202,172,25,990.0,1285.0,295.0
74301,47,9,495.0,630.0,135.0
74302,47,8,335.0,455.0,120.0
74303,47,9,800.0,920.0,120.0
74304,47,9,660.0,780.0,120.0
74305,47,9,1160.0,1295.0,135.0
74306,47,9,960.0,1110.0,150.0
74601,49,6,370.0,465.0,95.0
74602,49,6,475.0,570.0,95.0
74603,49,6,580.0,675.0,95.0
74604,49,6,690.0,785.0,95.0
74605,49,6,795.0,890.0,95.0
74606,49,6,905.0,1000.0,95.0
74607,49,6,1010.0,1105.0,95.0
74608,49,6,1115.0,1210.0,95.0
74611,89,12,1140.0,1260.0,120.0
74612,89,12,980.0,1100.0,120.0
74613,45,6,440.0,500.0,60.0
74614,134,17,510.0,695.0,185.0
74615,134,17,705.0,905.0,200.0
74616,45,6,915.0,970.0,55.0
74617,45,6,915.0,980.0,65.0
74618,45,6,630.0,690.0,60.0
74619,134,9,445.0,620.0,175.0
74620,134,9,995.0,1135.0,140.0
74621,45,6,1095.0,1155.0,60.0
74622,45,6,1075.0,1130.0,55.0
74623,45,6,640.0,695.0,55.0
74624,45,6,1175.0,1240.0,65.0
74625,134,17,390.0,560.0,170.0
74626,134,17,440.0,640.0,200.0
74627,134,17,885.0,1065.0,180.0
74628,134,17,570.0,760.0,190.0
74629,134,17,1045.0,1225.0,180.0
74630,134,17,705.0,875.0,170.0
74631,89,12,650.0,790.0,140.0
74632,89,12,905.0,1035.0,130.0
74633,89,12,775.0,900.0,125.0
74634,89,12,1140.0,1265.0,125.0
74635,89,12,495.0,615.0,120.0
74636,89,12,360.0,485.0,125.0
74637,89,12,575.0,715.0,140.0
74638,89,12,425.0,565.0,140.0
74639,89,12,965.0,1090.0,125.0
74640,89,12,830.0,955.0,125.0
74641,68,10,560.0,655.0,95.0
74642,78,12,1160.0,1280.0,120.0
74643,78,12,1030.0,1140.0,110.0
74644,78,11,1305.0,1435.0,130.0
74645,170,22,880.0,1150.0,270.0
74646,170,21,300.0,615.0,315.0
74647,56,8,1255.0,1340.0,85.0
74648,77,10,1180.0,1345.0,165.0
74651,53,9,260.0,350.0,90.0
74652,45,8,365.0,450.0,85.0
74653,45,8,597.0,675.0,78.0
74654,45,8,680.0,765.0,85.0
74655,45,8,823.0,905.0,82.0
74656,45,8,920.0,1005.0,85.0
74657,45,8,1052.0,1130.0,78.0
74658,53,9,1155.0,1265.0,110.0
74661,25,4,450.0,490.0,40.0
74662,25,4,500.0,545.0,45.0
74663,25,4,1100.0,1140.0,40.0
74664,25,4,1150.0,1200.0,50.0
74671,106,17,735.0,940.0,205.0
74672,106,17,255.0,440.0,185.0
74673,98,16,912.0,1090.0,178.0
74674,98,16,725.0,875.0,150.0
74675,106,16,1225.0,1390.0,165.0
74676,106,16,1120.0,1295.0,175.0
74681,77,5,400.0,535.0,135.0
74682,77,5,260.0,390.0,130.0
74683,72,4,680.0,800.0,120.0
74684,77,5,550.0,675.0,125.0
74685,72,4,945.0,1070.0,125.0
74686,72,4,827.0,940.0,113.0
74687,77,5,1215.0,1345.0,130.0
74688,72,4,1097.0,1210.0,113.0
74691,58,6,790.0,900.0,110.0
74692,58,6,935.0,1090.0,155.0
74801,14,2,345.0,380.0,35.0
74802,14,2,300.0,335.0,35.0
74803,14,2,500.0,530.0,30.0
74804,14,2,460.0,490.0,30.0
74805,14,2,585.0,615.0,30.0
74806,14,2,550.0,580.0,30.0
74807,14,2,700.0,730.0,30.0
74808,14,2,660.0,690.0,30.0
74809,14,2,895.0,925.0,30.0
74810,14,2,855.0,885.0,30.0
74811,14,2,1005.0,1035.0,30.0
74812,14,2,970.0,1000.0,30.0
74813,14,2,1125.0,1155.0,30.0
74814,14,2,1085.0,1115.0,30.0
74815,14,2,1230.0,1260.0,30.0
74816,14,2,1190.0,1220.0,30.0
74817,14,2,1345.0,1375.0,30.0
74818,14,2,1305.0,1335.0,30.0
74831,185,19,600.0,865.0,265.0
74832,185,19,835.0,1055.0,220.0
74833,313,29,1110.0,60.0,390.0
74834,313,29,170.0,550.0,380.0
74835,471,49,690.0,1355.0,665.0
74836,471,49,315.0,990.0,675.0
74837,348,39,1035.0,230.0,635.0
74838,348,39,255.0,780.0,525.0
74839,208,24,825.0,1110.0,285.0
74840,209,24,30.0,315.0,285.0
74841,302,35,380.0,825.0,445.0
74842,303,35,875.0,1320.0,445.0
74843,208,24,1350.0,210.0,300.0
74844,209,24,255.0,545.0,290.0
74845,211,28,450.0,755.0,305.0
74846,211,28,830.0,1145.0,315.0
74847,211,28,1160.0,20.0,300.0
74848,211,28,95.0,415.0,320.0
74849,48,8,525.0,600.0,75.0
74850,47,8,615.0,685.0,70.0
74851,48,8,785.0,860.0,75.0
74852,47,8,880.0,950.0,70.0
74853,48,8,1015.0,1090.0,75.0
74854,47,8,1105.0,1175.0,70.0
74855,142,14,340.0,495.0,155.0
74856,142,14,1195.0,1380.0,185.0
74857,90,9,450.0,575.0,125.0
74858,90,9,1060.0,1185.0,125.0
74901,115,18,530.0,705.0,175.0
74902,115,18,335.0,515.0,180.0
74903,115,18,1115.0,1285.0,170.0
74904,115,18,1045.0,1235.0,190.0
74906,53,6,495.0,585.0,90.0
74907,53,6,1050.0,1145.0,95.0
74909,152,19,285.0,570.0,285.0
74910,152,19,935.0,1180.0,245.0
74911,42,7,240.0,320.0,80.0
74912,42,7,200.0,275.0,75.0
74913,42,7,475.0,550.0,75.0
74914,42,7,395.0,465.0,70.0
74915,42,7,885.0,955.0,70.0
74916,42,7,990.0,1050.0,60.0
74917,42,7,1055.0,1120.0,65.0
74918,42,7,1135.0,1210.0,75.0
74919,42,7,1220.0,1290.0,70.0
74920,42,7,1280.0,1365.0,85.0
74923,121,18,290.0,515.0,225.0
74924,111,16,700.0,875.0,175.0
74931,117,18,300.0,500.0,200.0
74932,117,15,185.0,360.0,175.0
74933,117,18,400.0,585.0,185.0
74934,117,18,295.0,510.0,215.0
74935,117,18,535.0,755.0,220.0
74936,117,18,800.0,1000.0,200.0
74937,117,18,1055.0,1245.0,190.0
74938,117,18,910.0,1105.0,195.0
74939,117,14,1300.0,35.0,175.0
74940,117,18,1060.0,1240.0,180.0
74941,31,2,430.0,490.0,60.0
74942,31,2,360.0,420.0,60.0
74943,31,2,600.0,660.0,60.0
74944,31,2,530.0,590.0,60.0
74945,31,2,960.0,1020.0,60.0
74946,31,2,890.0,950.0,60.0
74947,31,2,1105.0,1165.0,60.0
74948,31,2,1035.0,1095.0,60.0
74951,87,17,625.0,825.0,200.0
74952,87,17,415.0,610.0,195.0
74953,87,17,1025.0,1210.0,185.0
74954,87,17,840.0,1015.0,175.0
74961,123,20,300.0,500.0,200.0
74962,123,20,525.0,735.0,210.0
74963,123,20,800.0,1010.0,210.0
74964,123,20,1100.0,1305.0,205.0
74965,77,15,325.0,455.0,130.0
74966,77,15,490.0,610.0,120.0
74967,77,15,620.0,750.0,130.0
74968,77,15,760.0,880.0,120.0
74969,77,15,900.0,1030.0,130.0
74970,77,15,1040.0,1175.0,135.0
74971,88,14,520.0,645.0,125.0
74972,88,14,370.0,510.0,140.0
74973,88,14,615.0,755.0,140.0
74974,88,14,655.0,785.0,130.0
74975,88,14,795.0,955.0,160.0
74976,88,14,765.0,895.0,130.0
74977,88,14,1060.0,1195.0,135.0
74978,88,14,900.0,1045.0,145.0
74981,80,13,240.0,360.0,120.0
74982,80,13,630.0,750.0,120.0
74983,80,13,770.0,885.0,115.0
74984,80,13,1205.0,1320.0,115.0
74985,122,19,430.0,615.0,185.0
74986,122,18,180.0,345.0,165.0
74987,122,14,1280.0,1435.0,155.0
74988,122,19,970.0,1170.0,200.0
74991,215,23,860.0,1190.0,330.0
74992,215,23,360.0,790.0,430.0
74993,41,7,745.0,815.0,70.0
74994,41,7,630.0,685.0,55.0
75002,220,36,160.0,535.0,375.0
75003,112,22,590.0,775.0,185.0
75004,112,22,795.0,1015.0,220.0
75005,221,36,1065.0,45.0,420.0
75007,220,24,960.0,1320.0,360.0
75008,220,24,500.0,890.0,390.0
75009,127,22,660.0,860.0,200.0
75010,98,18,890.0,1030.0,140.0
75011,138,24,1080.0,1330.0,250.0
75012,166,27,310.0,615.0,305.0
75013,81,19,375.0,555.0,180.0
75014,81,19,585.0,775.0,190.0
75015,81,19,830.0,1035.0,205.0
75016,81,19,1120.0,1305.0,185.0
75101,136,22,285.0,500.0,215.0
75102,136,22,1060.0,1290.0,230.0
75103,126,20,805.0,1000.0,195.0
75104,117,20,540.0,785.0,245.0
75105,214,37,805.0,1225.0,420.0
75106,214,37,345.0,750.0,405.0
75107,118,22,1000.0,1225.0,225.0
75109,88,14,805.0,955.0,150.0
75111,154,25,485.0,800.0,315.0
75112,156,25,815.0,1150.0,335.0
75113,156,24,335.0,625.0,290.0
75114,156,24,830.0,1195.0,365.0
75115,203,30,255.0,620.0,365.0
75116,203,30,1050.0,25.0,415.0
75201,53,13,440.0,535.0,95.0
75202,53,12,565.0,690.0,125.0
75207,169,23,285.0,660.0,375.0
75208,169,22,720.0,1060.0,340.0
75209,105,16,825.0,1095.0,270.0
75210,105,16,1275.0,60.0,225.0
75211,111,19,1170.0,1420.0,250.0
75212,111,19,200.0,475.0,275.0
75213,29,5,1435.0,90.0,95.0
75214,29,5,165.0,225.0,60.0
75221,53,12,900.0,1065.0,165.0
75222,53,13,1095.0,1220.0,125.0
75225,187,23,220.0,615.0,395.0
75226,187,23,1050.0,1410.0,360.0
75227,187,29,1031.0,1410.0,379.0
75228,150,16,245.0,545.0,300.0
75229,150,16,615.0,915.0,300.0
75230,187,31,570.0,965.0,395.0
75231,129,18,575.0,830.0,255.0
75232,129,20,935.0,1260.0,325.0
75233,82,9,645.0,795.0,150.0
75234,82,9,835.0,990.0,155.0
75235,87,13,1025.0,1180.0,155.0
75236,87,13,340.0,560.0,220.0
75237,159,20,1315.0,105.0,230.0
75238,159,19,180.0,460.0,280.0
75253,37,8,515.0,590.0,75.0
75254,37,8,485.0,580.0,95.0
75255,132,14,710.0,960.0,250.0
75256,132,14,1005.0,1260.0,255.0
75271,97,17,450.0,630.0,180.0
75272,97,17,660.0,825.0,165.0
75273,97,17,855.0,1035.0,180.0
75274,97,17,1065.0,1245.0,180.0
75279,54,7,1345.0,1425.0,80.0
75280,54,5,315.0,477.0,162.0
75707,217,28,375.0,725.0,350.0
75708,217,28,1020.0,1365.0,345.0
75713,181,20,945.0,1245.0,300.0
75714,181,20,390.0,690.0,300.0
75715,210,30,300.0,675.0,375.0
75716,210,30,750.0,1150.0,400.0
75717,183,29,975.0,1320.0,345.0
75718,183,29,300.0,665.0,365.0
75719,251,45,525.0,945.0,420.0
75720,251,44,615.0,1035.0,420.0
75721,63,12,1035.0,1160.0,125.0
75722,64,12,465.0,600.0,135.0
75723,208,19,315.0,565.0,250.0
75724,208,19,1020.0,1285.0,265.0
75727,100,8,585.0,730.0,145.0
75728,100,7,800.0,960.0,160.0
75729,167,16,990.0,1260.0,270.0
75730,166,16,360.0,625.0,265.0
75733,33,8,500.0,590.0,90.0
75734,33,8,390.0,475.0,85.0
75735,33,8,735.0,825.0,90.0
75736,33,8,620.0,710.0,90.0
75737,33,8,975.0,1065.0,90.0
75738,33,8,855.0,945.0,90.0
75739,33,8,1225.0,1315.0,90.0
75740,33,8,1110.0,1195.0,85.0
75743,204,33,1095.0,10.0,355.0
75744,204,33,240.0,605.0,365.0
75745,107,19,690.0,865.0,175.0
75746,108,19,920.0,1100.0,180.0
75747,40,11,1275.0,1365.0,90.0
75748,40,11,225.0,305.0,80.0
75749,61,15,500.0,645.0,145.0
75750,61,15,900.0,1030.0,130.0
75901,54,4,300.0,390.0,90.0
75902,101,14,420.0,615.0,195.0
75903,101,14,1065.0,1260.0,195.0
75904,54,4,1280.0,1355.0,75.0
75905,47,4,320.0,400.0,80.0
75906,101,14,425.0,620.0,195.0
75907,101,14,1065.0,1270.0,205.0
75908,47,4,1290.0,1365.0,75.0
75911,40,8,395.0,480.0,85.0
75912,39,8,500.0,585.0,85.0
76501,17,2,395.0,425.0,30.0
76502,17,2,360.0,390.0,30.0
76503,17,2,790.0,820.0,30.0
76504,17,2,825.0,870.0,45.0
76505,81,12,1075.0,1215.0,140.0
76506,81,10,435.0,580.0,145.0
76507,64,10,700.0,785.0,85.0
76508,68,11,930.0,1055.0,125.0
76523,62,9,895.0,990.0,95.0
76524,61,9,1070.0,1160.0,90.0
76525,201,31,975.0,1260.0,285.0
76526,201,31,360.0,665.0,305.0
76551,157,22,510.0,780.0,270.0
76552,157,22,825.0,1080.0,255.0
76553,150,15,1110.0,1300.0,190.0
76554,150,15,300.0,490.0,190.0
76800,26,9,715.0,770.0,55.0
76803,26,9,345.0,400.0,55.0
76804,26,9,1010.0,1065.0,55.0
76805,93,12,390.0,550.0,160.0
76806,93,12,1050.0,1200.0,150.0
76807,150,14,605.0,800.0,195.0
76808,150,14,840.0,1035.0,195.0
76812,94,19,360.0,555.0,195.0
76813,28,4,570.0,635.0,65.0
76814,10,2,650.0,675.0,25.0
76815,94,19,1070.0,1250.0,180.0
76817,10,2,685.0,710.0,25.0
76818,27,6,960.0,1050.0,90.0
76820,49,8,70.0,150.0,80.0
76821,49,9,400.0,490.0,90.0
76822,49,9,510.0,590.0,80.0
76823,49,9,340.0,425.0,85.0
76824,49,9,730.0,810.0,80.0
76825,70,16,1080.0,1190.0,110.0
76826,70,16,675.0,790.0,115.0
76827,49,9,845.0,935.0,90.0
76828,49,9,1230.0,1315.0,85.0
76829,49,9,1195.0,1280.0,85.0
76830,89,10,410.0,550.0,140.0
76831,89,10,1095.0,1220.0,125.0
76833,75,15,575.0,695.0,120.0
76834,75,15,930.0,1055.0,125.0
76835,75,18,1095.0,1225.0,130.0
76836,75,18,420.0,555.0,135.0
76837,127,11,1080.0,1295.0,215.0
76838,127,11,400.0,575.0,175.0
76839,89,10,945.0,1075.0,130.0
76840,89,10,590.0,710.0,120.0
76841,180,26,375.0,660.0,285.0
76842,180,27,940.0,1230.0,290.0
76845,122,23,360.0,540.0,180.0
76846,122,23,1095.0,1300.0,205.0
76847,139,17,360.0,545.0,185.0
76848,139,17,1120.0,1320.0,200.0
76849,139,17,820.0,1010.0,190.0
76850,139,17,590.0,770.0,180.0
76851,145,26,395.0,700.0,305.0
76852,145,25,990.0,1250.0,260.0
76853,134,25,910.0,1170.0,260.0
76854,134,25,610.0,850.0,240.0
77201,44,4,170.0,235.0,65.0
77202,94,15,270.0,445.0,175.0
77203,94,21,470.0,675.0,205.0
77204,94,21,945.0,1135.0,190.0
77205,30,8,955.0,1025.0,70.0
77206,109,20,1275.0,75.0,240.0
77207,81,14,215.0,355.0,140.0
77208,80,12,175.0,350.0,175.0
77209,36,8,530.0,595.0,65.0
77211,36,8,775.0,830.0,55.0
77212,81,18,435.0,585.0,150.0
77213,44,11,845.0,930.0,85.0
77214,44,11,685.0,770.0,85.0
77215,81,18,970.0,1120.0,150.0
77216,36,8,870.0,935.0,65.0
77218,81,18,1040.0,1205.0,165.0
77219,36,8,1235.0,1320.0,85.0
77220,36,7,1160.0,1225.0,65.0
77221,32,6,375.0,435.0,60.0
77222,59,12,445.0,545.0,100.0
77223,59,12,555.0,655.0,100.0
77224,59,12,665.0,770.0,105.0
77225,33,8,780.0,840.0,60.0
77226,33,8,855.0,915.0,60.0
77227,33,8,925.0,985.0,60.0
77228,33,8,995.0,1055.0,60.0
77229,59,12,1065.0,1190.0,125.0
77230,32,6,1210.0,1295.0,85.0
77231,109,24,435.0,650.0,215.0
77232,65,14,325.0,465.0,140.0
77233,29,6,680.0,740.0,60.0
77234,36,8,615.0,680.0,65.0
77235,36,8,960.0,1025.0,65.0
77237,70,18,450.0,595.0,145.0
77238,68,18,735.0,875.0,140.0
77239,47,10,950.0,1045.0,95.0
77240,46,12,1105.0,1190.0,85.0
77241,99,21,1185.0,1385.0,200.0
77242,68,15,265.0,430.0,165.0
77243,49,12,1035.0,1180.0,145.0
77244,46,9,1305.0,1395.0,90.0
77245,25,5,1270.0,1315.0,45.0
77246,33,7,1360.0,1420.0,60.0
77247,33,6,240.0,300.0,60.0
77248,169,23,310.0,585.0,275.0
77249,143,19,605.0,820.0,215.0
77250,25,5,840.0,885.0,45.0
77251,141,14,480.0,705.0,225.0
77252,144,14,915.0,1135.0,220.0
77253,145,13,730.0,1005.0,275.0
77254,146,14,600.0,830.0,230.0
77255,142,14,480.0,670.0,190.0
77256,144,14,690.0,870.0,180.0
77257,83,5,1080.0,1320.0,240.0
77258,83,5,1150.0,1360.0,210.0
77259,148,8,285.0,475.0,190.0
77260,148,8,875.0,1170.0,295.0
77261,81,18,510.0,695.0,185.0
77262,81,18,710.0,850.0,140.0
77263,44,9,1020.0,1105.0,85.0
77264,94,19,1120.0,1320.0,200.0
77265,76,11,260.0,405.0,145.0
77266,46,12,450.0,530.0,80.0
77267,65,13,940.0,1055.0,115.0
77268,44,9,1140.0,1230.0,90.0
77269,81,18,1300.0,10.0,150.0
77270,81,18,270.0,435.0,165.0
77271,44,12,570.0,690.0,120.0
77272,44,12,720.0,840.0,120.0
77273,47,3,405.0,475.0,70.0
77274,47,3,875.0,990.0,115.0
77281,31,8,585.0,635.0,50.0
77282,25,5,640.0,710.0,70.0
77283,32,6,730.0,795.0,65.0
77284,32,6,950.0,1010.0,60.0
77285,25,5,1020.0,1075.0,55.0
77286,31,8,1080.0,1140.0,60.0
77287,31,8,1165.0,1215.0,50.0
77288,25,5,1220.0,1260.0,40.0
77289,32,6,1270.0,1335.0,65.0
77290,25,5,915.0,960.0,45.0
77291,177,23,825.0,1135.0,310.0
77292,178,25,480.0,770.0,290.0
77293,70,17,885.0,1030.0,145.0
77294,98,25,480.0,705.0,225.0
77295,171,36,760.0,1155.0,395.0
77297,130,17,1070.0,1305.0,235.0
77298,272,45,330.0,880.0,550.0
77401,161,12,360.0,600.0,240.0
77402,161,12,720.0,950.0,230.0
77403,161,12,960.0,1195.0,235.0
77404,161,12,1205.0,1430.0,225.0
77405,14,3,610.0,655.0,45.0
77406,14,3,665.0,710.0,45.0
77414,121,13,280.0,450.0,170.0
77415,122,15,490.0,660.0,170.0
77416,49,9,720.0,805.0,85.0
77417,50,9,845.0,925.0,80.0
77418,197,22,945.0,1260.0,315.0
77419,197,21,390.0,695.0,305.0
77601,26,14,245.0,325.0,80.0
77602,39,23,335.0,445.0,110.0
77603,40,17,370.0,455.0,85.0
77604,25,20,475.0,535.0,60.0
77605,27,21,390.0,460.0,70.0
77606,40,17,525.0,600.0,75.0
77607,26,14,610.0,675.0,65.0
77608,26,14,695.0,755.0,60.0
77609,53,26,610.0,745.0,135.0
77610,40,17,795.0,880.0,85.0
77611,13,11,770.0,805.0,35.0
77612,13,11,930.0,975.0,45.0
77613,40,17,890.0,960.0,70.0
77614,40,17,1015.0,1097.0,82.0
77615,26,14,1005.0,1075.0,70.0
77616,26,14,1130.0,1225.0,95.0
77617,40,17,1102.0,1175.0,73.0
77618,40,17,1195.0,1280.0,85.0
77619,26,14,1245.0,1315.0,70.0
77622,52,7,40.0,120.0,80.0
77623,52,7,300.0,385.0,85.0
77630,27,14,250.0,310.0,60.0
77631,13,4,540.0,565.0,25.0
77632,13,4,730.0,755.0,25.0
77633,13,4,880.0,898.0,18.0
77634,13,4,1015.0,1035.0,20.0
77635,13,4,1125.0,1160.0,35.0
77638,13,4,1245.0,1265.0,20.0
77640,13,4,367.0,386.0,19.0
77641,13,4,570.0,588.0,18.0
77642,13,4,835.0,855.0,20.0
77643,13,4,925.0,945.0,20.0
77645,27,14,1040.0,1097.0,57.0
77647,13,4,1200.0,1240.0,40.0
77649,27,14,1400.0,10.0,50.0
77651,108,8,375.0,600.0,225.0
77652,108,8,630.0,855.0,225.0
77653,52,4,810.0,900.0,90.0
77654,52,4,915.0,1005.0,90.0
77655,108,8,885.0,1110.0,225.0
77656,108,8,1140.0,1365.0,225.0
77657,253,19,345.0,750.0,405.0
77658,253,19,820.0,1260.0,440.0
77671,105,17,1310.0,10.0,140.0
77672,105,21,405.0,550.0,145.0
77673,154,18,1020.0,1275.0,255.0
77674,154,18,560.0,805.0,245.0
77675,154,17,1155.0,1375.0,220.0
77676,59,6,1405.0,170.0,205.0
77677,59,6,255.0,330.0,75.0
77678,154,17,340.0,560.0,220.0
77679,39,23,515.0,625.0,110.0
77680,39,23,635.0,710.0,75.0
77681,39,23,795.0,885.0,90.0
77682,39,23,1010.0,1085.0,75.0
77683,151,14,345.0,570.0,225.0
77684,151,14,1065.0,1260.0,195.0
77689,57,5,890.0,990.0,100.0
77690,57,5,775.0,870.0,95.0
77691,151,14,875.0,1035.0,160.0
77693,237,22,380.0,745.0,365.0
77694,237,21,1020.0,1380.0,360.0
77695,129,14,375.0,615.0,240.0
77696,129,14,1060.0,1330.0,270.0
78009,55,8,1335.0,1420.0,85.0
78010,55,8,195.0,280.0,85.0
78011,55,8,395.0,475.0,80.0
78012,72,11,485.0,595.0,110.0
78013,69,10,610.0,705.0,95.0
78014,17,5,765.0,812.0,47.0
78015,17,5,707.0,755.0,48.0
78016,69,10,814.0,910.0,96.0
78017,69,10,920.0,1020.0,100.0
78018,17,5,1085.0,1140.0,55.0
78019,17,5,1022.0,1075.0,53.0
78020,51,7,1143.0,1220.0,77.0
78031,116,9,360.0,625.0,265.0
78032,116,9,640.0,905.0,265.0
78033,147,19,915.0,1125.0,210.0
78034,147,19,1140.0,1360.0,220.0
78051,113,26,244.0,415.0,171.0
78052,113,26,300.0,465.0,165.0
78053,113,26,484.0,650.0,166.0
78054,113,26,530.0,700.0,170.0
78055,113,26,744.0,915.0,171.0
78056,113,26,800.0,965.0,165.0
78057,40,8,1010.0,1070.0,60.0
78058,40,8,945.0,1000.0,55.0
78059,113,26,1024.0,1195.0,171.0
78060,113,26,1080.0,1244.0,164.0
78061,113,26,1264.0,1425.0,161.0
78101,96,15,310.0,435.0,125.0
78102,96,15,1035.0,1165.0,130.0
78103,150,23,440.0,675.0,235.0
78104,150,23,700.0,965.0,265.0
78502,27,8,590.0,650.0,60.0
78503,165,28,1055.0,1310.0,255.0
78504,165,28,345.0,565.0,220.0
78505,73,10,1325.0,1425.0,100.0
78511,16,4,365.0,405.0,40.0
78512,16,4,410.0,450.0,40.0
78513,16,4,460.0,500.0,40.0
78514,16,4,505.0,545.0,40.0
78515,16,4,630.0,670.0,40.0
78516,16,4,680.0,720.0,40.0
78517,16,4,930.0,970.0,40.0
78518,16,4,980.0,1020.0,40.0
78519,16,4,1030.0,1070.0,40.0
78520,16,4,1080.0,1120.0,40.0
78531,60,10,510.0,595.0,85.0
78534,142,18,1225.0,1410.0,185.0
78801,89,16,270.0,420.0,150.0
78802,87,16,470.0,610.0,140.0
78803,89,16,540.0,695.0,155.0
78804,87,16,705.0,845.0,140.0
78805,89,16,885.0,1025.0,140.0
78806,87,16,1050.0,1205.0,155.0
78807,60,12,1110.0,1215.0,105.0
78808,58,12,1230.0,1325.0,95.0
78809,89,16,1350.0,50.0,140.0
78810,87,16,330.0,470.0,140.0
78811,47,9,255.0,335.0,80.0
78812,46,9,355.0,435.0,80.0
78813,47,9,635.0,715.0,80.0
78814,46,9,735.0,815.0,80.0
78815,149,19,560.0,785.0,225.0
78816,129,18,350.0,545.0,195.0
78817,89,10,1260.0,1385.0,125.0
78818,104,11,795.0,950.0,155.0
78819,249,28,1000.0,20.0,460.0
78820,249,28,620.0,975.0,355.0
78821,89,16,735.0,900.0,165.0
78822,87,16,930.0,1085.0,155.0
78824,89,10,960.0,1080.0,120.0
78825,87,10,1090.0,1210.0,120.0
78826,87,10,420.0,540.0,120.0
78827,89,10,550.0,670.0,120.0
79301,242,26,1110.0,55.0,385.0
79302,242,26,155.0,580.0,425.0
79303,188,19,585.0,840.0,255.0
79304,188,18,850.0,1090.0,240.0
79305,139,20,465.0,695.0,230.0
79306,139,20,780.0,1000.0,220.0
79307,21,6,1010.0,1070.0,60.0
79308,21,6,1080.0,1135.0,55.0
79309,139,20,1150.0,1390.0,240.0
79310,139,20,360.0,590.0,230.0
79311,21,6,610.0,665.0,55.0
79312,21,6,675.0,730.0,55.0
79313,139,20,840.0,1085.0,245.0
79314,139,20,600.0,830.0,230.0
79315,21,6,1265.0,1320.0,55.0
79316,21,6,1330.0,1385.0,55.0
79317,139,20,330.0,565.0,235.0
79318,139,20,1100.0,1320.0,220.0
79319,21,6,880.0,935.0,55.0
79320,21,6,800.0,855.0,55.0
79321,21,6,1080.0,1135.0,55.0
79322,21,6,1010.0,1065.0,55.0
79323,21,6,1220.0,1275.0,55.0
79324,21,6,1150.0,1205.0,55.0
79325,21,6,1365.0,1420.0,55.0
79326,21,6,1295.0,1350.0,55.0
79413,51,13,815.0,920.0,105.0
79414,51,13,810.0,900.0,90.0
79415,51,13,675.0,780.0,105.0
79416,51,13,670.0,760.0,90.0
79417,51,13,425.0,525.0,100.0
79418,51,13,410.0,510.0,100.0
79419,51,13,1080.0,1180.0,100.0
79420,51,13,1065.0,1165.0,100.0
79421,51,13,300.0,400.0,100.0
79422,51,13,545.0,645.0,100.0
79423,51,13,935.0,1040.0,105.0
79424,51,13,1195.0,1295.0,100.0
79425,51,13,560.0,660.0,100.0
79426,51,13,930.0,1020.0,90.0
79427,51,13,1210.0,1310.0,100.0
79428,51,13,285.0,385.0,100.0
79429,63,5,1355.0,30.0,115.0
79430,63,5,110.0,200.0,90.0
79431,68,10,915.0,1015.0,100.0
79432,68,10,475.0,610.0,135.0
79433,109,15,1130.0,1315.0,185.0
79434,109,15,360.0,535.0,175.0
79435,109,15,625.0,805.0,180.0
79436,109,15,830.0,1000.0,170.0
79437,118,17,1035.0,1230.0,195.0
79438,117,17,300.0,470.0,170.0
79441,28,5,430.0,475.0,45.0
79442,28,5,490.0,535.0,45.0
79443,28,5,570.0,620.0,50.0
79444,28,5,785.0,830.0,45.0
79445,98,14,995.0,1210.0,215.0
79446,28,5,1050.0,1095.0,45.0
79447,28,5,1160.0,1205.0,45.0
79448,28,6,1220.0,1265.0,45.0
79449,47,7,630.0,720.0,90.0
79450,47,7,735.0,825.0,90.0
79451,28,5,1320.0,1365.0,45.0
79452,28,5,360.0,405.0,45.0
79453,28,5,730.0,775.0,45.0
79454,98,16,430.0,670.0,240.0
79455,105,19,695.0,865.0,170.0
79456,105,19,935.0,1110.0,175.0
79457,36,2,500.0,560.0,60.0
79458,36,2,570.0,630.0,60.0
79459,36,2,1065.0,1125.0,60.0
79460,36,2,1140.0,1200.0,60.0
79481,39,2,500.0,615.0,115.0
79482,39,2,625.0,730.0,105.0
79483,39,2,980.0,1085.0,105.0
79484,39,2,1090.0,1200.0,110.0
79485,1,2,390.0,500.0,110.0
79486,1,2,575.0,685.0,110.0
79487,1,2,740.0,850.0,110.0
79488,1,2,860.0,970.0,110.0
79489,1,2,980.0,1090.0,110.0
79490,1,2,1100.0,1210.0,110.0
82355,1712,7,780.0,965.0,1625.0
82601,649,11,1310.0,645.0,775.0
82606,649,15,930.0,210.0,720.0
82631,695,13,1200.0,525.0,765.0
82635,849,18,1350.0,870.0,960.0
82651,3211,22,690.0,1225.0,3415.0
82652,3212,22,340.0,900.0,3440.0
82653,2440,22,690.0,395.0,2585.0
82654,2440,18,1335.0,1085.0,2630.0
82665,668,15,1215.0,144.0,369.0
82666,663,15,1245.0,173.0,368.0
90540,60,2,747.0,850.0,103.0
90981,59,2,1180.0,1266.0,86.0
91392,10,2,728.0,749.0,21.0
91393,10,2,755.0,775.0,20.0
91394,10,2,830.0,850.0,20.0
91395,10,2,856.0,876.0,20.0
91396,10,2,1218.0,1239.0,21.0
91491,10,2,1245.0,1265.0,20.0
93001,63,2,300.0,375.0,75.0
93002,101,2,340.0,454.0,114.0
93003,63,2,335.0,413.0,78.0
93004,63,2,425.0,505.0,80.0
93005,123,2,298.0,450.0,152.0
93006,123,2,435.0,599.0,164.0
93007,123,2,324.0,500.0,176.0
93008,89,2,510.0,623.0,113.0
93009,101,2,458.0,590.0,132.0
93010,63,2,575.0,650.0,75.0
93011,63,2,550.0,635.0,85.0
93012,63,2,605.0,680.0,75.0
93013,89,2,631.0,740.0,109.0
93014,63,2,670.0,745.0,75.0
93015,123,2,603.0,775.0,172.0
93016,123,2,762.0,917.0,155.0
93017,63,2,715.0,795.0,80.0
93018,63,2,800.0,875.0,75.0
93019,63,2,735.0,815.0,80.0
93020,113,2,855.0,988.0,133.0
93021,63,2,800.0,880.0,80.0
93022,113,2,920.0,1067.0,147.0
93023,63,2,905.0,1005.0,100.0
93024,63,2,1040.0,1115.0,75.0
93025,123,2,922.0,1085.0,163.0
93026,123,2,1055.0,1214.0,159.0
93027,113,2,1007.0,1155.0,148.0
93028,123,2,1135.0,1301.0,166.0
93029,113,2,1080.0,1225.0,145.0
93030,123,2,1185.0,1337.0,152.0
93031,63,8,1235.0,1310.0,75.0
93032,63,2,1245.0,1320.0,75.0
93033,123,2,1227.0,1385.0,158.0
93034,63,9,1355.0,1430.0,75.0
93101,63,9,335.0,413.0,78.0
93102,63,9,425.0,505.0,80.0
93103,123,17,298.0,450.0,152.0
93104,63,9,575.0,650.0,75.0
93105,63,9,550.0,635.0,85.0
93109,63,9,800.0,880.0,80.0
95001,49,10,511.0,567.0,56.0
95002,49,8,394.0,452.0,58.0
95003,49,10,802.0,860.0,58.0
95004,49,8,308.0,370.0,62.0
95005,49,10,984.0,1042.0,58.0
95006,49,8,538.0,596.0,58.0
95007,49,10,1116.0,1173.0,57.0
95008,49,8,846.0,904.0,58.0
95009,49,10,1308.0,1365.0,57.0
95010,49,8,1006.0,1064.0,58.0
95011,49,10,1382.0,1438.0,56.0
95012,49,8,1100.0,1159.0,59.0
95013,49,8,18.0,75.0,57.0
95101,46,9,433.0,485.0,52.0
95102,46,7,287.0,337.0,50.0
95103,46,9,470.0,523.0,53.0
95104,46,7,353.0,403.0,50.0
95105,46,9,558.0,609.0,51.0
95106,46,7,393.0,444.0,51.0
95107,46,9,601.0,651.0,50.0
95108,46,7,420.0,471.0,51.0
95109,46,9,638.0,688.0,50.0
95110,46,7,439.0,489.0,50.0
95111,46,9,700.0,750.0,50.0
95112,46,7,474.0,524.0,50.0
95113,46,9,735.0,786.0,51.0
95114,46,7,507.0,557.0,50.0
95115,46,9,855.0,905.0,50.0
95116,46,7,585.0,635.0,50.0
95117,46,9,880.0,930.0,50.0
95118,46,7,645.0,696.0,51.0
95119,46,9,954.0,1004.0,50.0
95120,46,7,679.0,729.0,50.0
95121,46,9,1013.0,1065.0,52.0
95122,46,7,721.0,771.0,50.0
95123,46,9,1051.0,1101.0,50.0
95124,46,7,780.0,831.0,51.0
95125,46,9,1162.0,1212.0,50.0
95126,46,7,837.0,887.0,50.0
95127,46,9,1202.0,1253.0,51.0
95128,46,7,927.0,977.0,50.0
95129,46,9,1253.0,1305.0,52.0
95130,46,7,971.0,1021.0,50.0
95131,46,9,1349.0,1399.0,50.0
95132,46,7,1053.0,1103.0,50.0
95134,46,7,1076.0,1127.0,51.0
95136,46,7,1122.0,1172.0,50.0
95138,46,7,1185.0,1235.0,50.0
95140,46,7,1240.0,1292.0,52.0
95142,46,7,1275.0,1325.0,50.0
95144,46,7,1323.0,1373.0,50.0
95201,14,5,446.0,464.0,18.0
95202,14,3,415.0,434.0,19.0
95203,14,5,487.0,509.0,22.0
95204,14,3,491.0,509.0,18.0
95205,14,5,540.0,559.0,19.0
95206,14,3,569.0,588.0,19.0
95207,14,5,594.0,614.0,20.0
95208,14,3,642.0,662.0,20.0
95209,14,5,616.0,635.0,19.0
95210,14,3,1135.0,1154.0,19.0
95211,14,5,629.0,648.0,19.0
95212,14,3,1175.0,1195.0,20.0
95213,14,5,645.0,664.0,19.0
95214,14,3,525.0,545.0,20.0
95215,14,5,666.0,688.0,22.0
95216,14,3,802.0,822.0,20.0
95217,14,5,687.0,708.0,21.0
95218,14,3,851.0,870.0,19.0
95219,14,5,708.0,727.0,19.0
95220,14,3,923.0,942.0,19.0
95221,14,5,771.0,789.0,18.0
95222,14,3,942.0,961.0,19.0
95223,14,5,894.0,915.0,21.0
95224,14,3,981.0,1000.0,19.0
95225,14,5,909.0,929.0,20.0
95226,14,3,1024.0,1043.0,19.0
95227,14,5,1021.0,1040.0,19.0
95228,14,3,1051.0,1070.0,19.0
95229,14,5,1066.0,1086.0,20.0
95230,14,3,1095.0,1115.0,20.0
95231,14,5,1108.0,1128.0,20.0
95232,14,3,1203.0,1222.0,19.0
95233,14,5,1142.0,1162.0,20.0
95234,14,3,1246.0,1267.0,21.0
95235,14,5,1182.0,1201.0,19.0
95236,14,3,1260.0,1279.0,19.0
95237,14,5,1213.0,1232.0,19.0
95239,14,5,1224.0,1245.0,21.0
95241,14,5,1412.0,1433.0,21.0
95301,6,4,567.0,579.0,12.0
95302,6,2,437.0,449.0,12.0
95303,6,4,589.0,602.0,13.0
95304,6,2,456.0,468.0,12.0
95305,6,4,622.0,634.0,12.0
95306,6,2,471.0,483.0,12.0
95307,6,4,653.0,665.0,12.0
95308,6,2,490.0,502.0,12.0
95309,6,4,671.0,684.0,13.0
95310,6,2,507.0,519.0,12.0
95311,6,4,692.0,706.0,14.0
95312,6,2,524.0,536.0,12.0
95313,6,4,712.0,724.0,12.0
95314,6,2,590.0,602.0,12.0
95315,6,4,745.0,757.0,12.0
95316,6,2,613.0,625.0,12.0
95317,6,4,1026.0,1037.0,11.0
95318,6,2,695.0,708.0,13.0
95319,6,4,1089.0,1102.0,13.0
95320,6,2,1153.0,1165.0,12.0
95321,6,4,1127.0,1138.0,11.0
95322,6,2,906.0,918.0,12.0
95323,6,4,1147.0,1159.0,12.0
95324,6,2,885.0,897.0,12.0
95325,6,4,1172.0,1184.0,12.0
95326,6,2,939.0,951.0,12.0
95327,6,4,1196.0,1210.0,14.0
95328,6,2,984.0,996.0,12.0
95329,6,4,1228.0,1240.0,12.0
95330,6,2,1005.0,1017.0,12.0
95331,6,4,1245.0,1257.0,12.0
95332,6,2,1045.0,1057.0,12.0
95334,6,2,1070.0,1084.0,14.0
95336,6,2,1205.0,1218.0,13.0
95338,6,2,1250.0,1263.0,13.0
95340,6,2,1084.0,1097.0,13.0
95342,6,2,1112.0,1124.0,12.0
95401,67,12,475.0,551.0,76.0
95402,67,10,370.0,440.0,70.0
95403,67,12,575.0,645.0,70.0
95404,67,10,405.0,476.0,71.0
95405,67,12,643.0,714.0,71.0
95406,67,10,442.0,515.0,73.0
95407,67,12,679.0,752.0,73.0
95408,67,10,498.0,570.0,72.0
95409,67,12,768.0,838.0,70.0
95410,67,10,610.0,681.0,71.0
95411,67,12,817.0,887.0,70.0
95412,67,10,672.0,742.0,70.0
95413,67,12,924.0,994.0,70.0
95414,67,10,739.0,810.0,71.0
95415,67,12,1013.0,1083.0,70.0
95416,67,10,811.0,882.0,71.0
95417,67,12,1088.0,1158.0,70.0
95418,67,10,884.0,954.0,70.0
95419,67,12,1168.0,1240.0,72.0
95420,67,10,937.0,1008.0,71.0
95421,67,12,1221.0,1292.0,71.0
95422,67,10,984.0,1055.0,71.0
95423,67,12,1314.0,1385.0,71.0
95424,67,10,1037.0,1107.0,70.0
95425,67,12,7.0,78.0,71.0
95426,67,10,1098.0,1168.0,70.0
95428,67,10,1215.0,1285.0,70.0
95430,67,10,1281.0,1351.0,70.0
95501,32,7,514.0,549.0,35.0
95502,32,5,455.0,491.0,36.0
95503,32,7,626.0,665.0,39.0
95504,32,5,510.0,547.0,37.0
95505,32,7,859.0,894.0,35.0
95506,32,5,902.0,939.0,37.0
95507,32,7,957.0,992.0,35.0
95508,32,5,944.0,979.0,35.0
95509,32,7,1051.0,1087.0,36.0
95510,32,5,1004.0,1039.0,35.0
95511,32,7,1104.0,1140.0,36.0
95512,32,5,1043.0,1083.0,40.0
95513,32,7,1125.0,1163.0,38.0
95514,32,5,1150.0,1186.0,36.0
95515,32,7,1180.0,1218.0,38.0
95516,32,5,1233.0,1270.0,37.0
95517,32,7,1277.0,1312.0,35.0
95601,10,4,611.0,627.0,16.0
95602,10,2,441.0,456.0,15.0
95603,10,4,630.0,647.0,17.0
95604,10,2,544.0,559.0,15.0
95605,10,4,647.0,663.0,16.0
95606,10,2,637.0,653.0,16.0
95607,10,4,713.0,728.0,15.0
95608,10,2,958.0,973.0,15.0
95609,10,4,733.0,749.0,16.0
95610,10,2,1004.0,1019.0,15.0
95611,10,4,1112.0,1127.0,15.0
95612,10,2,1031.0,1046.0,15.0
95613,10,4,1139.0,1155.0,16.0
95614,10,2,1050.0,1065.0,15.0
95615,10,4,1186.0,1201.0,15.0
95616,10,2,1104.0,1119.0,15.0
95617,10,4,1235.0,1251.0,16.0
95619,10,4,1250.0,1265.0,15.0
95701,53,7,366.0,426.0,60.0
95702,53,17,316.0,396.0,80.0
95703,53,9,449.0,509.0,60.0
95704,53,9,434.0,496.0,62.0
95705,53,9,505.0,564.0,59.0
95706,44,12,445.0,504.0,59.0
95707,53,16,512.0,584.0,72.0
95708,53,13,467.0,541.0,74.0
95709,53,16,540.0,612.0,72.0
95710,53,14,493.0,569.0,76.0
95711,53,17,604.0,677.0,73.0
95712,53,9,516.0,578.0,62.0
95713,44,6,644.0,693.0,49.0
95714,53,14,521.0,597.0,76.0
95715,53,14,703.0,776.0,73.0
95716,53,13,527.0,603.0,76.0
95717,53,8,775.0,837.0,62.0
95718,53,14,540.0,615.0,75.0
95719,53,8,917.0,979.0,62.0
95720,53,14,583.0,657.0,74.0
95721,53,19,956.0,1028.0,72.0
95722,44,6,587.0,637.0,50.0
95723,44,7,973.0,1022.0,49.0
95724,53,8,704.0,765.0,61.0
95725,44,7,1050.0,1097.0,47.0
95726,53,8,850.0,912.0,62.0
95727,53,14,1042.0,1116.0,74.0
95728,53,14,990.0,1065.0,75.0
95729,44,12,1080.0,1140.0,60.0
95730,44,6,991.0,1040.0,49.0
95731,53,13,1083.0,1157.0,74.0
95732,53,13,1018.0,1090.0,72.0
95733,53,14,1113.0,1186.0,73.0
95734,44,6,1027.0,1072.0,45.0
95735,44,12,1140.0,1200.0,60.0
95736,53,13,1040.0,1113.0,73.0
95737,53,14,1137.0,1215.0,78.0
95738,53,14,1061.0,1136.0,75.0
95739,53,9,1173.0,1236.0,63.0
95740,53,2,1103.0,1165.0,62.0
95741,53,14,1242.0,1318.0,76.0
95742,53,14,1122.0,1195.0,73.0
95743,53,17,1300.0,1381.0,81.0
95744,53,8,1241.0,1303.0,62.0
95745,53,9,1314.0,1376.0,62.0
95746,53,9,1385.0,5.0,60.0
95801,48,11,1057.0,1122.0,65.0
95802,48,12,494.0,561.0,67.0
95804,48,11,988.0,1054.0,66.0
95805,48,14,1302.0,1372.0,70.0
95808,48,11,1042.0,1109.0,67.0
95901,33,6,493.0,532.0,39.0
95902,33,7,308.0,352.0,44.0
95903,33,7,534.0,576.0,42.0
95904,33,7,482.0,527.0,45.0
95905,33,5,544.0,585.0,41.0
95906,33,7,505.0,548.0,43.0
95907,33,6,590.0,631.0,41.0
95908,33,7,540.0,585.0,45.0
95909,33,6,1090.0,1131.0,41.0
95910,33,7,594.0,637.0,43.0
95911,33,6,1144.0,1186.0,42.0
95912,33,7,649.0,693.0,44.0
95913,33,10,1230.0,1280.0,50.0
95917,33,6,1144.0,1187.0,43.0
95919,33,9,1230.0,1281.0,51.0
96001,2,2,340.0,345.0,5.0
96002,2,2,44.0,51.0,7.0
96003,49,10,350.0,408.0,58.0
96004,2,2,328.0,335.0,7.0
96005,2,2,480.0,485.0,5.0
96006,2,2,458.0,465.0,7.0
96007,2,2,640.0,645.0,5.0
96008,2,2,618.0,625.0,7.0
96009,2,2,715.0,720.0,5.0
96010,2,2,698.0,705.0,7.0
96011,2,2,795.0,800.0,5.0
96012,2,2,778.0,785.0,7.0
96013,2,2,927.0,932.0,5.0
96014,2,2,908.0,915.0,7.0
96015,2,2,1234.0,1239.0,5.0
96016,2,2,1219.0,1226.0,7.0
96017,2,2,1300.0,1305.0,5.0
96018,2,2,1285.0,1292.0,7.0
96019,49,10,1437.0,54.0,57.0
96020,49,8,1353.0,1413.0,60.0
96022,2,2,1418.0,1425.0,7.0
96101,46,9,112.0,165.0,53.0
96102,46,7,155.0,207.0,52.0
96103,46,9,333.0,384.0,51.0
96104,46,7,221.0,272.0,51.0
96105,46,9,361.0,412.0,51.0
96106,46,7,272.0,323.0,51.0
96107,46,9,376.0,428.0,52.0
96108,46,7,741.0,792.0,51.0
96109,46,9,408.0,459.0,51.0
96110,46,7,807.0,858.0,51.0
96111,46,9,672.0,733.0,61.0
96112,46,7,1303.0,1353.0,50.0
96113,46,9,759.0,811.0,52.0
96114,99,30,1303.0,4.0,141.0
96115,46,9,1103.0,1154.0,51.0
96116,99,30,1327.0,25.0,138.0
96117,46,9,1239.0,1290.0,51.0
96119,46,9,57.0,108.0,51.0
96121,46,9,57.0,108.0,51.0
96201,14,5,383.0,403.0,20.0
96202,14,3,341.0,359.0,18.0
96203,14,5,819.0,837.0,18.0
96204,14,3,375.0,393.0,18.0
96205,14,5,943.0,963.0,20.0
96206,14,3,407.0,424.0,17.0
96207,14,5,993.0,1013.0,20.0
96208,14,3,477.0,497.0,20.0
96209,14,5,1166.0,1187.0,21.0
96210,14,3,533.0,552.0,19.0
96211,14,5,1218.0,1239.0,21.0
96212,14,3,627.0,647.0,20.0
96213,14,5,1262.0,1282.0,20.0
96214,14,3,658.0,683.0,25.0
96215,14,5,1283.0,1302.0,19.0
96216,14,3,683.0,704.0,21.0
96217,14,5,1326.0,1346.0,20.0
96218,14,3,701.0,720.0,19.0
96219,14,5,1355.0,1375.0,20.0
96220,14,3,720.0,739.0,19.0
96221,14,5,1377.0,1396.0,19.0
96222,14,3,742.0,763.0,21.0
96223,14,5,1396.0,1416.0,20.0
96224,14,3,1224.0,1245.0,21.0
96225,14,5,12.0,32.0,20.0
96226,14,3,1297.0,1316.0,19.0
96227,14,5,28.0,48.0,20.0
96228,14,3,1318.0,1337.0,19.0
96232,14,3,1384.0,1405.0,21.0
96234,14,3,1411.0,1431.0,20.0
96236,67,26,1430.0,98.0,108.0
96301,6,4,92.0,105.0,13.0
96302,6,2,225.0,238.0,13.0
96303,6,4,412.0,425.0,13.0
96304,6,2,251.0,263.0,12.0
96305,6,4,428.0,442.0,14.0
96306,6,2,295.0,308.0,13.0
96307,6,4,467.0,479.0,12.0
96308,6,2,318.0,330.0,12.0
96309,6,4,500.0,513.0,13.0
96310,6,2,370.0,382.0,12.0
96311,6,4,792.0,804.0,12.0
96312,6,2,658.0,672.0,14.0
96313,6,4,807.0,820.0,13.0
96314,6,2,677.0,690.0,13.0
96315,6,4,843.0,855.0,12.0
96316,6,2,723.0,735.0,12.0
96317,6,4,865.0,878.0,13.0
96318,6,2,739.0,751.0,12.0
96319,6,4,885.0,898.0,13.0
96320,6,2,771.0,784.0,13.0
96321,6,4,917.0,930.0,13.0
96322,6,2,815.0,827.0,12.0
96323,6,4,961.0,974.0,13.0
96324,6,2,840.0,853.0,13.0
96325,6,4,979.0,992.0,13.0
96326,6,2,864.0,876.0,12.0
96327,6,4,1043.0,1056.0,13.0
96328,6,2,1178.0,1190.0,12.0
96329,6,4,1060.0,1074.0,14.0
96330,6,2,1275.0,1288.0,13.0
96331,6,4,1266.0,1279.0,13.0
96332,6,2,1293.0,1305.0,12.0
96333,6,4,1301.0,1314.0,13.0
96334,6,2,1321.0,1333.0,12.0
96335,6,4,1330.0,1343.0,13.0
96336,59,25,1321.0,1423.0,102.0
96337,6,4,1388.0,1400.0,12.0
96339,6,4,1.0,15.0,14.0
96341,6,4,35.0,49.0,14.0
96343,6,4,79.0,92.0,13.0
96345,6,4,79.0,92.0,13.0
96401,67,12,103.0,180.0,77.0
96402,67,10,265.0,335.0,70.0
96403,67,12,343.0,416.0,73.0
96404,67,10,300.0,370.0,70.0
96405,67,12,388.0,458.0,70.0
96406,67,10,1325.0,1397.0,72.0
96407,67,12,878.0,947.0,69.0
96409,67,12,1381.0,11.0,70.0
96501,21,4,305.0,326.0,21.0
96502,32,5,371.0,409.0,38.0
96503,32,7,328.0,363.0,35.0
96504,32,5,428.0,465.0,37.0
96505,32,7,380.0,417.0,37.0
96506,32,5,527.0,564.0,37.0
96507,32,7,400.0,436.0,36.0
96508,32,5,559.0,595.0,36.0
96509,32,7,452.0,487.0,35.0
96510,32,5,600.0,636.0,36.0
96511,32,7,484.0,519.0,35.0
96512,32,5,676.0,712.0,36.0
96513,32,7,550.0,585.0,35.0
96514,32,5,796.0,831.0,35.0
96515,32,7,747.0,783.0,36.0
96516,32,5,1095.0,1132.0,37.0
96517,32,7,900.0,935.0,35.0
96518,32,5,1183.0,1220.0,37.0
96519,32,7,988.0,1023.0,35.0
96520,32,5,1330.0,1370.0,40.0
96521,32,7,1345.0,1380.0,35.0
96522,32,5,1388.0,1422.0,34.0
96524,32,5,1412.0,6.0,34.0
96601,10,4,347.0,362.0,15.0
96602,10,2,241.0,256.0,15.0
96603,10,4,368.0,383.0,15.0
96604,10,2,272.0,287.0,15.0
96605,10,4,415.0,430.0,15.0
96606,10,2,305.0,320.0,15.0
96607,10,4,443.0,458.0,15.0
96608,10,2,335.0,350.0,15.0
96609,10,4,464.0,479.0,15.0
96610,10,2,373.0,388.0,15.0
96611,10,4,480.0,494.0,14.0
96612,10,2,406.0,417.0,11.0
96613,10,4,509.0,524.0,15.0
96614,10,2,472.0,487.0,15.0
96615,10,4,569.0,584.0,15.0
96616,10,2,490.0,505.0,15.0
96617,10,4,685.0,700.0,15.0
96618,10,2,513.0,530.0,17.0
96619,10,4,754.0,769.0,15.0
96620,10,2,594.0,609.0,15.0
96621,10,4,773.0,788.0,15.0
96622,10,2,654.0,671.0,17.0
96623,10,4,801.0,816.0,15.0
96624,10,2,678.0,695.0,17.0
96625,10,4,851.0,866.0,15.0
96626,10,2,714.0,729.0,15.0
96627,10,4,882.0,896.0,14.0
96628,10,2,741.0,756.0,15.0
96629,10,4,909.0,923.0,14.0
96630,10,2,765.0,780.0,15.0
96631,10,4,935.0,950.0,15.0
96632,10,2,781.0,796.0,15.0
96633,10,4,973.0,988.0,15.0
96634,10,2,800.0,815.0,15.0
96635,10,4,1007.0,1022.0,15.0
96636,10,2,831.0,846.0,15.0
96637,10,4,1021.0,1037.0,16.0
96638,10,2,884.0,899.0,15.0
96639,10,4,1070.0,1085.0,15.0
96640,10,2,905.0,921.0,16.0
96641,10,4,1203.0,1218.0,15.0
96642,10,2,935.0,950.0,15.0
96643,10,4,1293.0,1308.0,15.0
96644,10,2,1141.0,1156.0,15.0
96645,10,4,1322.0,1337.0,15.0
96646,10,2,1187.0,1203.0,16.0
96647,10,4,1369.0,1384.0,15.0
96648,10,2,1221.0,1236.0,15.0
96649,10,4,1410.0,1425.0,15.0
96650,10,2,1237.0,1253.0,16.0
96651,10,4,19.0,34.0,15.0
96652,10,2,1260.0,1275.0,15.0
96653,10,4,47.0,62.0,15.0
96654,10,2,1284.0,1299.0,15.0
96655,10,4,72.0,87.0,15.0
96656,10,2,1326.0,1341.0,15.0
96657,64,27,1424.0,87.0,103.0
96658,10,2,1345.0,1361.0,16.0
96660,10,2,1394.0,1409.0,15.0
97000,53,2,299.0,387.0,88.0
97001,35,14,347.0,403.0,56.0
97002,53,24,281.0,368.0,87.0
97003,35,14,364.0,421.0,57.0
97004,53,24,321.0,408.0,87.0
97005,35,14,381.0,438.0,57.0
97006,53,24,364.0,452.0,88.0
97007,35,14,391.0,448.0,57.0
97008,53,24,373.0,460.0,87.0
97009,35,14,401.0,458.0,57.0
97010,53,24,404.0,492.0,88.0
97011,53,24,372.0,462.0,90.0
97012,44,17,416.0,484.0,68.0
97013,35,13,416.0,474.0,58.0
97014,53,24,433.0,520.0,87.0
97015,53,24,400.0,488.0,88.0
97016,53,24,437.0,527.0,90.0
97017,53,24,432.0,520.0,88.0
97018,53,24,455.0,543.0,88.0
97019,53,24,444.0,532.0,88.0
97020,53,24,470.0,558.0,88.0
97021,53,24,452.0,540.0,88.0
97022,53,24,477.0,566.0,89.0
97023,44,17,488.0,556.0,68.0
97024,53,24,480.0,569.0,89.0
97025,53,24,476.0,562.0,86.0
97026,44,17,502.0,571.0,69.0
97027,53,24,492.0,579.0,87.0
97028,44,17,547.0,617.0,70.0
97029,53,23,512.0,599.0,87.0
97030,53,24,562.0,652.0,90.0
97031,53,24,531.0,621.0,90.0
97032,53,24,569.0,660.0,91.0
97033,20,8,606.0,638.0,32.0
97034,53,24,591.0,680.0,89.0
97035,44,17,579.0,650.0,71.0
97036,53,24,606.0,694.0,88.0
97037,53,24,569.0,658.0,89.0
97038,53,24,617.0,705.0,88.0
97039,53,24,602.0,689.0,87.0
97040,53,24,627.0,715.0,88.0
97041,53,24,610.0,698.0,88.0
97042,37,15,641.0,700.0,59.0
97043,44,17,647.0,719.0,72.0
97044,53,24,659.0,747.0,88.0
97045,44,17,665.0,737.0,72.0
97046,20,8,667.0,698.0,31.0
97047,53,24,660.0,749.0,89.0
97048,53,24,683.0,773.0,90.0
97049,53,24,672.0,759.0,87.0
97050,44,17,699.0,771.0,72.0
97051,37,15,722.0,784.0,62.0
97052,53,24,707.0,797.0,90.0
97053,53,24,710.0,797.0,87.0
97054,53,24,728.0,817.0,89.0
97055,53,24,728.0,815.0,87.0
97056,20,8,745.0,776.0,31.0
97057,53,24,739.0,828.0,89.0
97058,53,24,760.0,848.0,88.0
97059,53,24,747.0,834.0,87.0
97060,53,24,768.0,856.0,88.0
97061,53,24,751.0,838.0,87.0
97062,53,24,788.0,877.0,89.0
97063,44,17,784.0,853.0,69.0
97064,37,15,800.0,858.0,58.0
97065,53,24,777.0,868.0,91.0
97066,53,24,804.0,892.0,88.0
97067,53,24,781.0,873.0,92.0
97068,53,24,823.0,911.0,88.0
97069,53,24,801.0,888.0,87.0
97070,53,24,836.0,925.0,89.0
97071,53,24,809.0,896.0,87.0
97072,44,17,844.0,913.0,69.0
97073,20,8,873.0,905.0,32.0
97074,53,24,848.0,939.0,91.0
97075,53,24,826.0,913.0,87.0
97076,53,24,867.0,956.0,89.0
97077,37,15,872.0,931.0,59.0
97078,53,24,873.0,961.0,88.0
97079,53,24,852.0,939.0,87.0
97080,53,24,881.0,970.0,89.0
97081,53,24,864.0,952.0,88.0
97082,53,24,895.0,983.0,88.0
97083,53,24,877.0,964.0,87.0
97084,53,24,907.0,994.0,87.0
97085,53,24,897.0,984.0,87.0
97086,20,8,912.0,943.0,31.0
97087,44,17,926.0,996.0,70.0
97088,53,24,931.0,1023.0,92.0
97089,53,24,917.0,1004.0,87.0
97090,53,24,939.0,1028.0,89.0
97091,53,24,943.0,1032.0,89.0
97092,44,17,948.0,1017.0,69.0
97093,53,24,952.0,1039.0,87.0
97094,20,8,960.0,1051.0,91.0
97095,53,24,958.0,1047.0,89.0
97096,53,24,977.0,1063.0,86.0
97097,37,15,1014.0,1074.0,60.0
97098,44,17,981.0,1049.0,68.0
97099,35,14,1035.0,1094.0,59.0
97100,53,24,1006.0,1094.0,88.0
97101,53,24,1008.0,1098.0,90.0
97102,53,24,1036.0,1125.0,89.0
97103,53,24,1020.0,1110.0,90.0
97104,53,24,1051.0,1141.0,90.0
97105,53,24,1032.0,1121.0,89.0
97106,53,24,1079.0,1167.0,88.0
97107,44,17,1058.0,1127.0,69.0
97108,53,24,1101.0,1189.0,88.0
97109,35,14,1079.0,1134.0,55.0
97110,44,17,1105.0,1173.0,68.0
97111,53,24,1056.0,1144.0,88.0
97112,53,24,1115.0,1202.0,87.0
97113,53,24,1073.0,1161.0,88.0
97114,53,24,1126.0,1214.0,88.0
97115,44,17,1100.0,1173.0,73.0
97116,37,15,1134.0,1192.0,58.0
97117,53,24,1088.0,1177.0,89.0
97118,20,8,1138.0,1169.0,31.0
97119,53,24,1094.0,1182.0,88.0
97120,44,17,1148.0,1220.0,72.0
97121,44,17,1123.0,1194.0,71.0
97122,53,24,1152.0,1242.0,90.0
97123,44,17,1151.0,1225.0,74.0
97124,53,24,1167.0,1256.0,89.0
97125,53,24,1141.0,1229.0,88.0
97126,44,17,1178.0,1246.0,68.0
97127,53,24,1154.0,1242.0,88.0
97128,53,24,1182.0,1269.0,87.0
97129,53,24,1158.0,1246.0,88.0
97130,20,8,1189.0,1221.0,32.0
97131,37,15,1197.0,1258.0,61.0
97132,44,17,1200.0,1271.0,71.0
97133,53,24,1185.0,1273.0,88.0
97134,44,17,1221.0,1291.0,70.0
97135,44,17,1227.0,1297.0,70.0
97136,53,24,1231.0,1318.0,87.0
97137,44,17,1262.0,1334.0,72.0
97138,44,17,1238.0,1307.0,69.0
97139,53,24,1252.0,1341.0,89.0
97140,37,15,1252.0,1312.0,60.0
97141,44,17,1277.0,1349.0,72.0
97142,53,24,1264.0,1355.0,91.0
97143,44,17,1302.0,1373.0,71.0
97144,53,24,1280.0,1368.0,88.0
97145,44,17,1323.0,1393.0,70.0
97146,53,24,1326.0,1415.0,89.0
97147,53,24,1318.0,1406.0,88.0
97148,37,15,1346.0,1405.0,59.0
97149,53,24,1326.0,1414.0,88.0
97150,20,8,1419.0,11.0,32.0
97151,53,24,1336.0,1425.0,89.0
97152,20,8,1438.0,29.0,31.0
97153,53,24,1344.0,1433.0,89.0
97155,44,17,1372.0,1.0,69.0
97201,48,22,380.0,458.0,78.0
97202,48,22,357.0,436.0,79.0
97203,48,22,392.0,470.0,78.0
97204,48,22,449.0,530.0,81.0
97205,48,22,436.0,514.0,78.0
97206,48,22,467.0,547.0,80.0
97207,48,22,456.0,534.0,78.0
97208,48,22,521.0,602.0,81.0
97209,48,22,500.0,578.0,78.0
97210,48,22,545.0,626.0,81.0
97211,48,22,555.0,632.0,77.0
97212,39,15,588.0,650.0,62.0
97213,48,22,573.0,652.0,79.0
97214,48,22,640.0,720.0,80.0
97215,48,22,622.0,699.0,77.0
97216,48,22,663.0,743.0,80.0
97217,48,22,636.0,713.0,77.0
97218,48,22,707.0,789.0,82.0
97219,48,22,684.0,763.0,79.0
97220,48,22,725.0,805.0,80.0
97221,48,22,759.0,837.0,78.0
97222,48,22,780.0,860.0,80.0
97223,48,22,835.0,913.0,78.0
97224,48,22,848.0,930.0,82.0
97225,48,22,913.0,991.0,78.0
97226,48,22,936.0,1016.0,80.0
97227,48,22,927.0,1008.0,81.0
97228,48,22,1003.0,1084.0,81.0
97229,48,22,947.0,1026.0,79.0
97230,48,22,1022.0,1102.0,80.0
97231,48,22,966.0,1044.0,78.0
97232,48,22,1035.0,1114.0,79.0
97233,48,22,994.0,1071.0,77.0
97234,39,15,1052.0,1114.0,62.0
97235,39,15,1033.0,1095.0,62.0
97236,48,22,1079.0,1158.0,79.0
97237,39,15,1078.0,1138.0,60.0
97238,48,22,1105.0,1185.0,80.0
97239,48,22,1078.0,1159.0,81.0
97240,48,22,1127.0,1206.0,79.0
97241,48,22,1102.0,1181.0,79.0
97242,48,22,1150.0,1233.0,83.0
97243,48,22,1122.0,1201.0,79.0
97244,48,22,1170.0,1252.0,82.0
97245,48,22,1145.0,1223.0,78.0
97246,48,22,1193.0,1273.0,80.0
97247,39,15,1183.0,1245.0,62.0
97248,48,22,1220.0,1301.0,81.0
97249,48,22,1200.0,1278.0,78.0
97250,48,22,1234.0,1314.0,80.0
97251,48,22,1222.0,1300.0,78.0
97252,48,22,1268.0,1352.0,84.0
97253,48,22,1248.0,1328.0,80.0
97254,39,15,1293.0,1354.0,61.0
97255,48,22,1273.0,1351.0,78.0
97256,48,22,1319.0,1400.0,81.0
97258,48,22,1338.0,1419.0,81.0
97260,39,15,1374.0,1434.0,60.0
97301,33,17,34.0,90.0,56.0
97302,33,17,240.0,296.0,56.0
97303,33,17,396.0,452.0,56.0
97304,33,17,260.0,316.0,56.0
97305,33,17,408.0,464.0,56.0
97306,33,17,280.0,336.0,56.0
97307,33,17,428.0,484.0,56.0
97308,33,17,320.0,376.0,56.0
97309,33,17,448.0,504.0,56.0
97310,33,17,330.0,388.0,58.0
97311,33,17,464.0,520.0,56.0
97312,33,17,340.0,396.0,56.0
97313,33,17,480.0,536.0,56.0
97314,33,17,346.0,404.0,58.0
97315,33,17,488.0,544.0,56.0
97316,33,17,360.0,416.0,56.0
97317,33,17,496.0,552.0,56.0
97318,33,17,376.0,432.0,56.0
97319,33,17,504.0,560.0,56.0
97320,33,17,388.0,444.0,56.0
97321,33,17,516.0,572.0,56.0
97322,33,17,412.0,468.0,56.0
97323,33,17,527.0,585.0,58.0
97324,33,17,424.0,480.0,56.0
97325,33,17,538.0,594.0,56.0
97326,33,17,444.0,500.0,56.0
97327,33,17,543.0,602.0,59.0
97328,33,17,460.0,516.0,56.0
97329,33,17,558.0,614.0,56.0
97330,33,17,475.0,534.0,59.0
97331,33,17,566.0,623.0,57.0
97332,33,17,479.0,537.0,58.0
97333,33,17,577.0,633.0,56.0
97334,33,17,497.0,555.0,58.0
97335,33,17,581.0,637.0,56.0
97336,33,17,504.0,562.0,58.0
97337,33,17,589.0,646.0,57.0
97338,33,17,516.0,573.0,57.0
97339,33,17,606.0,661.0,55.0
97340,33,17,527.0,585.0,58.0
97341,33,17,614.0,669.0,55.0
97342,33,17,540.0,598.0,58.0
97343,33,17,626.0,684.0,58.0
97344,33,17,548.0,606.0,58.0
97345,33,17,640.0,697.0,57.0
97346,33,17,556.0,614.0,58.0
97347,33,17,648.0,708.0,60.0
97348,33,17,570.0,630.0,60.0
97349,33,17,656.0,712.0,56.0
97350,33,17,581.0,640.0,59.0
97351,33,17,664.0,720.0,56.0
97352,33,17,590.0,648.0,58.0
97353,33,17,680.0,735.0,55.0
97354,33,17,598.0,656.0,58.0
97355,33,17,697.0,753.0,56.0
97356,33,17,606.0,664.0,58.0
97357,33,17,701.0,757.0,56.0
97358,33,17,618.0,676.0,58.0
97359,33,17,743.0,799.0,56.0
97360,33,17,630.0,688.0,58.0
97361,33,17,769.0,829.0,60.0
97362,33,17,642.0,701.0,59.0
97363,33,17,789.0,845.0,56.0
97364,33,17,652.0,710.0,58.0
97365,33,17,818.0,874.0,56.0
97366,33,17,681.0,739.0,58.0
97367,33,17,840.0,896.0,56.0
97368,33,17,697.0,755.0,58.0
97369,33,17,860.0,915.0,55.0
97370,33,17,718.0,777.0,59.0
97371,33,17,869.0,925.0,56.0
97372,33,17,777.0,835.0,58.0
97373,33,17,937.0,994.0,57.0
97374,33,17,807.0,865.0,58.0
97375,24,10,973.0,1011.0,38.0
97376,33,17,839.0,897.0,58.0
97377,33,17,969.0,1025.0,56.0
97378,33,17,862.0,921.0,59.0
97379,33,17,979.0,1035.0,56.0
97380,33,17,894.0,952.0,58.0
97381,33,17,990.0,1046.0,56.0
97382,33,17,916.0,973.0,57.0
97383,33,17,998.0,1055.0,57.0
97384,24,10,923.0,961.0,38.0
97385,33,17,1012.0,1068.0,56.0
97386,33,17,941.0,999.0,58.0
97387,33,17,1024.0,1080.0,56.0
97388,33,17,955.0,1012.0,57.0
97389,33,17,1028.0,1084.0,56.0
97390,33,17,975.0,1032.0,57.0
97391,33,17,1036.0,1092.0,56.0
97392,33,17,987.0,1044.0,57.0
97393,33,17,1044.0,1100.0,56.0
97394,33,17,990.0,1048.0,58.0
97395,33,17,1052.0,1108.0,56.0
97396,33,17,995.0,1052.0,57.0
97397,33,17,1064.0,1120.0,56.0
97398,33,17,1002.0,1060.0,58.0
97399,33,17,1084.0,1142.0,58.0
97400,33,17,1018.0,1073.0,55.0
97401,33,17,1109.0,1166.0,57.0
97402,33,17,1021.0,1078.0,57.0
97403,33,17,1118.0,1174.0,56.0
97404,33,17,1030.0,1089.0,59.0
97405,33,17,1126.0,1182.0,56.0
97406,24,10,1034.0,1072.0,38.0
97407,33,17,1137.0,1193.0,56.0
97408,33,17,1040.0,1098.0,58.0
97409,24,10,1167.0,1206.0,39.0
97410,24,10,1051.0,1091.0,40.0
97411,33,17,1162.0,1217.0,55.0
97412,33,17,1062.0,1121.0,59.0
97413,33,17,1175.0,1232.0,57.0
97414,33,17,1072.0,1130.0,58.0
97415,24,10,1197.0,1235.0,38.0
97416,33,17,1086.0,1145.0,59.0
97417,33,17,1190.0,1246.0,56.0
97418,33,17,1092.0,1149.0,57.0
97419,33,17,1217.0,1273.0,56.0
97420,24,10,1096.0,1135.0,39.0
97421,33,17,1235.0,1291.0,56.0
97422,33,17,1104.0,1162.0,58.0
97423,33,17,1264.0,1319.0,55.0
97424,24,10,1116.0,1154.0,38.0
97425,33,17,1322.0,1377.0,55.0
97426,33,17,1124.0,1182.0,58.0
97427,33,17,1359.0,1414.0,55.0
97428,33,17,1137.0,1195.0,58.0
97429,24,10,1350.0,1389.0,39.0
97430,24,10,1152.0,1191.0,39.0
97431,33,17,1367.0,1422.0,55.0
97432,33,17,1170.0,1228.0,58.0
97433,33,17,1379.0,1435.0,56.0
97434,33,17,1178.0,1238.0,60.0
97435,33,17,1392.0,7.0,55.0
97436,33,17,1188.0,1246.0,58.0
97437,33,17,1419.0,35.0,56.0
97438,33,17,1203.0,1261.0,58.0
97439,33,17,1439.0,55.0,56.0
97440,33,17,1281.0,1340.0,59.0
97441,33,17,1415.0,30.0,55.0
97442,24,10,1301.0,1340.0,39.0
97444,33,16,1291.0,1350.0,59.0
97445,33,16,1432.0,48.0,56.0
97446,33,16,1314.0,1372.0,58.0
97501,19,12,520.0,554.0,34.0
97502,19,12,558.0,595.0,37.0
97503,19,12,547.0,581.0,34.0
97504,19,12,585.0,622.0,37.0
97601,15,10,508.0,536.0,28.0
97602,15,10,291.0,321.0,30.0
97603,15,10,523.0,551.0,28.0
97604,15,10,342.0,372.0,30.0
97605,15,10,535.0,563.0,28.0
97606,15,10,354.0,384.0,30.0
97607,15,10,551.0,579.0,28.0
97608,15,10,458.0,488.0,30.0
97609,15,10,562.0,592.0,30.0
97610,15,10,551.0,581.0,30.0
97611,15,10,594.0,622.0,28.0
97612,15,10,579.0,610.0,31.0
97613,15,10,618.0,646.0,28.0
97614,15,10,603.0,634.0,31.0
97615,15,10,630.0,661.0,31.0
97616,15,10,641.0,671.0,30.0
97617,15,10,644.0,673.0,29.0
97618,15,10,947.0,977.0,30.0
97619,15,10,652.0,682.0,30.0
97620,15,10,973.0,1003.0,30.0
97621,15,10,676.0,704.0,28.0
97622,15,10,1026.0,1056.0,30.0
97623,15,10,1003.0,1031.0,28.0
97624,15,10,1041.0,1070.0,29.0
97625,15,10,1048.0,1076.0,28.0
97626,15,10,1076.0,1106.0,30.0
97627,15,10,1068.0,1096.0,28.0
97628,15,10,1087.0,1117.0,30.0
97629,15,10,1098.0,1126.0,28.0
97630,15,10,1107.0,1137.0,30.0
97631,15,10,1130.0,1158.0,28.0
97632,15,10,1140.0,1170.0,30.0
97633,15,10,1226.0,1255.0,29.0
97634,15,10,1168.0,1199.0,31.0
97635,15,10,1329.0,1357.0,28.0
97636,15,10,1159.0,1189.0,30.0
97637,15,10,1347.0,1376.0,29.0
97638,15,10,1085.0,1115.0,30.0
97639,15,10,1375.0,1403.0,28.0
97640,15,10,1092.0,1123.0,31.0
97641,15,10,1405.0,1433.0,28.0
97642,15,10,1112.0,1143.0,31.0
97643,15,10,1428.0,16.0,28.0
97644,15,10,1135.0,1165.0,30.0
97645,15,10,1263.0,1292.0,29.0
97646,15,10,1160.0,1190.0,30.0
97647,15,10,1326.0,1355.0,29.0
97648,15,10,1187.0,1217.0,30.0
97649,15,10,1350.0,1379.0,29.0
97651,15,10,1374.0,1403.0,29.0
97653,15,10,1405.0,1434.0,29.0
97655,15,10,1436.0,25.0,29.0
98000,49,2,240.0,317.0,77.0
98001,49,2,13.0,90.0,77.0
98002,49,2,266.0,343.0,77.0
98003,49,2,28.0,105.0,77.0
98004,49,2,299.0,376.0,77.0
98005,49,2,45.0,122.0,77.0
98006,49,2,323.0,400.0,77.0
98007,49,2,263.0,340.0,77.0
98008,49,2,339.0,416.0,77.0
98009,49,2,279.0,356.0,77.0
98010,49,2,351.0,428.0,77.0
98011,49,2,291.0,368.0,77.0
98012,49,2,365.0,442.0,77.0
98013,20,2,350.0,381.0,31.0
98014,49,2,383.0,460.0,77.0
98015,49,2,308.0,385.0,77.0
98016,49,2,395.0,473.0,78.0
98017,49,2,322.0,399.0,77.0
98018,39,2,403.0,463.0,60.0
98019,49,2,330.0,407.0,77.0
98020,49,2,411.0,489.0,78.0
98021,20,2,385.0,415.0,30.0
98022,49,2,428.0,506.0,78.0
98023,49,2,347.0,424.0,77.0
98024,49,2,440.0,517.0,77.0
98025,49,2,360.0,437.0,77.0
98026,39,2,448.0,507.0,59.0
98027,49,2,368.0,445.0,77.0
98028,49,2,452.0,529.0,77.0
98029,49,2,380.0,457.0,77.0
98030,49,2,468.0,545.0,77.0
98031,39,2,402.0,464.0,62.0
98032,39,2,476.0,535.0,59.0
98033,49,2,388.0,465.0,77.0
98034,49,2,480.0,557.0,77.0
98035,49,2,404.0,482.0,78.0
98036,49,2,492.0,569.0,77.0
98037,49,2,412.0,492.0,80.0
98038,49,2,504.0,581.0,77.0
98039,49,2,420.0,497.0,77.0
98040,39,2,516.0,575.0,59.0
98041,49,2,433.0,510.0,77.0
98042,49,2,520.0,597.0,77.0
98043,49,2,442.0,519.0,77.0
98044,49,2,530.0,608.0,78.0
98045,49,2,450.0,527.0,77.0
98046,49,2,538.0,616.0,78.0
98047,49,2,463.0,540.0,77.0
98048,49,2,550.0,627.0,77.0
98049,49,2,485.0,562.0,77.0
98050,49,2,560.0,637.0,77.0
98051,39,2,514.0,573.0,59.0
98052,49,2,571.0,648.0,77.0
98053,49,2,503.0,580.0,77.0
98054,49,2,580.0,657.0,77.0
98055,49,2,521.0,599.0,78.0
98056,49,2,594.0,673.0,79.0
98057,49,2,533.0,611.0,78.0
98058,49,2,608.0,685.0,77.0
98059,49,2,545.0,622.0,77.0
98060,49,2,620.0,697.0,77.0
98061,49,2,557.0,634.0,77.0
98062,49,2,632.0,709.0,77.0
98063,49,2,569.0,647.0,78.0
98064,49,2,643.0,720.0,77.0
98065,49,2,585.0,662.0,77.0
98066,49,2,659.0,737.0,78.0
98067,49,2,601.0,678.0,77.0
98068,49,2,669.0,746.0,77.0
98069,49,2,612.0,689.0,77.0
98070,49,2,678.0,755.0,77.0
98071,49,2,623.0,700.0,77.0
98072,49,2,692.0,769.0,77.0
98073,49,2,631.0,708.0,77.0
98074,49,2,700.0,777.0,77.0
98075,49,2,641.0,721.0,80.0
98076,49,2,712.0,789.0,77.0
98077,49,2,652.0,729.0,77.0
98078,49,2,724.0,805.0,81.0
98079,49,2,669.0,746.0,77.0
98080,49,2,729.0,809.0,80.0
98081,49,2,681.0,758.0,77.0
98082,49,2,743.0,821.0,78.0
98083,39,2,703.0,763.0,60.0
98084,49,2,756.0,834.0,78.0
98085,49,2,701.0,778.0,77.0
98087,49,2,714.0,791.0,77.0
98088,49,2,780.0,857.0,77.0
98089,49,2,726.0,803.0,77.0
98090,49,2,788.0,865.0,77.0
98091,49,2,741.0,818.0,77.0
98092,49,2,804.0,881.0,77.0
98093,49,2,760.0,838.0,78.0
98094,49,2,820.0,897.0,77.0
98095,49,2,773.0,851.0,78.0
98096,49,2,832.0,909.0,77.0
98097,49,2,785.0,862.0,77.0
98098,49,2,844.0,921.0,77.0
98099,49,2,801.0,878.0,77.0
98100,49,2,860.0,937.0,77.0
98101,49,2,809.0,886.0,77.0
98102,49,2,864.0,941.0,77.0
98103,39,2,859.0,919.0,60.0
98104,49,2,872.0,949.0,77.0
98105,49,2,825.0,902.0,77.0
98106,49,2,886.0,964.0,78.0
98107,49,2,838.0,915.0,77.0
98108,49,2,898.0,978.0,80.0
98109,49,2,850.0,929.0,79.0
98110,49,2,915.0,992.0,77.0
98111,49,2,869.0,947.0,78.0
98112,49,2,927.0,1004.0,77.0
98113,49,2,885.0,962.0,77.0
98114,49,2,931.0,1008.0,77.0
98115,49,2,897.0,974.0,77.0
98116,49,2,939.0,1016.0,77.0
98117,49,2,901.0,978.0,77.0
98118,49,2,957.0,1036.0,79.0
98119,49,2,913.0,991.0,78.0
98120,49,2,974.0,1052.0,78.0
98121,49,2,925.0,1002.0,77.0
98122,49,2,982.0,1060.0,78.0
98123,49,2,937.0,1014.0,77.0
98124,49,2,1001.0,1080.0,79.0
98125,49,2,941.0,1018.0,77.0
98126,49,2,1014.0,1092.0,78.0
98127,49,2,955.0,1032.0,77.0
98128,49,2,1030.0,1107.0,77.0
98129,49,2,960.0,1037.0,77.0
98130,49,2,1040.0,1117.0,77.0
98131,49,2,968.0,1047.0,79.0
98132,49,2,1058.0,1137.0,79.0
98133,39,2,996.0,1059.0,63.0
98134,39,2,1068.0,1129.0,61.0
98135,49,2,983.0,1063.0,80.0
98136,49,2,1073.0,1152.0,79.0
98137,49,2,996.0,1074.0,78.0
98138,49,2,1086.0,1164.0,78.0
98139,49,2,1012.0,1089.0,77.0
98140,49,2,1102.0,1183.0,81.0
98141,49,2,1024.0,1101.0,77.0
98142,49,2,1118.0,1197.0,79.0
98143,39,2,1050.0,1110.0,60.0
98144,39,2,1127.0,1186.0,59.0
98145,49,2,1041.0,1119.0,78.0
98146,49,2,1137.0,1214.0,77.0
98147,49,2,1053.0,1130.0,77.0
98148,49,2,1145.0,1222.0,77.0
98149,39,2,1075.0,1135.0,60.0
98150,49,2,1155.0,1232.0,77.0
98151,49,2,1066.0,1145.0,79.0
98152,49,2,1166.0,1243.0,77.0
98153,49,2,1077.0,1155.0,78.0
98154,49,2,1179.0,1256.0,77.0
98155,49,2,1081.0,1159.0,78.0
98156,49,2,1193.0,1270.0,77.0
98157,49,2,1092.0,1170.0,78.0
98158,49,2,1197.0,1274.0,77.0
98159,49,2,1106.0,1183.0,77.0
98160,49,2,1207.0,1286.0,79.0
98161,49,2,1120.0,1197.0,77.0
98162,49,2,1220.0,1298.0,78.0
98163,49,2,1134.0,1213.0,79.0
98164,49,2,1228.0,1306.0,78.0
98165,49,2,1147.0,1224.0,77.0
98166,20,2,1237.0,1267.0,30.0
98167,39,2,1169.0,1229.0,60.0
98168,49,2,1242.0,1321.0,79.0
98169,49,2,1160.0,1237.0,77.0
98170,49,2,1247.0,1325.0,78.0
98171,49,2,1172.0,1250.0,78.0
98172,49,2,1256.0,1334.0,78.0
98173,39,2,1200.0,1259.0,59.0
98174,49,2,1264.0,1342.0,78.0
98175,49,2,1192.0,1270.0,78.0
98176,49,2,1274.0,1352.0,78.0
98177,39,2,1214.0,1274.0,60.0
98178,49,2,1287.0,1365.0,78.0
98179,49,2,1205.0,1283.0,78.0
98180,49,2,1298.0,1375.0,77.0
98181,39,2,1230.0,1290.0,60.0
98182,49,2,1308.0,1386.0,78.0
98183,49,2,1217.0,1294.0,77.0
98184,49,2,1318.0,1395.0,77.0
98185,49,2,1235.0,1312.0,77.0
98186,49,2,1325.0,1403.0,78.0
98187,39,2,1263.0,1323.0,60.0
98188,49,2,1335.0,1412.0,77.0
98189,49,2,1250.0,1327.0,77.0
98190,49,2,1350.0,1427.0,77.0
98191,49,2,1260.0,1337.0,77.0
98192,49,2,1365.0,3.0,78.0
98193,49,2,1274.0,1352.0,78.0
98194,49,2,1380.0,17.0,77.0
98195,49,2,1290.0,1369.0,79.0
98196,10,2,1388.0,1403.0,15.0
98197,49,2,1302.0,1380.0,78.0
98198,49,2,1403.0,41.0,78.0
98199,49,2,1317.0,1395.0,78.0
98200,20,2,1411.0,1.0,30.0
98201,49,2,1325.0,1403.0,78.0
98202,49,2,1424.0,62.0,78.0
98203,49,2,1338.0,1415.0,77.0
98204,49,2,1439.0,79.0,80.0
98205,49,2,1352.0,1429.0,77.0
98207,49,2,1371.0,8.0,77.0
98208,10,2,1291.0,1306.0,15.0
98209,49,2,1380.0,17.0,77.0
98211,49,2,1395.0,32.0,77.0
98213,49,2,1410.0,47.0,77.0
98214,10,2,15.0,30.0,15.0
98215,49,2,1431.0,69.0,78.0
98300,38,2,228.0,292.0,64.0
98301,38,2,3.0,67.0,64.0
98302,38,2,244.0,308.0,64.0
98303,38,2,372.0,435.0,63.0
98304,38,2,268.0,332.0,64.0
98305,38,2,396.0,459.0,63.0
98306,38,2,300.0,364.0,64.0
98307,38,2,408.0,474.0,66.0
98308,38,2,328.0,392.0,64.0
98309,28,2,471.0,517.0,46.0
98310,38,2,344.0,408.0,64.0
98311,38,2,469.0,532.0,63.0
98312,38,2,357.0,420.0,63.0
98313,38,2,489.0,552.0,63.0
98314,38,2,375.0,438.0,63.0
98315,38,2,509.0,572.0,63.0
98316,38,2,389.0,452.0,63.0
98317,38,2,525.0,588.0,63.0
98318,38,2,402.0,465.0,63.0
98319,38,2,537.0,600.0,63.0
98320,38,2,446.0,509.0,63.0
98321,28,2,583.0,629.0,46.0
98322,38,2,470.0,533.0,63.0
98323,38,2,577.0,642.0,65.0
98324,38,2,486.0,549.0,63.0
98325,38,2,597.0,660.0,63.0
98326,38,2,526.0,589.0,63.0
98327,38,2,627.0,690.0,63.0
98328,38,2,547.0,612.0,65.0
98329,28,2,655.0,703.0,48.0
98330,38,2,560.0,623.0,63.0
98331,38,2,660.0,723.0,63.0
98332,38,2,579.0,642.0,63.0
98333,38,2,677.0,740.0,63.0
98334,28,2,598.0,643.0,45.0
98335,38,2,689.0,754.0,65.0
98336,38,2,612.0,677.0,65.0
98337,38,2,737.0,800.0,63.0
98338,28,2,638.0,683.0,45.0
98339,38,2,750.0,814.0,64.0
98340,28,2,650.0,695.0,45.0
98341,38,2,789.0,852.0,63.0
98342,38,2,669.0,733.0,64.0
98343,38,2,813.0,876.0,63.0
98344,38,2,698.0,761.0,63.0
98345,38,2,829.0,893.0,64.0
98346,38,2,718.0,781.0,63.0
98347,38,2,861.0,924.0,63.0
98348,38,2,734.0,797.0,63.0
98349,38,2,877.0,941.0,64.0
98350,38,2,750.0,814.0,64.0
98351,38,2,889.0,953.0,64.0
98352,38,2,761.0,825.0,64.0
98353,38,2,929.0,994.0,65.0
98354,38,2,810.0,873.0,63.0
98355,28,2,967.0,1013.0,46.0
98356,38,2,830.0,893.0,63.0
98357,38,2,988.0,1051.0,63.0
98358,38,2,866.0,929.0,63.0
98359,38,2,1008.0,1071.0,63.0
98360,38,2,889.0,953.0,64.0
98361,38,2,1020.0,1083.0,63.0
98362,38,2,904.0,968.0,64.0
98363,38,2,1036.0,1099.0,63.0
98364,28,2,937.0,985.0,48.0
98365,38,2,1085.0,1149.0,64.0
98366,38,2,949.0,1012.0,63.0
98367,28,2,1141.0,1187.0,46.0
98368,38,2,967.0,1032.0,65.0
98369,38,2,1142.0,1205.0,63.0
98370,38,2,984.0,1048.0,64.0
98371,38,2,1156.0,1219.0,63.0
98372,38,2,1002.0,1069.0,67.0
98373,38,2,1177.0,1241.0,64.0
98374,38,2,1024.0,1088.0,64.0
98375,38,2,1200.0,1265.0,65.0
98376,38,2,1059.0,1122.0,63.0
98377,38,2,1226.0,1289.0,63.0
98378,38,2,1079.0,1144.0,65.0
98379,38,2,1278.0,1342.0,64.0
98380,38,2,1094.0,1160.0,66.0
98381,38,2,1298.0,1363.0,65.0
98382,38,2,1109.0,1172.0,63.0
98384,28,2,1163.0,1208.0,45.0
98386,38,2,1197.0,1260.0,63.0
98388,38,2,1215.0,1282.0,67.0
98390,38,2,1230.0,1294.0,64.0
98392,38,2,1248.0,1311.0,63.0
98394,38,2,1275.0,1338.0,63.0
98500,28,2,240.0,288.0,48.0
98501,28,2,438.0,485.0,47.0
98502,28,2,256.0,304.0,48.0
98503,28,2,456.0,504.0,48.0
98504,28,2,278.0,326.0,48.0
98505,28,2,493.0,540.0,47.0
98506,28,2,304.0,352.0,48.0
98507,19,2,547.0,576.0,29.0
98508,28,2,320.0,368.0,48.0
98509,28,2,549.0,597.0,48.0
98510,28,2,336.0,384.0,48.0
98511,28,2,561.0,608.0,47.0
98512,28,2,348.0,396.0,48.0
98513,28,2,573.0,621.0,48.0
98514,19,2,364.0,394.0,30.0
98515,28,2,589.0,636.0,47.0
98516,28,2,429.0,477.0,48.0
98517,28,2,608.0,655.0,47.0
98518,28,2,437.0,485.0,48.0
98519,28,2,616.0,664.0,48.0
98520,28,2,452.0,500.0,48.0
98521,28,2,634.0,682.0,48.0
98522,28,2,493.0,541.0,48.0
98523,28,2,645.0,692.0,47.0
98524,28,2,516.0,565.0,49.0
98525,28,2,656.0,703.0,47.0
98526,28,2,555.0,604.0,49.0
98527,19,2,691.0,720.0,29.0
98528,28,2,583.0,631.0,48.0
98529,28,2,765.0,812.0,47.0
98530,28,2,604.0,652.0,48.0
98531,28,2,781.0,828.0,47.0
98532,28,2,617.0,665.0,48.0
98533,28,2,817.0,864.0,47.0
98535,28,2,945.0,992.0,47.0
98537,28,2,973.0,1020.0,47.0
98538,19,2,821.0,851.0,30.0
98539,28,2,1000.0,1047.0,47.0
98540,28,2,837.0,885.0,48.0
98541,28,2,1028.0,1075.0,47.0
98543,28,2,1045.0,1093.0,48.0
98544,28,2,877.0,925.0,48.0
98545,28,2,1061.0,1110.0,49.0
98546,19,2,925.0,955.0,30.0
98547,28,2,1073.0,1122.0,49.0
98548,28,2,935.0,983.0,48.0
98549,28,2,1096.0,1143.0,47.0
98550,28,2,948.0,996.0,48.0
98551,28,2,1113.0,1161.0,48.0
98552,28,2,976.0,1024.0,48.0
98553,28,2,1127.0,1176.0,49.0
98554,28,2,992.0,1040.0,48.0
98555,28,2,1164.0,1212.0,48.0
98556,28,2,1007.0,1056.0,49.0
98557,28,2,1187.0,1234.0,47.0
98558,19,2,1015.0,1045.0,30.0
98559,28,2,1239.0,1286.0,47.0
98560,28,2,1028.0,1076.0,48.0
98561,28,2,1265.0,1312.0,47.0
98562,19,2,1036.0,1066.0,30.0
98563,28,2,1286.0,1334.0,48.0
98564,28,2,1055.0,1103.0,48.0
98565,28,2,1312.0,1359.0,47.0
98566,28,2,1082.0,1130.0,48.0
98567,28,2,1329.0,1376.0,47.0
98568,28,2,1106.0,1156.0,50.0
98569,28,2,1342.0,1389.0,47.0
98570,19,2,1118.0,1150.0,32.0
98571,28,2,1358.0,1405.0,47.0
98572,28,2,1137.0,1187.0,50.0
98573,28,2,1399.0,6.0,47.0
98574,28,2,1152.0,1200.0,48.0
98575,28,2,1418.0,25.0,47.0
98576,28,2,1170.0,1218.0,48.0
98577,28,2,1435.0,42.0,47.0
98578,19,2,1191.0,1221.0,30.0
98580,19,2,1229.0,1260.0,31.0
98600,21,2,480.0,521.0,41.0
98601,21,2,424.0,468.0,44.0
98602,21,2,532.0,573.0,41.0
98603,21,2,477.0,521.0,44.0
98604,17,2,549.0,585.0,36.0
98605,17,2,513.0,546.0,33.0
98700,10,2,55.0,75.0,20.0
98701,10,2,267.0,287.0,20.0
98702,10,2,339.0,360.0,21.0
98703,10,2,295.0,315.0,20.0
98704,10,2,367.0,388.0,21.0
98705,10,2,312.0,332.0,20.0
98706,10,2,391.0,412.0,21.0
98707,10,2,326.0,346.0,20.0
98708,10,2,403.0,424.0,21.0
98709,10,2,352.0,372.0,20.0
98710,10,2,425.0,446.0,21.0
98711,10,2,376.0,396.0,20.0
98712,10,2,448.0,469.0,21.0
98713,10,2,400.0,420.0,20.0
98714,10,2,472.0,493.0,21.0
98715,10,2,429.0,449.0,20.0
98716,10,2,504.0,525.0,21.0
98717,10,2,460.0,480.0,20.0
98718,10,2,532.0,553.0,21.0
98719,10,2,481.0,501.0,20.0
98720,10,2,556.0,577.0,21.0
98721,10,2,517.0,537.0,20.0
98722,10,2,580.0,601.0,21.0
98723,10,2,541.0,561.0,20.0
98724,10,2,613.0,634.0,21.0
98725,10,2,565.0,585.0,20.0
98726,10,2,639.0,660.0,21.0
98727,10,2,593.0,613.0,20.0
98728,10,2,668.0,689.0,21.0
98729,10,2,620.0,640.0,20.0
98730,10,2,693.0,714.0,21.0
98731,10,2,648.0,668.0,20.0
98732,10,2,720.0,741.0,21.0
98733,10,2,673.0,693.0,20.0
98734,10,2,752.0,773.0,21.0
98735,10,2,705.0,726.0,21.0
98736,10,2,780.0,801.0,21.0
98737,10,2,733.0,753.0,20.0
98738,10,2,808.0,829.0,21.0
98739,10,2,777.0,797.0,20.0
98740,10,2,856.0,877.0,21.0
98741,10,2,805.0,825.0,20.0
98742,10,2,880.0,901.0,21.0
98743,10,2,834.0,854.0,20.0
98744,10,2,912.0,933.0,21.0
98745,10,2,865.0,885.0,20.0
98746,10,2,940.0,960.0,20.0
98747,10,2,893.0,913.0,20.0
98748,10,2,968.0,988.0,20.0
98749,10,2,921.0,941.0,20.0
98750,10,2,998.0,1019.0,21.0
98751,10,2,949.0,969.0,20.0
98752,10,2,1023.0,1044.0,21.0
98753,10,2,978.0,998.0,20.0
98754,10,2,1052.0,1073.0,21.0
98755,10,2,1004.0,1024.0,20.0
98756,10,2,1076.0,1097.0,21.0
98757,10,2,1032.0,1052.0,20.0
98758,10,2,1105.0,1126.0,21.0
98759,10,2,1057.0,1077.0,20.0
98760,10,2,1129.0,1149.0,20.0
98761,10,2,1088.0,1108.0,20.0
98762,10,2,1159.0,1180.0,21.0
98763,10,2,1116.0,1136.0,20.0
98764,10,2,1188.0,1208.0,20.0
98765,10,2,1138.0,1158.0,20.0
98766,10,2,1209.0,1229.0,20.0
98767,10,2,1152.0,1172.0,20.0
98768,10,2,1226.0,1248.0,22.0
98769,10,2,1183.0,1203.0,20.0
98770,10,2,1257.0,1278.0,21.0
98771,10,2,1211.0,1231.0,20.0
98772,10,2,1282.0,1302.0,20.0
98773,10,2,1232.0,1253.0,21.0
98774,10,2,1310.0,1330.0,20.0
98775,10,2,1270.0,1290.0,20.0
98776,10,2,1349.0,1369.0,20.0
98777,10,2,1306.0,1326.0,20.0
98778,10,2,1379.0,1399.0,20.0
98779,10,2,1334.0,1354.0,20.0
98780,10,2,1411.0,1431.0,20.0
98781,10,2,1361.0,1381.0,20.0
98782,10,2,1433.0,13.0,20.0
98783,10,2,1387.0,1407.0,20.0
98784,10,2,18.0,38.0,20.0
98785,10,2,1423.0,3.0,20.0
98800,10,2,258.0,279.0,21.0
98801,10,2,17.0,45.0,28.0
98802,10,2,278.0,299.0,21.0
98803,10,2,41.0,69.0,28.0
98804,10,2,301.0,322.0,21.0
98805,10,2,283.0,303.0,20.0
98806,10,2,326.0,347.0,21.0
98807,10,2,304.0,324.0,20.0
98808,10,2,351.0,372.0,21.0
98809,10,2,336.0,356.0,20.0
98810,10,2,383.0,404.0,21.0
98811,10,2,364.0,384.0,20.0
98812,10,2,411.0,432.0,21.0
98813,10,2,392.0,412.0,20.0
98814,10,2,435.0,456.0,21.0
98815,10,2,416.0,437.0,21.0
98816,10,2,460.0,481.0,21.0
98817,10,2,446.0,466.0,20.0
98818,10,2,492.0,513.0,21.0
98819,10,2,473.0,493.0,20.0
98820,10,2,516.0,537.0,21.0
98821,10,2,497.0,517.0,20.0
98822,10,2,540.0,561.0,21.0
98823,10,2,529.0,549.0,20.0
98824,10,2,572.0,593.0,21.0
98825,10,2,553.0,573.0,20.0
98826,10,2,597.0,619.0,22.0
98827,10,2,581.0,601.0,20.0
98828,10,2,624.0,645.0,21.0
98829,10,2,604.0,624.0,20.0
98830,10,2,648.0,669.0,21.0
98831,10,2,637.0,657.0,20.0
98832,10,2,680.0,701.0,21.0
98833,10,2,663.0,683.0,20.0
98834,10,2,708.0,729.0,21.0
98835,10,2,695.0,717.0,22.0
98836,10,2,744.0,765.0,21.0
98837,10,2,718.0,738.0,20.0
98838,10,2,764.0,785.0,21.0
98839,10,2,745.0,765.0,20.0
98840,10,2,796.0,817.0,21.0
98841,10,2,769.0,789.0,20.0
98842,10,2,817.0,838.0,21.0
98843,10,2,793.0,813.0,20.0
98844,10,2,840.0,861.0,21.0
98845,10,2,821.0,841.0,20.0
98846,10,2,868.0,889.0,21.0
98847,10,2,846.0,866.0,20.0
98848,10,2,892.0,913.0,21.0
98849,10,2,881.0,901.0,20.0
98850,10,2,925.0,945.0,20.0
98851,10,2,905.0,925.0,20.0
98852,10,2,952.0,973.0,21.0
98853,10,2,933.0,953.0,20.0
98854,10,2,979.0,1000.0,21.0
98855,10,2,964.0,984.0,20.0
98856,10,2,1006.0,1028.0,22.0
98857,10,2,992.0,1012.0,20.0
98858,10,2,1042.0,1064.0,22.0
98859,10,2,1016.0,1036.0,20.0
98860,10,2,1063.0,1084.0,21.0
98861,10,2,1049.0,1069.0,20.0
98862,10,2,1092.0,1113.0,21.0
98863,10,2,1070.0,1090.0,20.0
98864,10,2,1113.0,1134.0,21.0
98865,10,2,1101.0,1123.0,22.0
98866,10,2,1147.0,1168.0,21.0
98867,10,2,1130.0,1150.0,20.0
98868,10,2,1173.0,1194.0,21.0
98869,10,2,1168.0,1188.0,20.0
98870,10,2,1214.0,1235.0,21.0
98871,10,2,1197.0,1217.0,20.0
98872,10,2,1244.0,1265.0,21.0
98873,10,2,1222.0,1244.0,22.0
98874,10,2,1268.0,1290.0,22.0
98875,10,2,1254.0,1274.0,20.0
98876,10,2,1297.0,1317.0,20.0
98877,10,2,1282.0,1302.0,20.0
98878,10,2,1326.0,1346.0,20.0
98879,10,2,1294.0,1315.0,21.0
98880,10,2,1338.0,1358.0,20.0
98881,10,2,1320.0,1340.0,20.0
98882,10,2,1363.0,1383.0,20.0
98883,10,2,1346.0,1366.0,20.0
98884,10,2,1396.0,1416.0,20.0
98885,10,2,1375.0,1395.0,20.0
98886,10,2,1419.0,1439.0,20.0
98887,10,2,1403.0,1423.0,20.0
98900,40,2,484.0,550.0,66.0
98901,39,2,357.0,417.0,60.0
98902,40,2,548.0,618.0,70.0
98903,39,2,419.0,478.0,59.0
98904,40,2,601.0,670.0,69.0
98905,39,2,460.0,519.0,59.0
98906,40,2,767.0,833.0,66.0
98907,39,2,647.0,706.0,59.0
98908,40,2,1119.0,1187.0,68.0
98909,39,2,993.0,1053.0,60.0
98910,40,2,1142.0,1209.0,67.0
98911,39,2,1021.0,1080.0,59.0
98912,40,2,1177.0,1247.0,70.0
98913,40,3,1049.0,1119.0,70.0
98914,40,2,1240.0,1308.0,68.0
98915,40,2,1111.0,1183.0,72.0
98916,40,2,1294.0,1360.0,66.0
98917,40,3,1170.0,1240.0,70.0
99000,34,2,275.0,329.0,54.0
99001,34,2,380.0,433.0,53.0
99002,34,2,333.0,386.0,53.0
99003,34,2,425.0,478.0,53.0
99004,34,2,379.0,432.0,53.0
99005,34,2,483.0,536.0,53.0
99006,34,2,415.0,471.0,56.0
99007,34,2,540.0,589.0,49.0
99008,34,2,444.0,497.0,53.0
99009,34,2,554.0,607.0,53.0
99010,34,2,486.0,532.0,46.0
99011,34,2,600.0,653.0,53.0
99012,34,2,556.0,610.0,54.0
99013,34,2,671.0,724.0,53.0
99014,34,2,601.0,655.0,54.0
99015,34,2,727.0,782.0,55.0
99016,34,2,628.0,681.0,53.0
99017,34,2,770.0,823.0,53.0
99018,34,2,665.0,718.0,53.0
99019,34,2,793.0,846.0,53.0
99020,34,2,733.0,786.0,53.0
99021,34,2,855.0,911.0,56.0
99022,34,2,792.0,845.0,53.0
99023,34,2,929.0,982.0,53.0
99024,34,2,836.0,889.0,53.0
99025,34,2,998.0,1051.0,53.0
99026,34,2,856.0,909.0,53.0
99027,34,2,1040.0,1093.0,53.0
99028,34,2,919.0,972.0,53.0
99029,34,2,1070.0,1123.0,53.0
99030,34,2,997.0,1050.0,53.0
99031,34,2,1114.0,1167.0,53.0
99032,34,2,1062.0,1115.0,53.0
99033,34,2,1154.0,1203.0,49.0
99034,34,2,1106.0,1152.0,46.0
99035,34,2,1190.0,1243.0,53.0
99036,34,2,1132.0,1185.0,53.0
99037,34,2,1245.0,1299.0,54.0
99038,34,2,1175.0,1228.0,53.0
99039,34,2,1294.0,1347.0,53.0
99040,34,2,1212.0,1265.0,53.0
99041,34,2,1372.0,1425.0,53.0
99042,34,2,1312.0,1365.0,53.0
99100,23,2,309.0,349.0,40.0
99101,23,2,640.0,679.0,39.0
99102,23,2,421.0,460.0,39.0
99103,23,2,1211.0,1250.0,39.0
99104,23,2,916.0,955.0,39.0
99105,23,2,1279.0,1319.0,40.0
99107,23,2,1399.0,1439.0,40.0
99200,20,2,380.0,412.0,32.0
99201,20,2,340.0,372.0,32.0
99202,20,2,413.0,445.0,32.0
99203,20,2,368.0,400.0,32.0
99204,20,2,450.0,482.0,32.0
99205,20,2,405.0,437.0,32.0
99206,20,2,486.0,518.0,32.0
99207,20,2,446.0,478.0,32.0
99208,20,2,515.0,547.0,32.0
99209,20,2,467.0,499.0,32.0
99210,20,2,535.0,567.0,32.0
99211,20,2,495.0,527.0,32.0
99212,20,2,550.0,582.0,32.0
99213,20,2,509.0,541.0,32.0
99214,20,2,571.0,603.0,32.0
99215,20,2,531.0,563.0,32.0
99216,20,2,616.0,648.0,32.0
99217,20,2,574.0,606.0,32.0
99218,20,2,660.0,692.0,32.0
99219,20,2,618.0,650.0,32.0
99220,20,2,699.0,732.0,33.0
99221,20,2,656.0,688.0,32.0
99222,20,2,728.0,760.0,32.0
99223,20,2,688.0,720.0,32.0
99224,20,2,782.0,814.0,32.0
99225,20,2,742.0,774.0,32.0
99226,20,2,865.0,897.0,32.0
99227,20,2,820.0,852.0,32.0
99228,20,2,917.0,949.0,32.0
99229,20,2,877.0,909.0,32.0
99230,20,2,955.0,989.0,34.0
99231,20,2,905.0,937.0,32.0
99232,20,2,995.0,1027.0,32.0
99233,20,2,955.0,987.0,32.0
99234,20,2,1010.0,1042.0,32.0
99235,20,2,970.0,1002.0,32.0
99236,20,2,1052.0,1084.0,32.0
99237,20,2,1011.0,1043.0,32.0
99238,20,2,1068.0,1100.0,32.0
99239,20,2,1027.0,1059.0,32.0
99240,20,2,1103.0,1135.0,32.0
99241,20,2,1051.0,1083.0,32.0
99242,20,2,1135.0,1167.0,32.0
99243,20,2,1092.0,1124.0,32.0
99244,20,2,1173.0,1205.0,32.0
99245,20,2,1133.0,1165.0,32.0
99246,20,2,1207.0,1239.0,32.0
99247,20,2,1161.0,1193.0,32.0
99248,20,2,1222.0,1255.0,33.0
99249,20,2,1179.0,1211.0,32.0
99250,20,2,1275.0,1307.0,32.0
99251,20,2,1235.0,1267.0,32.0
99252,20,2,1300.0,1332.0,32.0
99253,20,2,1258.0,1290.0,32.0
99254,20,2,1380.0,1412.0,32.0
99255,20,2,1335.0,1367.0,32.0
99400,18,2,335.0,363.0,28.0
99401,18,2,330.0,358.0,28.0
99402,18,2,345.0,373.0,28.0
99403,18,2,356.0,384.0,28.0
99404,18,2,366.0,394.0,28.0
99405,18,2,374.0,402.0,28.0
99406,18,2,392.0,420.0,28.0
99407,18,2,400.0,428.0,28.0
99408,18,2,412.0,440.0,28.0
99409,18,2,419.0,447.0,28.0
99410,18,2,437.0,465.0,28.0
99411,18,2,437.0,465.0,28.0
99412,18,2,460.0,488.0,28.0
99413,18,2,454.0,482.0,28.0
99414,18,2,474.0,502.0,28.0
99415,18,2,475.0,503.0,28.0
99416,18,2,496.0,524.0,28.0
99417,18,2,490.0,518.0,28.0
99418,18,2,511.0,539.0,28.0
99419,18,2,504.0,532.0,28.0
99420,18,2,528.0,557.0,29.0
99421,18,2,524.0,552.0,28.0
99422,18,2,545.0,573.0,28.0
99423,18,2,548.0,576.0,28.0
99424,18,2,560.0,588.0,28.0
99425,18,2,564.0,592.0,28.0
99426,18,2,587.0,616.0,29.0
99427,18,2,579.0,607.0,28.0
99428,18,2,600.0,628.0,28.0
99429,18,2,590.0,619.0,29.0
99430,18,2,615.0,643.0,28.0
99431,18,2,611.0,639.0,28.0
99432,18,2,632.0,660.0,28.0
99433,18,2,629.0,657.0,28.0
99434,18,2,647.0,675.0,28.0
99435,18,2,649.0,677.0,28.0
99436,18,2,670.0,698.0,28.0
99437,18,2,663.0,691.0,28.0
99438,18,2,685.0,713.0,28.0
99439,18,2,682.0,710.0,28.0
99440,18,2,699.0,727.0,28.0
99441,18,2,702.0,730.0,28.0
99442,18,2,720.0,748.0,28.0
99443,18,2,720.0,748.0,28.0
99444,18,2,742.0,770.0,28.0
99445,18,2,733.0,761.0,28.0
99446,18,2,770.0,798.0,28.0
99447,18,2,755.0,784.0,29.0
99448,18,2,800.0,828.0,28.0
99449,18,2,780.0,809.0,29.0
99450,18,2,825.0,853.0,28.0
99451,18,2,807.0,836.0,29.0
99452,18,2,844.0,872.0,28.0
99453,18,2,840.0,869.0,29.0
99454,18,2,886.0,914.0,28.0
99455,18,2,860.0,888.0,28.0
99456,18,2,905.0,933.0,28.0
99457,18,2,896.0,924.0,28.0
99458,18,2,935.0,963.0,28.0
99459,18,2,920.0,948.0,28.0
99460,18,2,956.0,984.0,28.0
99461,18,2,940.0,968.0,28.0
99462,18,2,976.0,1004.0,28.0
99463,18,2,965.0,993.0,28.0
99464,18,2,990.0,1018.0,28.0
99465,18,2,984.0,1012.0,28.0
99466,18,2,1005.0,1033.0,28.0
99467,18,2,1003.0,1032.0,29.0
99468,18,2,1027.0,1055.0,28.0
99469,18,2,1020.0,1048.0,28.0
99470,18,2,1044.0,1072.0,28.0
99471,18,2,1045.0,1073.0,28.0
99472,18,2,1062.0,1090.0,28.0
99473,18,2,1060.0,1088.0,28.0
99474,18,2,1081.0,1109.0,28.0
99475,18,2,1080.0,1108.0,28.0
99476,18,2,1096.0,1124.0,28.0
99477,18,2,1097.0,1125.0,28.0
99478,18,2,1116.0,1144.0,28.0
99479,18,2,1109.0,1137.0,28.0
99480,18,2,1133.0,1161.0,28.0
99481,18,2,1125.0,1153.0,28.0
99482,18,2,1146.0,1174.0,28.0
99483,18,2,1145.0,1173.0,28.0
99484,18,2,1165.0,1193.0,28.0
99485,18,2,1168.0,1196.0,28.0
99486,18,2,1186.0,1214.0,28.0
99487,18,2,1185.0,1213.0,28.0
99488,18,2,1205.0,1233.0,28.0
99489,18,2,1200.0,1230.0,30.0
99490,18,2,1222.0,1251.0,29.0
99491,18,2,1222.0,1250.0,28.0
99492,18,2,1240.0,1268.0,28.0
99493,18,2,1251.0,1279.0,28.0
99494,18,2,1259.0,1287.0,28.0
99495,18,2,1268.0,1357.0,89.0
99496,18,2,1290.0,1318.0,28.0
99497,18,2,1315.0,1344.0,29.0
99498,18,2,1320.0,1348.0,28.0
99499,18,2,1345.0,1374.0,29.0
99500,18,2,1355.0,1383.0,28.0
99501,18,2,1359.0,1388.0,29.0
99502,18,2,1390.0,1418.0,28.0
99503,18,2,1425.0,14.0,29.0
99801,63,17,320.0,400.0,80.0
99802,63,17,10.0,110.0,100.0
99803,63,17,390.0,475.0,85.0
99804,63,17,285.0,365.0,80.0
99805,63,17,445.0,530.0,85.0
99806,63,17,345.0,430.0,85.0
99807,63,17,500.0,585.0,85.0
99808,63,17,390.0,475.0,85.0
99809,63,17,610.0,715.0,105.0
99810,63,17,485.0,570.0,85.0
99811,63,17,690.0,775.0,85.0
99812,63,17,595.0,680.0,85.0
99813,63,17,840.0,925.0,85.0
99814,61,16,680.0,758.0,78.0
99815,63,17,890.0,975.0,85.0
99816,63,17,735.0,825.0,90.0
99817,63,17,940.0,1025.0,85.0
99818,63,17,780.0,860.0,80.0
99819,63,17,1045.0,1130.0,85.0
99820,63,17,900.0,985.0,85.0
99821,63,17,1100.0,1185.0,85.0
99822,63,17,985.0,1070.0,85.0
99823,61,12,1140.0,1225.0,85.0
99824,63,17,1035.0,1120.0,85.0
99825,63,17,1175.0,1255.0,80.0
99826,63,17,1082.0,1167.0,85.0
99827,63,17,1240.0,1320.0,80.0
99828,63,17,1145.0,1230.0,85.0
99829,63,17,1295.0,1375.0,80.0
99830,63,17,1205.0,1285.0,80.0
99831,63,17,1325.0,1405.0,80.0
99832,61,16,1235.0,1313.0,78.0
99833,63,17,1355.0,20.0,105.0
99834,63,17,1262.0,1343.0,81.0
99835,63,17,1420.0,95.0,115.0
99836,63,17,1330.0,1410.0,80.0
99901,34,12,5.0,75.0,70.0
99902,34,12,410.0,460.0,50.0
99903,34,12,470.0,520.0,50.0
99904,34,12,537.0,587.0,50.0
99905,31,11,597.0,640.0,43.0
99906,34,12,940.0,990.0,50.0
99907,34,12,998.0,1050.0,52.0
99908,34,12,1380.0,1430.0,50.0
